order_id,user_id,order_time,product_id,quantity,revenue
1,2,2025-02-03 15:35:22,435,1,4498.66
2,3,2025-01-05 06:38:24,117,1,1496.44
3,8,2025-02-10 22:08:51,488,1,32780.58
4,10,2025-02-05 13:13:57,315,1,33862.07
5,12,2025-06-14 20:12:04,493,3,51830.88
6,15,2025-01-18 04:16:11,358,2,16075.36
7,15,2025-02-06 16:52:15,250,2,41601.96
8,18,2025-01-07 17:12:00,267,1,20054.79
9,18,2025-01-22 04:56:14,98,1,12583.05
10,19,2025-01-06 00:26:00,139,1,1008.61
11,19,2025-01-12 23:58:50,109,1,13239.59
12,19,2025-01-22 19:06:39,338,2,176257.5
13,19,2025-02-08 23:11:15,150,2,39612.3
14,23,2025-04-16 06:37:02,22,3,37771.14
15,23,2025-04-25 12:38:24,221,1,14298.27
16,25,2025-02-03 10:30:45,21,2,28332.0
17,25,2025-02-16 11:37:03,158,1,2196.76
18,31,2025-04-23 17:26:05,56,1,29155.33
19,33,2025-03-09 17:31:22,318,1,19551.59
20,39,2025-01-18 11:50:37,173,1,3095.58
21,42,2025-02-08 17:31:22,242,1,9285.39
22,43,2025-05-19 08:07:31,165,1,1732.53
23,45,2025-03-13 22:23:21,361,1,13985.68
24,47,2025-02-15 01:16:35,387,1,28854.36
25,48,2025-02-14 05:30:38,238,1,20295.06
26,53,2025-03-18 23:07:33,88,1,38903.03
27,53,2025-04-06 01:09:06,86,1,95739.09
28,54,2025-02-11 13:50:15,456,1,19874.65
29,55,2025-03-14 03:39:43,3,2,20189.34
30,57,2025-03-15 19:04:47,420,1,3770.66
31,58,2025-05-27 12:37:06,467,1,82011.77
32,62,2025-06-11 05:48:43,250,1,20800.98
33,63,2025-04-03 05:04:10,442,2,54055.28
34,63,2025-04-20 05:07:42,105,1,7627.67
35,64,2025-04-29 10:01:32,120,1,19023.98
36,65,2025-02-01 13:57:59,372,1,1314.03
37,70,2025-03-24 16:38:34,23,1,24086.36
38,72,2025-05-11 04:26:55,232,2,6427.8
39,74,2025-06-28 10:03:09,58,1,33150.95
40,83,2025-02-28 03:27:32,280,1,16802.32
41,87,2025-06-17 00:18:00,106,1,4353.63
42,94,2025-05-04 14:39:41,418,1,16621.38
43,94,2025-05-17 21:17:52,4,2,221973.92
44,95,2025-06-13 00:03:02,16,1,4159.96
45,102,2025-03-01 21:55:13,424,2,28340.3
46,104,2025-06-03 05:58:16,144,1,21135.77
47,105,2025-05-24 09:20:29,341,2,8933.94
48,105,2025-05-29 22:58:27,262,1,37057.19
49,106,2025-01-14 00:22:46,271,1,35581.83
50,110,2025-05-16 07:08:51,456,1,19874.65
51,119,2025-05-14 16:12:43,21,1,14166.0
52,124,2025-06-27 16:13:09,353,1,14609.61
53,130,2025-01-14 02:00:24,400,1,24109.01
54,132,2025-03-06 00:52:52,255,1,3001.4
55,139,2025-06-21 01:50:32,488,2,65561.16
56,139,2025-06-29 16:54:39,38,1,12400.94
57,141,2025-03-04 07:11:59,149,2,20632.22
58,141,2025-03-22 06:04:45,152,1,7223.67
59,142,2025-02-24 23:09:40,272,1,11789.2
60,144,2025-04-08 19:47:06,463,1,6385.22
61,151,2025-02-24 17:05:41,128,2,15161.9
62,152,2025-01-31 23:38:53,17,1,20450.91
63,159,2025-04-27 01:33:16,259,2,19098.98
64,162,2025-04-27 23:59:47,127,1,37875.42
65,163,2025-03-24 10:29:35,72,1,43803.67
66,166,2025-01-30 01:56:37,374,1,10459.29
67,166,2025-02-19 15:03:58,55,1,24029.51
68,166,2025-03-09 16:10:44,232,1,3213.9
69,168,2025-04-13 03:03:29,60,1,5108.13
70,170,2025-05-28 17:59:29,69,1,7709.45
71,173,2025-01-31 18:46:30,426,2,49446.32
72,175,2025-05-02 19:56:57,38,1,12400.94
73,182,2025-03-22 18:19:53,473,2,2148.98
74,185,2025-04-16 19:46:49,91,1,115829.28
75,199,2025-06-07 09:29:59,202,1,2128.85
76,201,2025-03-08 16:43:59,437,1,1479.71
77,201,2025-03-29 02:16:57,206,1,23007.56
78,204,2025-04-03 16:46:01,270,1,514.56
79,217,2025-01-28 01:13:08,291,1,1193.57
80,220,2025-03-02 06:39:34,96,1,1401.59
81,221,2025-06-20 23:33:38,480,1,35487.49
82,222,2025-05-12 04:15:05,81,1,47864.88
83,230,2025-04-15 12:13:57,219,2,5071.08
84,231,2025-06-08 11:10:28,141,2,156012.88
85,231,2025-06-14 18:09:48,415,1,4695.16
86,233,2025-05-02 21:53:22,437,1,1479.71
87,233,2025-05-11 16:37:24,235,1,42017.2
88,234,2025-06-28 11:06:36,46,1,115208.75
89,235,2025-01-01 23:26:32,330,1,3233.01
90,238,2025-06-12 19:19:25,466,1,31559.05
91,238,2025-06-22 00:58:18,238,1,20295.06
92,241,2025-04-04 12:24:26,345,1,24246.2
93,250,2025-04-24 09:20:38,287,1,5328.56
94,250,2025-05-23 11:01:08,427,2,8625.32
95,255,2025-06-20 20:13:37,158,2,4393.52
96,256,2025-02-08 23:29:11,369,1,14392.59
97,259,2025-05-30 22:04:39,61,1,102219.65
98,263,2025-04-03 21:08:13,432,2,33114.2
99,266,2025-02-21 11:46:34,131,2,20407.46
100,272,2025-05-08 08:24:48,224,1,14553.13
101,277,2025-05-20 04:55:24,487,2,34249.2
102,283,2025-04-16 15:00:42,263,1,38988.81
103,285,2025-04-22 04:25:45,74,1,24393.36
104,288,2025-02-19 05:44:38,299,2,18370.88
105,290,2025-01-13 14:32:58,434,1,94224.67
106,290,2025-01-18 12:19:14,188,2,1263.54
107,296,2025-05-07 14:55:39,276,1,4843.01
108,301,2025-05-30 23:03:30,353,1,14609.61
109,305,2025-06-26 02:10:00,212,1,105203.42
110,306,2025-01-08 17:30:14,382,1,17566.23
111,313,2025-05-11 22:33:04,173,2,6191.16
112,314,2025-04-12 21:19:59,426,1,24723.16
113,316,2025-04-18 06:51:58,77,1,70509.53
114,317,2025-01-27 19:35:13,84,1,2448.39
115,318,2025-05-26 11:46:11,252,1,5818.59
116,319,2025-06-28 02:20:44,243,1,2252.58
117,325,2025-04-05 10:45:20,146,1,9446.45
118,325,2025-04-12 08:12:41,43,2,23464.6
119,328,2025-02-14 04:07:12,283,2,77262.88
120,331,2025-05-15 02:14:57,460,2,82657.34
121,331,2025-06-11 18:13:12,478,1,37666.35
122,333,2025-03-13 20:46:41,247,1,9897.75
123,335,2025-03-22 01:40:20,267,1,20054.79
124,336,2025-04-04 13:47:34,127,1,37875.42
125,340,2025-05-15 19:36:11,130,2,32537.78
126,341,2025-05-25 00:56:17,470,1,1252.58
127,342,2025-05-13 12:50:43,16,2,8319.92
128,343,2025-01-21 16:25:03,4,1,110986.96
129,343,2025-01-27 06:03:20,298,1,12693.22
130,347,2025-03-15 08:27:57,353,1,14609.61
131,352,2025-02-14 04:20:34,58,1,33150.95
132,353,2025-02-27 13:08:34,427,1,4312.66
133,353,2025-03-21 09:01:28,95,1,14154.76
134,354,2025-04-18 08:14:37,492,1,8731.65
135,354,2025-05-11 02:57:33,430,2,49290.8
136,355,2025-04-01 17:48:55,63,1,8572.39
137,357,2025-04-03 22:31:56,314,1,6987.52
138,360,2025-03-31 05:55:01,467,1,82011.77
139,366,2025-06-09 05:55:35,195,1,17742.05
140,373,2025-05-11 22:56:12,441,1,1146.71
141,378,2025-06-19 12:00:27,168,1,9504.82
142,381,2025-03-25 22:39:14,127,1,37875.42
143,388,2025-06-28 23:45:16,382,1,17566.23
144,389,2025-01-13 15:55:10,189,2,19184.4
145,389,2025-01-25 04:22:24,197,1,1108.19
146,390,2025-02-02 01:22:02,496,1,31539.91
147,391,2025-04-02 10:57:57,448,1,18494.26
148,393,2025-03-20 02:31:48,373,1,4993.75
149,396,2025-06-02 03:14:03,106,1,4353.63
150,399,2025-03-08 17:11:14,450,1,7501.43
151,404,2025-04-19 21:48:44,284,1,10670.32
152,406,2025-05-20 15:15:58,289,1,116522.54
153,412,2025-01-26 05:29:06,400,1,24109.01
154,413,2025-04-26 14:10:37,448,2,36988.52
155,415,2025-04-30 10:16:44,302,2,77553.1
156,416,2025-02-07 15:49:36,423,1,19615.97
157,418,2025-03-02 23:00:11,282,3,3339.9
158,426,2025-04-18 20:48:58,278,2,25853.4
159,426,2025-05-05 12:03:27,434,2,188449.34
160,426,2025-05-27 04:40:37,193,2,66056.82
161,429,2025-04-25 05:21:56,244,1,3774.78
162,431,2025-06-15 09:51:24,180,1,22619.63
163,433,2025-02-05 18:10:35,367,2,11491.14
164,434,2025-05-10 05:30:22,14,2,7805.74
165,435,2025-01-17 23:39:03,193,1,33028.41
166,443,2025-02-17 12:37:33,93,2,11548.06
167,445,2025-05-09 08:54:11,7,2,2817.88
168,448,2025-01-16 08:32:47,311,1,90815.28
169,450,2025-05-11 11:57:51,327,1,8222.53
170,451,2025-05-29 03:30:54,460,1,41328.67
171,460,2025-02-16 10:12:37,341,1,4466.97
172,460,2025-03-04 16:21:04,325,1,13982.87
173,462,2025-03-18 06:23:59,363,1,38026.37
174,464,2025-05-12 19:38:32,100,1,17574.95
175,469,2025-05-26 06:09:59,219,1,2535.54
176,470,2025-01-18 06:44:50,137,1,47310.53
177,471,2025-01-03 05:23:56,390,1,3926.05
178,473,2025-05-01 23:22:31,12,1,10398.85
179,474,2025-04-23 05:15:52,373,1,4993.75
180,477,2025-05-01 23:42:24,399,1,17727.09
181,485,2025-06-23 19:34:19,378,1,15995.17
182,487,2025-05-04 07:33:01,55,2,48059.02
183,488,2025-03-04 08:27:53,136,1,2438.57
184,492,2025-04-16 23:44:16,80,2,248248.7
185,501,2025-06-08 14:14:36,212,1,105203.42
186,504,2025-05-10 15:57:38,493,1,17276.96
187,511,2025-01-22 00:24:35,185,1,12990.29
188,513,2025-04-21 20:45:18,320,2,67121.52
189,515,2025-02-25 05:09:59,305,1,2454.31
190,529,2025-06-25 23:36:49,256,1,547.58
191,531,2025-06-25 01:14:51,59,2,86933.94
192,535,2025-04-16 04:35:03,29,2,147676.4
193,538,2025-01-12 04:00:29,412,1,2747.39
194,542,2025-01-27 22:03:24,411,1,2755.99
195,544,2025-02-27 01:12:16,436,1,18344.93
196,545,2025-02-04 03:49:22,38,1,12400.94
197,546,2025-05-25 11:11:35,280,1,16802.32
198,547,2025-04-18 01:03:13,473,2,2148.98
199,548,2025-04-25 07:20:13,249,1,2728.95
200,550,2025-04-05 13:12:20,286,3,9569.94
201,553,2025-01-25 20:37:42,204,1,3831.25
202,553,2025-02-07 23:16:15,119,1,9009.08
203,554,2025-02-02 22:59:13,357,1,136130.58
204,559,2025-05-04 01:11:25,262,1,37057.19
205,560,2025-01-07 13:30:20,22,1,12590.38
206,565,2025-02-10 18:02:25,290,1,4390.34
207,566,2025-04-01 19:32:57,171,2,30188.74
208,566,2025-04-08 13:24:38,470,1,1252.58
209,567,2025-01-26 19:57:41,206,1,23007.56
210,569,2025-03-23 12:39:16,211,2,62017.4
211,582,2025-04-10 17:20:58,108,3,15812.49
212,585,2025-06-24 01:16:19,126,1,15953.08
213,586,2025-06-22 05:09:32,392,1,3931.31
214,586,2025-06-29 01:32:50,315,1,33862.07
215,597,2025-02-07 01:45:19,488,1,32780.58
216,597,2025-02-10 12:30:37,254,1,16059.76
217,601,2025-02-11 22:01:30,150,2,39612.3
218,602,2025-05-27 03:21:12,333,1,4180.46
219,605,2025-06-01 12:58:41,130,1,16268.89
220,615,2025-06-05 15:57:02,117,1,1496.44
221,616,2025-05-17 14:38:59,74,1,24393.36
222,618,2025-03-17 06:03:02,436,3,55034.79
223,620,2025-01-15 13:34:57,433,1,10765.07
224,622,2025-04-05 19:00:04,371,3,70642.59
225,622,2025-04-19 14:03:19,364,1,4874.98
226,624,2025-02-08 02:44:36,145,1,5753.8
227,628,2025-03-16 03:00:50,94,1,9377.5
228,628,2025-03-24 14:49:20,418,1,16621.38
229,631,2025-06-04 22:47:21,305,1,2454.31
230,632,2025-06-20 02:49:57,108,1,5270.83
231,635,2025-01-05 22:46:55,16,1,4159.96
232,636,2025-05-23 04:06:42,119,1,9009.08
233,637,2025-03-05 18:34:13,296,3,324382.23
234,639,2025-03-27 19:13:08,39,1,19720.04
235,642,2025-01-17 19:16:28,275,1,3307.48
236,648,2025-03-22 23:35:04,456,1,19874.65
237,653,2025-01-13 03:16:38,309,1,2510.1
238,656,2025-02-27 18:09:53,373,2,9987.5
239,656,2025-03-17 16:19:02,73,1,3184.93
240,656,2025-03-21 19:50:18,62,1,20430.08
241,660,2025-01-26 22:29:18,32,2,14552.24
242,662,2025-05-03 16:27:50,391,1,7481.06
243,662,2025-05-16 07:01:10,374,1,10459.29
244,663,2025-04-21 02:20:01,45,2,50192.32
245,665,2025-05-25 02:02:24,411,1,2755.99
246,669,2025-05-01 23:13:32,374,1,10459.29
247,675,2025-02-13 09:49:38,281,1,8575.04
248,676,2025-02-19 04:23:17,475,1,11694.47
249,676,2025-02-27 23:49:41,171,1,15094.37
250,681,2025-04-15 11:01:27,9,1,6572.8
251,682,2025-06-30 23:25:29,369,1,14392.59
252,685,2025-06-28 08:12:18,397,2,76277.14
253,687,2025-05-28 11:57:41,192,2,66352.8
254,694,2025-05-31 02:51:08,198,1,7794.51
255,698,2025-03-05 05:59:03,172,1,36415.92
256,704,2025-03-21 23:21:29,322,2,10971.04
257,706,2025-03-03 11:33:14,85,1,67271.34
258,716,2025-03-24 06:35:28,466,1,31559.05
259,718,2025-03-29 11:56:48,480,2,70974.98
260,719,2025-05-12 00:46:44,400,1,24109.01
261,721,2025-06-25 13:44:36,71,1,4426.79
262,723,2025-05-14 21:14:12,205,1,14938.64
263,729,2025-01-03 00:04:55,376,1,14562.53
264,735,2025-04-29 04:40:11,28,1,10248.86
265,736,2025-04-29 12:13:35,4,1,110986.96
266,736,2025-05-06 02:30:05,186,3,15248.49
267,740,2025-03-28 14:00:28,104,1,19691.24
268,743,2025-02-14 11:42:29,13,1,2692.52
269,745,2025-04-05 06:47:32,139,1,1008.61
270,746,2025-06-17 09:34:52,37,1,884.45
271,748,2025-06-26 16:10:16,281,1,8575.04
272,753,2025-03-10 20:33:50,236,1,19589.44
273,754,2025-04-12 09:10:31,107,2,23695.14
274,755,2025-05-09 01:12:48,110,1,18441.82
275,765,2025-02-13 13:13:13,245,1,15399.15
276,765,2025-02-16 21:34:31,314,1,6987.52
277,767,2025-02-22 01:08:12,83,1,20559.25
278,768,2025-02-11 02:53:48,296,1,108127.41
279,770,2025-01-12 01:39:14,191,1,36768.02
280,770,2025-01-19 21:48:06,183,1,5734.14
281,770,2025-01-31 19:13:31,358,1,8037.68
282,771,2025-03-03 13:04:29,218,1,94208.34
283,774,2025-06-24 02:37:19,362,1,539.2
284,776,2025-02-05 18:40:50,246,2,8971.84
285,777,2025-04-06 03:10:11,49,1,3584.0
286,778,2025-03-29 02:01:49,180,1,22619.63
287,779,2025-06-23 07:19:16,274,1,21627.09
288,783,2025-06-22 14:54:21,420,1,3770.66
289,784,2025-05-30 07:26:52,259,2,19098.98
290,785,2025-03-27 21:14:08,482,1,24845.6
291,792,2025-01-09 12:52:33,164,1,100669.41
292,792,2025-01-22 23:51:15,471,1,29952.23
293,793,2025-06-29 13:53:40,92,1,3738.51
294,796,2025-06-06 02:37:12,31,2,4443.28
295,801,2025-02-13 16:49:27,55,1,24029.51
296,806,2025-04-04 22:31:35,478,2,75332.7
297,808,2025-06-09 04:59:13,394,1,20682.69
298,812,2025-01-27 22:26:12,135,1,13650.75
299,820,2025-06-10 20:28:21,67,1,3245.55
300,822,2025-05-30 17:33:56,174,2,5874.68
301,824,2025-03-28 07:09:55,350,1,4462.47
302,825,2025-05-15 03:28:12,224,2,29106.26
303,832,2025-06-27 12:11:32,32,1,7276.12
304,835,2025-06-25 01:47:40,53,1,67150.12
305,836,2025-02-17 03:10:45,51,1,10465.17
306,837,2025-05-26 14:03:10,359,1,7693.07
307,840,2025-04-01 15:09:00,29,1,73838.2
308,847,2025-05-29 10:27:38,7,1,1408.94
309,847,2025-06-08 22:56:54,391,1,7481.06
310,848,2025-06-04 16:58:18,39,1,19720.04
311,852,2025-02-23 15:15:43,475,1,11694.47
312,852,2025-03-15 13:00:44,451,1,6674.43
313,852,2025-03-30 05:54:17,52,1,4983.11
314,857,2025-03-17 00:10:36,128,1,7580.95
315,861,2025-03-18 10:24:24,142,1,10287.19
316,867,2025-02-28 13:12:41,178,1,122025.22
317,868,2025-03-16 06:31:17,295,1,13255.4
318,872,2025-03-10 08:43:23,205,2,29877.28
319,873,2025-01-20 06:06:52,403,2,50781.24
320,874,2025-03-29 16:59:22,409,1,6296.47
321,876,2025-03-13 12:23:44,500,2,202351.1
322,878,2025-04-06 09:31:34,465,3,52287.54
323,882,2025-06-18 00:31:47,432,1,16557.1
324,883,2025-03-24 15:50:04,361,2,27971.36
325,884,2025-03-24 02:59:16,368,1,49977.44
326,897,2025-03-23 23:59:16,229,1,30697.88
327,899,2025-06-19 02:37:45,83,1,20559.25
328,903,2025-06-12 19:44:58,496,1,31539.91
329,905,2025-04-15 12:52:04,314,1,6987.52
330,906,2025-06-02 06:56:58,400,1,24109.01
331,906,2025-06-19 02:24:22,24,1,1604.34
332,906,2025-06-26 02:47:20,28,1,10248.86
333,907,2025-06-21 11:13:59,240,1,29634.73
334,908,2025-04-20 22:59:54,460,1,41328.67
335,908,2025-05-03 12:00:17,311,1,90815.28
336,909,2025-06-13 08:13:40,387,2,57708.72
337,910,2025-05-07 15:03:31,487,1,17124.6
338,912,2025-02-13 17:12:54,478,1,37666.35
339,916,2025-04-12 09:54:57,213,1,14323.4
340,918,2025-01-06 21:55:57,35,1,3087.93
341,920,2025-03-10 06:48:39,455,1,3164.97
342,922,2025-05-13 15:15:19,243,1,2252.58
343,923,2025-06-07 18:54:29,271,1,35581.83
344,923,2025-06-21 16:27:31,319,1,29688.49
345,933,2025-01-09 05:02:36,243,1,2252.58
346,935,2025-04-01 19:32:02,388,1,37608.5
347,937,2025-04-27 18:20:49,23,1,24086.36
348,938,2025-05-10 20:01:59,258,3,13752.54
349,938,2025-05-25 09:20:00,354,2,27786.1
350,938,2025-05-31 17:52:07,177,1,6007.88
351,942,2025-03-26 11:15:06,157,1,103545.76
352,944,2025-06-18 02:08:54,353,2,29219.22
353,946,2025-03-02 13:24:00,80,1,124124.35
354,949,2025-04-08 00:33:04,270,1,514.56
355,954,2025-03-10 07:05:34,479,2,34124.1
356,962,2025-02-21 12:12:24,382,1,17566.23
357,964,2025-01-16 02:09:52,138,2,13441.82
358,964,2025-01-30 07:11:29,381,2,18953.84
359,966,2025-01-12 21:41:33,25,1,2943.92
360,968,2025-04-16 17:41:04,484,2,185827.88
361,969,2025-02-02 17:08:16,168,2,19009.64
362,971,2025-03-20 05:16:29,187,3,130026.93
363,976,2025-01-27 22:34:29,331,1,10724.43
364,978,2025-01-21 11:22:22,399,2,35454.18
365,987,2025-04-09 02:13:23,456,1,19874.65
366,989,2025-01-23 00:47:38,443,1,19089.94
367,990,2025-04-26 12:39:29,198,1,7794.51
368,990,2025-05-08 23:11:52,409,2,12592.94
369,993,2025-06-07 10:40:11,272,1,11789.2
370,996,2025-03-20 18:35:15,346,1,14000.92
371,999,2025-05-20 01:08:28,19,2,5540.18
372,1000,2025-05-29 06:48:40,286,1,3189.98
373,1000,2025-06-03 11:06:08,103,1,42328.61
374,1001,2025-06-16 18:47:23,235,2,84034.4
375,1001,2025-06-21 02:39:57,158,1,2196.76
376,1003,2025-06-04 13:16:55,19,1,2770.09
377,1004,2025-06-16 04:28:33,221,1,14298.27
378,1006,2025-03-05 19:14:49,10,1,3952.37
379,1008,2025-04-30 01:34:21,100,1,17574.95
380,1014,2025-03-21 16:27:38,137,1,47310.53
381,1019,2025-05-02 11:29:48,330,1,3233.01
382,1021,2025-06-20 02:36:46,434,1,94224.67
383,1021,2025-06-29 11:20:37,138,1,6720.91
384,1024,2025-01-20 14:05:07,138,2,13441.82
385,1025,2025-05-23 05:50:11,353,2,29219.22
386,1034,2025-05-07 12:15:14,130,1,16268.89
387,1035,2025-06-04 04:38:22,317,1,2354.88
388,1038,2025-05-03 13:19:18,138,1,6720.91
389,1039,2025-03-28 17:38:24,274,1,21627.09
390,1042,2025-01-14 06:09:35,345,2,48492.4
391,1047,2025-06-17 21:12:50,391,2,14962.12
392,1054,2025-05-18 19:37:02,228,2,18880.22
393,1055,2025-06-26 21:33:53,434,1,94224.67
394,1056,2025-06-24 03:36:54,173,1,3095.58
395,1057,2025-04-07 21:14:44,394,1,20682.69
396,1060,2025-04-02 18:36:07,13,1,2692.52
397,1062,2025-05-24 09:59:00,205,3,44815.92
398,1064,2025-05-20 08:46:31,81,1,47864.88
399,1066,2025-05-03 08:48:07,45,2,50192.32
400,1066,2025-05-14 01:12:22,227,1,1864.51
401,1067,2025-06-20 02:39:42,92,1,3738.51
402,1072,2025-04-04 00:14:28,171,1,15094.37
403,1076,2025-04-26 13:03:49,307,1,22758.27
404,1076,2025-05-22 09:02:15,308,1,10693.04
405,1077,2025-02-25 10:20:34,46,2,230417.5
406,1077,2025-03-14 15:28:21,384,1,4013.53
407,1081,2025-06-18 04:13:51,185,1,12990.29
408,1084,2025-06-21 16:43:04,288,1,11259.13
409,1085,2025-03-29 17:20:22,381,2,18953.84
410,1085,2025-04-11 18:50:29,328,1,7767.1
411,1088,2025-04-25 05:55:00,496,1,31539.91
412,1089,2025-05-11 16:32:10,382,2,35132.46
413,1090,2025-04-30 21:43:47,232,2,6427.8
414,1098,2025-02-24 02:17:26,450,2,15002.86
415,1100,2025-02-26 04:03:10,377,1,6504.51
416,1100,2025-04-02 13:53:53,120,1,19023.98
417,1101,2025-03-17 03:30:45,142,1,10287.19
418,1102,2025-06-09 21:34:02,458,1,50236.06
419,1107,2025-04-26 05:55:57,97,2,1247.02
420,1109,2025-06-27 04:36:47,311,1,90815.28
421,1119,2025-04-20 10:08:43,20,1,1778.75
422,1121,2025-06-06 16:00:18,284,1,10670.32
423,1122,2025-02-28 09:09:40,248,1,9420.12
424,1122,2025-03-06 19:36:48,262,1,37057.19
425,1122,2025-03-19 19:39:11,307,2,45516.54
426,1124,2025-04-06 23:21:40,370,2,37808.82
427,1126,2025-06-10 22:07:46,122,1,24310.52
428,1128,2025-04-14 09:43:01,333,1,4180.46
429,1129,2025-06-17 13:41:01,238,1,20295.06
430,1133,2025-02-16 02:23:17,227,1,1864.51
431,1137,2025-03-08 04:16:03,408,1,8934.48
432,1137,2025-03-23 03:46:55,333,1,4180.46
433,1138,2025-05-12 21:00:50,371,1,23547.53
434,1138,2025-06-12 10:59:03,156,2,16678.18
435,1140,2025-04-09 21:10:53,347,1,26954.74
436,1141,2025-04-05 01:17:54,492,1,8731.65
437,1149,2025-03-31 00:21:52,52,2,9966.22
438,1149,2025-04-08 17:12:19,298,1,12693.22
439,1151,2025-03-31 04:32:28,428,1,147572.66
440,1152,2025-03-01 20:35:27,419,1,24719.61
441,1154,2025-02-21 00:51:29,428,1,147572.66
442,1155,2025-02-17 10:30:43,366,1,9798.21
443,1157,2025-06-08 13:25:05,93,1,5774.03
444,1159,2025-03-06 10:05:32,437,1,1479.71
445,1166,2025-02-10 00:45:25,469,1,8458.92
446,1169,2025-04-13 03:53:21,279,1,11780.7
447,1172,2025-05-20 06:03:02,469,1,8458.92
448,1173,2025-05-29 23:33:03,402,1,19649.25
449,1174,2025-05-01 20:40:38,372,1,1314.03
450,1178,2025-06-12 18:39:39,451,1,6674.43
451,1179,2025-02-10 07:38:57,393,1,13053.76
452,1181,2025-02-21 00:45:01,429,1,2789.86
453,1181,2025-02-24 01:59:01,229,2,61395.76
454,1182,2025-04-03 12:33:59,77,1,70509.53
455,1183,2025-02-04 16:16:24,255,3,9004.2
456,1185,2025-01-09 20:02:14,245,1,15399.15
457,1194,2025-05-30 09:29:21,402,1,19649.25
458,1195,2025-02-08 22:52:37,499,1,3999.82
459,1205,2025-04-09 01:11:29,486,1,5773.24
460,1213,2025-04-21 04:09:02,435,2,8997.32
461,1213,2025-04-28 15:40:05,320,1,33560.76
462,1216,2025-01-30 03:10:20,470,1,1252.58
463,1216,2025-02-08 07:30:33,234,1,69647.59
464,1218,2025-04-18 03:24:20,173,1,3095.58
465,1220,2025-04-26 14:54:26,379,2,59510.28
466,1221,2025-05-03 11:31:13,242,2,18570.78
467,1223,2025-01-18 10:31:14,369,1,14392.59
468,1228,2025-03-01 21:43:28,444,1,148248.16
469,1229,2025-01-29 09:30:54,165,1,1732.53
470,1231,2025-01-31 15:26:54,256,2,1095.16
471,1234,2025-03-22 17:07:57,183,1,5734.14
472,1235,2025-05-01 06:07:15,150,1,19806.15
473,1238,2025-05-04 14:24:34,461,1,5690.14
474,1238,2025-05-26 01:04:15,457,1,32494.5
475,1242,2025-03-22 00:28:17,458,2,100472.12
476,1243,2025-04-05 04:53:57,216,1,43283.26
477,1243,2025-04-18 15:22:35,206,1,23007.56
478,1244,2025-06-29 08:10:37,292,1,9786.76
479,1245,2025-04-03 04:30:41,395,1,30745.93
480,1248,2025-05-09 11:37:05,361,1,13985.68
481,1249,2025-03-26 20:59:32,195,1,17742.05
482,1251,2025-05-16 10:10:41,168,1,9504.82
483,1252,2025-05-09 20:03:47,8,1,2149.22
484,1255,2025-06-29 10:24:35,342,2,22577.58
485,1256,2025-02-08 07:56:10,144,2,42271.54
486,1257,2025-06-05 19:39:04,486,1,5773.24
487,1270,2025-01-14 14:27:45,376,3,43687.59
488,1270,2025-02-03 20:04:04,468,3,424734.93
489,1272,2025-04-01 12:12:26,177,1,6007.88
490,1276,2025-03-05 11:38:11,96,2,2803.18
491,1278,2025-02-28 18:45:31,178,2,244050.44
492,1280,2025-05-19 08:23:45,226,3,4381.02
493,1281,2025-03-08 04:59:32,122,1,24310.52
494,1284,2025-04-13 18:16:17,245,1,15399.15
495,1287,2025-03-15 15:18:14,299,1,9185.44
496,1291,2025-06-04 15:47:37,289,1,116522.54
497,1292,2025-05-05 02:30:22,262,1,37057.19
498,1296,2025-02-15 13:10:43,16,1,4159.96
499,1296,2025-03-10 05:03:07,377,1,6504.51
500,1302,2025-01-29 13:03:19,81,1,47864.88
501,1306,2025-02-14 23:21:33,98,2,25166.1
502,1306,2025-02-20 21:23:34,349,1,12041.93
503,1318,2025-04-10 02:34:29,319,1,29688.49
504,1318,2025-04-15 13:35:43,427,1,4312.66
505,1322,2025-03-04 15:48:59,488,1,32780.58
506,1326,2025-04-08 18:26:31,242,1,9285.39
507,1330,2025-02-19 02:01:05,46,1,115208.75
508,1332,2025-01-09 14:43:35,40,1,1173.14
509,1333,2025-06-29 02:16:38,201,1,13102.72
510,1334,2025-03-25 22:04:45,422,1,8047.95
511,1334,2025-04-04 04:14:14,404,1,13845.68
512,1338,2025-02-25 12:53:36,387,2,57708.72
513,1346,2025-05-02 14:11:08,193,2,66056.82
514,1356,2025-03-04 01:31:56,297,1,17729.74
515,1357,2025-04-25 23:30:07,373,1,4993.75
516,1357,2025-05-12 11:58:16,47,1,6372.46
517,1358,2025-05-10 19:23:35,303,1,1454.24
518,1358,2025-05-22 00:51:30,272,2,23578.4
519,1360,2025-03-28 01:31:32,490,2,25480.08
520,1363,2025-02-19 12:48:12,309,1,2510.1
521,1364,2025-05-17 00:05:11,160,3,41479.59
522,1373,2025-03-31 09:40:48,290,1,4390.34
523,1375,2025-05-14 18:58:50,395,1,30745.93
524,1375,2025-06-03 01:04:46,190,3,81951.3
525,1378,2025-02-04 08:54:59,374,2,20918.58
526,1378,2025-02-23 23:05:37,177,2,12015.76
527,1379,2025-03-07 23:41:25,362,1,539.2
528,1382,2025-04-21 15:19:47,287,1,5328.56
529,1383,2025-02-26 15:50:46,347,1,26954.74
530,1384,2025-05-10 11:12:39,408,3,26803.44
531,1384,2025-05-31 08:52:15,46,1,115208.75
532,1390,2025-04-06 11:43:18,291,1,1193.57
533,1390,2025-04-15 10:51:40,431,1,6259.3
534,1405,2025-04-01 09:55:44,312,1,24505.73
535,1405,2025-04-24 08:13:43,297,3,53189.22
536,1408,2025-02-13 13:31:53,132,1,7791.77
537,1410,2025-03-15 11:02:17,415,3,14085.48
538,1411,2025-05-29 01:34:37,385,1,347.25
539,1415,2025-04-02 04:21:03,417,1,32512.83
540,1415,2025-04-22 03:36:23,17,1,20450.91
541,1416,2025-05-31 06:08:41,169,2,5272.26
542,1418,2025-02-16 12:01:37,368,2,99954.88
543,1420,2025-04-24 11:27:31,281,1,8575.04
544,1424,2025-06-28 03:04:37,231,1,2920.42
545,1432,2025-02-19 04:01:40,427,1,4312.66
546,1434,2025-02-14 11:57:18,102,2,51584.02
547,1435,2025-03-03 07:05:25,214,1,20873.19
548,1435,2025-03-27 19:44:07,393,1,13053.76
549,1436,2025-04-20 20:40:01,147,1,8701.96
550,1439,2025-03-24 12:56:08,172,1,36415.92
551,1440,2025-01-22 08:16:04,454,1,3744.31
552,1440,2025-02-07 03:26:00,49,1,3584.0
553,1440,2025-02-18 17:36:09,354,1,13893.05
554,1444,2025-02-16 05:45:33,84,1,2448.39
555,1448,2025-06-14 19:05:55,324,1,28001.07
556,1449,2025-02-27 19:35:15,437,1,1479.71
557,1450,2025-04-22 01:57:00,380,1,19492.66
558,1451,2025-05-20 17:02:29,89,1,115692.18
559,1451,2025-06-09 21:27:28,224,2,29106.26
560,1453,2025-04-23 20:15:46,99,1,58745.84
561,1454,2025-05-20 00:55:14,171,1,15094.37
562,1456,2025-03-29 03:49:08,447,1,1488.36
563,1456,2025-04-28 07:18:07,360,1,10778.02
564,1457,2025-06-13 06:23:31,492,2,17463.3
565,1459,2025-04-22 23:45:59,135,1,13650.75
566,1461,2025-03-31 06:26:28,220,1,2583.92
567,1461,2025-04-07 10:52:53,444,1,148248.16
568,1465,2025-02-16 19:13:38,3,1,10094.67
569,1471,2025-01-27 00:45:50,317,2,4709.76
570,1476,2025-06-06 06:27:52,429,1,2789.86
571,1481,2025-05-03 16:41:09,473,1,1074.49
572,1482,2025-03-07 03:02:54,355,1,4384.45
573,1486,2025-05-22 10:16:04,161,1,49810.77
574,1490,2025-04-23 14:59:43,365,2,27383.84
575,1495,2025-04-18 17:24:57,360,1,10778.02
576,1495,2025-04-30 11:45:52,220,1,2583.92
577,1496,2025-04-16 19:45:15,31,2,4443.28
578,1497,2025-05-11 17:27:55,243,3,6757.74
579,1498,2025-04-04 20:40:25,129,2,717.7
580,1499,2025-03-06 22:49:04,248,1,9420.12
581,1499,2025-03-29 16:00:00,139,1,1008.61
582,1506,2025-06-25 23:35:01,394,1,20682.69
583,1507,2025-02-06 21:01:29,110,1,18441.82
584,1507,2025-02-15 12:37:55,96,1,1401.59
585,1509,2025-02-17 15:31:20,375,1,2797.37
586,1510,2025-05-13 21:37:26,493,1,17276.96
587,1512,2025-02-26 16:39:06,93,1,5774.03
588,1516,2025-01-16 07:53:30,440,2,6214.46
589,1520,2025-05-31 17:00:29,79,1,14294.87
590,1523,2025-03-19 22:21:03,292,1,9786.76
591,1523,2025-03-29 00:31:31,428,1,147572.66
592,1525,2025-05-20 00:53:39,314,1,6987.52
593,1528,2025-05-29 01:22:25,363,1,38026.37
594,1530,2025-04-07 20:03:21,235,2,84034.4
595,1532,2025-02-06 10:31:30,28,1,10248.86
596,1534,2025-05-06 01:09:51,397,1,38138.57
597,1536,2025-06-25 21:12:27,315,1,33862.07
598,1540,2025-04-10 19:36:30,149,2,20632.22
599,1541,2025-01-27 23:06:11,75,2,25220.42
600,1541,2025-02-12 02:11:27,65,1,15098.74
601,1545,2025-01-06 22:17:01,385,1,347.25
602,1548,2025-04-04 17:33:50,238,1,20295.06
603,1550,2025-05-15 04:19:57,169,1,2636.13
604,1551,2025-02-06 03:11:59,337,1,138096.58
605,1555,2025-02-21 12:08:53,165,2,3465.06
606,1555,2025-03-03 03:26:49,494,1,495.37
607,1557,2025-05-08 07:33:28,412,1,2747.39
608,1560,2025-05-21 03:41:31,330,1,3233.01
609,1565,2025-05-11 03:06:44,483,1,43632.67
610,1565,2025-06-24 21:32:07,380,2,38985.32
611,1568,2025-03-15 01:37:58,483,1,43632.67
612,1573,2025-05-31 21:44:45,168,1,9504.82
613,1576,2025-04-19 10:53:32,169,1,2636.13
614,1576,2025-05-13 04:45:42,229,1,30697.88
615,1578,2025-05-01 14:26:01,236,1,19589.44
616,1578,2025-05-22 22:59:36,22,1,12590.38
617,1580,2025-02-15 09:18:36,391,1,7481.06
618,1583,2025-06-29 16:29:30,104,1,19691.24
619,1585,2025-02-27 13:31:44,436,2,36689.86
620,1588,2025-03-27 11:41:27,444,1,148248.16
621,1590,2025-05-29 18:26:50,30,1,43984.69
622,1595,2025-04-16 16:05:54,218,1,94208.34
623,1596,2025-02-17 22:58:19,36,1,17558.77
624,1597,2025-06-06 03:46:02,7,1,1408.94
625,1599,2025-06-26 06:57:28,288,1,11259.13
626,1600,2025-01-07 16:17:00,337,1,138096.58
627,1601,2025-02-01 23:23:53,213,1,14323.4
628,1607,2025-03-23 22:14:07,206,1,23007.56
629,1611,2025-04-23 03:47:13,64,1,23300.53
630,1619,2025-01-28 02:36:21,300,1,11130.88
631,1635,2025-02-26 00:01:26,384,1,4013.53
632,1636,2025-06-01 23:39:46,284,1,10670.32
633,1637,2025-01-16 21:14:05,454,1,3744.31
634,1643,2025-05-12 23:40:32,124,1,4288.14
635,1645,2025-01-31 04:17:58,212,2,210406.84
636,1645,2025-02-20 16:20:22,47,1,6372.46
637,1646,2025-01-18 02:18:24,435,1,4498.66
638,1648,2025-03-10 04:27:48,133,1,30464.02
639,1649,2025-05-19 23:27:22,416,2,73301.44
640,1653,2025-06-17 17:41:45,436,1,18344.93
641,1655,2025-04-06 13:35:57,98,1,12583.05
642,1656,2025-06-21 17:51:24,365,1,13691.92
643,1657,2025-03-03 15:51:05,182,1,5001.59
644,1660,2025-06-16 07:35:17,153,1,1050.14
645,1664,2025-03-25 16:23:52,27,1,1626.81
646,1665,2025-04-25 05:09:50,279,2,23561.4
647,1673,2025-05-15 07:53:13,352,1,29524.41
648,1673,2025-06-11 17:54:37,206,3,69022.68
649,1681,2025-06-11 20:00:08,55,1,24029.51
650,1682,2025-01-10 20:00:07,206,1,23007.56
651,1682,2025-01-24 21:04:04,54,1,4159.48
652,1682,2025-02-10 14:44:53,232,1,3213.9
653,1684,2025-06-20 05:39:14,436,1,18344.93
654,1687,2025-06-16 16:40:48,471,1,29952.23
655,1690,2025-02-25 01:03:58,440,1,3107.23
656,1692,2025-06-08 01:50:09,417,1,32512.83
657,1692,2025-06-12 17:28:40,329,1,11214.8
658,1692,2025-06-29 17:35:47,71,1,4426.79
659,1693,2025-02-28 08:11:33,324,1,28001.07
660,1695,2025-06-06 01:47:32,451,1,6674.43
661,1698,2025-05-05 23:34:27,417,1,32512.83
662,1699,2025-03-12 01:19:58,175,1,81468.72
663,1700,2025-05-02 01:54:21,344,1,21107.94
664,1701,2025-03-01 10:14:21,20,1,1778.75
665,1703,2025-05-28 16:54:13,338,1,88128.75
666,1707,2025-05-31 11:29:22,283,1,38631.44
667,1709,2025-02-10 18:53:17,404,2,27691.36
668,1712,2025-06-25 19:05:36,1,1,7205.01
669,1716,2025-03-08 10:18:44,264,1,4577.56
670,1722,2025-05-30 21:54:26,378,2,31990.34
671,1723,2025-01-29 14:18:56,16,1,4159.96
672,1726,2025-03-02 13:50:42,361,1,13985.68
673,1729,2025-04-05 19:23:21,127,1,37875.42
674,1730,2025-03-04 03:10:11,403,1,25390.62
675,1731,2025-02-15 16:41:59,97,1,623.51
676,1734,2025-05-19 07:39:02,169,1,2636.13
677,1736,2025-03-16 10:39:30,296,1,108127.41
678,1738,2025-04-11 19:39:19,383,2,221812.2
679,1742,2025-02-07 12:47:40,315,1,33862.07
680,1743,2025-03-25 09:00:43,27,1,1626.81
681,1745,2025-06-10 12:06:01,206,1,23007.56
682,1749,2025-05-28 20:46:24,189,1,9592.2
683,1752,2025-06-20 13:44:38,166,1,15176.99
684,1756,2025-02-04 23:56:36,198,1,7794.51
685,1760,2025-05-26 11:40:09,282,1,1113.3
686,1760,2025-06-18 16:54:35,197,1,1108.19
687,1764,2025-06-17 23:04:34,324,2,56002.14
688,1766,2025-04-19 21:10:25,67,1,3245.55
689,1769,2025-06-04 06:12:25,438,1,5413.4
690,1769,2025-06-19 15:51:13,352,1,29524.41
691,1771,2025-01-06 15:15:59,203,1,13023.16
692,1771,2025-01-27 06:24:03,169,2,5272.26
693,1776,2025-04-15 01:09:42,292,3,29360.28
694,1785,2025-03-14 01:08:35,343,1,71441.06
695,1787,2025-05-15 21:03:19,272,1,11789.2
696,1787,2025-05-19 18:29:22,219,1,2535.54
697,1790,2025-01-16 05:18:14,50,1,9054.04
698,1791,2025-05-28 00:33:42,18,1,1846.66
699,1798,2025-06-09 18:56:45,379,1,29755.14
700,1800,2025-05-14 18:43:58,201,1,13102.72
701,1804,2025-05-20 02:47:09,484,2,185827.88
702,1805,2025-03-08 01:11:50,99,2,117491.68
703,1807,2025-03-22 14:38:39,206,1,23007.56
704,1808,2025-02-13 06:25:26,283,1,38631.44
705,1810,2025-02-24 13:46:35,364,2,9749.96
706,1820,2025-04-11 00:48:42,227,1,1864.51
707,1824,2025-05-26 07:22:03,61,1,102219.65
708,1824,2025-06-16 02:01:21,13,1,2692.52
709,1829,2025-05-26 01:34:41,465,1,17429.18
710,1832,2025-06-22 20:44:06,437,1,1479.71
711,1833,2025-03-25 06:03:05,168,1,9504.82
712,1836,2025-06-12 18:36:41,96,1,1401.59
713,1836,2025-06-16 09:59:37,39,1,19720.04
714,1836,2025-06-29 21:24:00,403,1,25390.62
715,1842,2025-05-29 18:09:26,329,1,11214.8
716,1843,2025-03-20 07:13:43,478,1,37666.35
717,1843,2025-04-08 12:53:19,393,1,13053.76
718,1846,2025-04-11 05:40:44,332,1,502.68
719,1848,2025-06-19 01:25:02,191,1,36768.02
720,1852,2025-03-16 17:19:32,40,2,2346.28
721,1853,2025-04-17 02:16:22,52,2,9966.22
722,1857,2025-01-13 13:08:08,300,1,11130.88
723,1859,2025-02-26 02:43:28,213,1,14323.4
724,1860,2025-02-13 14:14:54,464,2,56521.26
725,1863,2025-06-16 03:54:46,351,2,4078.34
726,1866,2025-05-12 21:15:08,261,2,38316.38
727,1866,2025-05-19 19:58:31,275,1,3307.48
728,1869,2025-05-19 14:14:28,376,1,14562.53
729,1870,2025-04-27 20:53:41,41,1,8500.67
730,1871,2025-01-19 02:10:43,499,1,3999.82
731,1873,2025-06-02 11:15:11,343,1,71441.06
732,1874,2025-03-13 09:45:58,484,2,185827.88
733,1876,2025-01-28 13:19:08,433,2,21530.14
734,1876,2025-02-07 05:41:16,155,1,27789.39
735,1882,2025-06-18 05:30:43,314,1,6987.52
736,1883,2025-04-21 20:35:30,7,2,2817.88
737,1886,2025-03-07 20:42:30,449,1,651.83
738,1886,2025-03-14 16:13:58,249,2,5457.9
739,1890,2025-03-23 13:07:05,269,1,115514.93
740,1891,2025-06-03 02:36:32,410,1,90198.25
741,1893,2025-06-20 23:06:48,66,1,7734.16
742,1896,2025-01-10 06:25:49,302,2,77553.1
743,1896,2025-01-14 19:44:24,59,2,86933.94
744,1897,2025-03-02 02:12:31,89,2,231384.36
745,1898,2025-06-19 13:18:24,481,1,3800.46
746,1901,2025-04-22 23:53:56,223,1,11303.07
747,1906,2025-05-10 01:51:32,7,3,4226.82
748,1907,2025-06-25 19:56:20,305,1,2454.31
749,1909,2025-02-16 03:20:43,77,1,70509.53
750,1911,2025-03-18 00:24:41,483,1,43632.67
751,1915,2025-05-05 00:49:37,25,1,2943.92
752,1918,2025-02-04 23:38:21,249,1,2728.95
753,1919,2025-04-07 15:42:02,420,1,3770.66
754,1921,2025-01-29 19:59:51,477,1,37353.59
755,1925,2025-01-30 12:13:10,220,1,2583.92
756,1926,2025-06-09 00:01:48,174,1,2937.34
757,1931,2025-04-06 15:49:52,419,1,24719.61
758,1934,2025-01-25 10:23:26,74,1,24393.36
759,1935,2025-03-30 08:52:50,442,1,27027.64
760,1935,2025-05-19 16:29:49,208,2,6937.54
761,1938,2025-05-03 20:07:31,343,1,71441.06
762,1944,2025-05-28 06:40:19,43,1,11732.3
763,1948,2025-05-08 11:08:07,184,2,5940.28
764,1950,2025-01-15 23:06:48,244,1,3774.78
765,1953,2025-04-12 11:21:51,277,1,134439.28
766,1954,2025-04-13 05:16:17,370,1,18904.41
767,1954,2025-04-28 17:08:58,310,1,1082.78
768,1956,2025-02-04 15:26:04,299,2,18370.88
769,1956,2025-02-11 08:45:33,484,1,92913.94
770,1957,2025-04-09 16:17:05,379,1,29755.14
771,1958,2025-05-31 04:33:44,76,1,513.56
772,1963,2025-01-19 15:06:03,120,2,38047.96
773,1964,2025-03-05 10:16:11,271,2,71163.66
774,1966,2025-02-01 01:26:57,110,1,18441.82
775,1967,2025-01-24 17:34:49,46,2,230417.5
776,1968,2025-01-26 07:30:03,3,2,20189.34
777,1974,2025-05-22 00:24:35,441,1,1146.71
778,1984,2025-01-21 19:09:18,297,1,17729.74
779,1984,2025-01-30 19:16:17,95,1,14154.76
780,1987,2025-02-06 13:38:49,304,2,299137.2
781,1987,2025-02-22 22:22:08,357,2,272261.16
782,1987,2025-03-11 03:19:23,26,1,10901.13
783,1988,2025-06-21 14:53:41,179,2,227473.0
784,1988,2025-06-30 20:23:15,444,1,148248.16
785,1989,2025-05-09 14:32:59,105,1,7627.67
786,1990,2025-05-07 12:31:56,354,1,13893.05
787,1993,2025-04-18 13:51:27,20,1,1778.75
788,2000,2025-02-15 13:03:30,345,1,24246.2
789,2000,2025-03-08 16:49:48,208,1,3468.77
790,2002,2025-03-10 13:45:09,302,2,77553.1
791,2002,2025-03-19 06:19:00,303,1,1454.24
792,2003,2025-06-24 21:11:56,343,2,142882.12
793,2004,2025-04-18 10:03:59,205,2,29877.28
794,2007,2025-06-05 08:12:44,44,1,6132.16
795,2007,2025-06-10 07:06:12,353,1,14609.61
796,2011,2025-03-05 12:27:49,187,2,86684.62
797,2012,2025-05-13 16:15:07,241,1,11168.82
798,2013,2025-02-26 20:22:31,147,1,8701.96
799,2014,2025-03-19 12:36:51,230,1,3807.27
800,2015,2025-01-30 15:27:55,407,2,2864.2
801,2018,2025-05-13 05:52:14,412,1,2747.39
802,2023,2025-01-22 02:32:10,73,1,3184.93
803,2026,2025-05-28 14:36:41,347,1,26954.74
804,2029,2025-06-10 18:36:08,124,1,4288.14
805,2032,2025-01-19 06:22:32,236,1,19589.44
806,2033,2025-04-27 17:28:12,473,1,1074.49
807,2033,2025-05-12 02:08:19,468,1,141578.31
808,2034,2025-04-20 19:33:16,462,2,44606.0
809,2035,2025-04-23 20:33:59,485,1,26241.01
810,2042,2025-06-02 14:56:27,131,2,20407.46
811,2048,2025-01-24 12:59:49,208,1,3468.77
812,2050,2025-04-27 03:43:05,43,2,23464.6
813,2050,2025-05-10 20:00:36,498,2,27733.6
814,2052,2025-03-24 11:26:12,69,1,7709.45
815,2053,2025-02-08 15:01:23,185,1,12990.29
816,2059,2025-04-07 23:10:58,56,1,29155.33
817,2072,2025-06-09 07:45:36,270,1,514.56
818,2073,2025-04-18 19:31:34,349,1,12041.93
819,2075,2025-05-10 00:30:49,24,1,1604.34
820,2076,2025-06-06 20:34:18,286,1,3189.98
821,2076,2025-06-13 15:50:09,312,1,24505.73
822,2080,2025-05-12 19:25:04,398,3,28464.93
823,2083,2025-01-09 14:04:33,279,1,11780.7
824,2084,2025-05-09 22:58:35,301,1,44256.21
825,2085,2025-05-11 19:32:55,469,1,8458.92
826,2090,2025-02-22 15:37:25,46,1,115208.75
827,2092,2025-06-27 11:52:32,4,1,110986.96
828,2093,2025-06-01 11:18:23,433,2,21530.14
829,2095,2025-06-29 09:36:56,487,1,17124.6
830,2099,2025-02-08 20:32:53,180,1,22619.63
831,2102,2025-04-21 07:52:22,163,1,7638.19
832,2103,2025-05-22 14:35:45,334,1,4204.59
833,2112,2025-04-17 13:43:49,127,1,37875.42
834,2113,2025-02-25 12:29:52,109,3,39718.77
835,2116,2025-04-17 10:36:56,357,2,272261.16
836,2117,2025-03-16 17:43:58,368,1,49977.44
837,2122,2025-03-05 00:32:26,276,1,4843.01
838,2122,2025-03-24 17:51:31,287,1,5328.56
839,2129,2025-02-07 09:52:34,199,1,130009.3
840,2129,2025-02-20 19:13:48,65,1,15098.74
841,2129,2025-02-26 20:30:47,190,1,27317.1
842,2129,2025-03-09 06:08:05,276,1,4843.01
843,2130,2025-01-31 09:27:22,477,1,37353.59
844,2130,2025-02-12 01:11:35,315,1,33862.07
845,2131,2025-05-30 11:57:02,144,1,21135.77
846,2133,2025-01-17 05:46:14,88,1,38903.03
847,2135,2025-01-17 04:35:58,348,1,11453.57
848,2136,2025-03-01 20:20:24,154,1,36463.8
849,2137,2025-03-28 21:10:44,123,1,37439.59
850,2137,2025-04-15 02:24:46,132,1,7791.77
851,2140,2025-04-12 21:23:07,24,1,1604.34
852,2144,2025-02-24 09:20:40,244,1,3774.78
853,2148,2025-01-24 09:30:35,104,1,19691.24
854,2149,2025-03-22 08:26:01,139,2,2017.22
855,2152,2025-03-04 22:48:51,278,1,12926.7
856,2152,2025-03-18 17:21:54,152,1,7223.67
857,2154,2025-05-15 17:29:18,253,1,9261.77
858,2158,2025-05-10 09:35:31,232,1,3213.9
859,2161,2025-03-16 04:10:55,460,1,41328.67
860,2164,2025-01-12 06:59:03,427,1,4312.66
861,2167,2025-03-18 09:26:28,369,3,43177.77
862,2171,2025-05-30 18:31:56,152,1,7223.67
863,2175,2025-02-21 18:23:09,159,1,30772.13
864,2179,2025-03-25 02:33:31,195,1,17742.05
865,2180,2025-02-07 18:20:55,386,1,30141.47
866,2180,2025-02-25 15:21:10,6,2,9259.72
867,2186,2025-04-22 19:44:53,50,1,9054.04
868,2188,2025-06-22 10:36:26,58,2,66301.9
869,2189,2025-05-17 13:43:07,452,1,17758.26
870,2190,2025-06-06 17:13:13,464,1,28260.63
871,2191,2025-03-10 02:02:25,179,3,341209.5
872,2195,2025-05-25 09:08:51,257,1,2435.84
873,2208,2025-05-28 17:04:01,78,1,149482.7
874,2215,2025-03-08 07:26:23,61,1,102219.65
875,2226,2025-06-14 16:56:22,88,1,38903.03
876,2227,2025-02-04 14:03:05,477,1,37353.59
877,2229,2025-03-26 09:09:43,240,1,29634.73
878,2231,2025-03-22 09:18:34,33,1,17762.94
879,2236,2025-03-05 09:25:07,130,2,32537.78
880,2244,2025-04-11 15:50:04,265,1,7512.87
881,2246,2025-01-30 06:33:28,406,1,24419.24
882,2252,2025-03-16 04:29:05,22,1,12590.38
883,2254,2025-05-23 05:22:33,322,1,5485.52
884,2256,2025-05-21 08:42:14,210,2,25754.16
885,2260,2025-02-03 09:18:53,379,2,59510.28
886,2261,2025-02-01 15:45:53,484,1,92913.94
887,2261,2025-02-13 08:14:04,208,1,3468.77
888,2262,2025-02-20 08:31:54,336,2,23539.72
889,2264,2025-02-03 12:47:34,288,1,11259.13
890,2267,2025-06-04 07:12:57,412,1,2747.39
891,2275,2025-04-01 00:49:19,43,2,23464.6
892,2275,2025-04-18 08:06:15,140,2,99968.1
893,2278,2025-05-31 19:29:38,315,2,67724.14
894,2284,2025-04-30 10:56:53,108,1,5270.83
895,2287,2025-05-16 09:51:09,283,1,38631.44
896,2290,2025-05-16 10:28:13,155,3,83368.17
897,2291,2025-03-17 11:12:36,206,1,23007.56
898,2291,2025-04-03 07:37:38,466,1,31559.05
899,2292,2025-02-07 04:58:12,322,1,5485.52
900,2293,2025-03-27 02:19:34,350,1,4462.47
901,2294,2025-01-17 15:16:50,483,2,87265.34
902,2294,2025-01-23 14:54:49,73,1,3184.93
903,2295,2025-05-09 14:23:53,439,1,35173.02
904,2295,2025-05-14 22:59:15,400,1,24109.01
905,2298,2025-03-20 08:32:24,282,3,3339.9
906,2307,2025-04-15 20:05:59,72,1,43803.67
907,2309,2025-01-17 11:21:20,89,1,115692.18
908,2312,2025-06-14 16:52:56,84,2,4896.78
909,2313,2025-03-18 18:32:26,69,2,15418.9
910,2316,2025-06-24 01:51:44,461,2,11380.28
911,2320,2025-05-10 17:12:41,327,2,16445.06
912,2322,2025-03-16 12:49:33,64,1,23300.53
913,2325,2025-04-19 10:41:10,175,1,81468.72
914,2333,2025-05-03 23:59:00,444,3,444744.48
915,2333,2025-05-10 04:27:39,355,1,4384.45
916,2340,2025-01-30 02:44:14,344,2,42215.88
917,2342,2025-04-09 06:06:39,256,2,1095.16
918,2344,2025-06-21 07:34:31,320,1,33560.76
919,2355,2025-06-01 03:23:23,34,2,4196.1
920,2356,2025-03-28 23:39:15,322,2,10971.04
921,2356,2025-04-08 05:07:35,75,1,12610.21
922,2356,2025-04-21 14:35:24,191,2,73536.04
923,2358,2025-04-26 19:29:41,376,1,14562.53
924,2358,2025-05-24 07:30:04,302,1,38776.55
925,2360,2025-05-10 12:08:34,115,1,16709.38
926,2361,2025-02-24 06:21:17,23,1,24086.36
927,2361,2025-03-05 12:27:08,128,1,7580.95
928,2361,2025-03-16 23:54:04,265,3,22538.61
929,2364,2025-06-29 00:21:34,125,2,40641.9
930,2371,2025-05-11 07:21:19,132,1,7791.77
931,2371,2025-05-19 19:43:49,448,1,18494.26
932,2378,2025-03-07 01:30:39,209,1,38411.37
933,2380,2025-04-20 03:11:21,414,1,20297.26
934,2380,2025-05-01 01:10:27,212,1,105203.42
935,2382,2025-03-30 11:40:46,72,1,43803.67
936,2383,2025-02-26 02:46:14,359,1,7693.07
937,2384,2025-02-18 20:28:20,291,2,2387.14
938,2388,2025-06-26 21:25:42,39,1,19720.04
939,2391,2025-02-06 05:38:40,171,1,15094.37
940,2391,2025-02-20 02:38:09,385,1,347.25
941,2395,2025-05-17 02:39:31,241,1,11168.82
942,2396,2025-01-31 01:53:38,5,1,111884.19
943,2405,2025-05-10 15:35:32,115,1,16709.38
944,2409,2025-05-13 17:01:55,136,1,2438.57
945,2425,2025-05-20 14:30:51,161,1,49810.77
946,2429,2025-01-21 22:16:24,60,1,5108.13
947,2431,2025-03-08 08:23:11,306,1,4449.97
948,2434,2025-03-24 05:04:17,384,1,4013.53
949,2434,2025-04-07 03:26:36,377,2,13009.02
950,2435,2025-06-28 22:33:36,166,1,15176.99
951,2443,2025-06-14 00:34:35,83,1,20559.25
952,2443,2025-06-24 20:37:35,437,1,1479.71
953,2446,2025-05-08 05:08:59,7,1,1408.94
954,2447,2025-06-06 01:54:36,398,1,9488.31
955,2447,2025-06-19 15:24:51,239,1,1734.95
956,2448,2025-04-15 15:09:50,490,3,38220.12
957,2453,2025-01-24 11:16:33,42,1,35405.28
958,2463,2025-02-17 05:57:18,321,2,267370.16
959,2467,2025-06-15 01:41:07,76,1,513.56
960,2476,2025-03-13 00:47:16,130,1,16268.89
961,2477,2025-05-30 05:39:49,481,2,7600.92
962,2480,2025-04-07 21:05:11,130,1,16268.89
963,2481,2025-05-02 12:45:12,359,2,15386.14
964,2493,2025-04-09 10:25:27,30,1,43984.69
965,2498,2025-05-13 11:32:00,42,1,35405.28
966,2499,2025-04-24 17:36:42,363,1,38026.37
967,2504,2025-06-02 00:52:30,246,2,8971.84
968,2505,2025-03-19 15:14:29,415,1,4695.16
969,2505,2025-03-26 09:15:29,227,1,1864.51
970,2506,2025-04-15 08:25:22,296,2,216254.82
971,2507,2025-06-06 20:46:38,26,3,32703.39
972,2517,2025-02-19 00:03:38,147,2,17403.92
973,2521,2025-03-27 13:30:14,328,1,7767.1
974,2522,2025-05-16 05:31:34,125,1,20320.95
975,2526,2025-04-12 14:04:45,329,2,22429.6
976,2527,2025-06-15 01:37:20,196,1,1179.56
977,2528,2025-01-26 08:53:57,370,3,56713.23
978,2529,2025-04-03 10:01:06,260,2,27562.32
979,2530,2025-01-31 18:02:20,267,3,60164.37
980,2531,2025-06-12 17:08:44,382,1,17566.23
981,2533,2025-02-22 11:11:30,235,2,84034.4
982,2537,2025-02-01 09:16:58,484,1,92913.94
983,2538,2025-06-30 15:59:21,59,2,86933.94
984,2539,2025-04-13 13:04:27,202,3,6386.55
985,2546,2025-03-09 15:23:33,125,1,20320.95
986,2547,2025-01-13 06:30:48,224,1,14553.13
987,2548,2025-03-23 03:32:24,215,2,61806.3
988,2548,2025-03-26 11:32:02,363,1,38026.37
989,2556,2025-03-26 02:20:27,351,2,4078.34
990,2557,2025-02-16 14:44:03,413,1,24752.33
991,2560,2025-01-21 05:22:09,125,1,20320.95
992,2564,2025-03-14 00:15:44,77,1,70509.53
993,2564,2025-03-25 17:40:21,59,1,43466.97
994,2566,2025-01-29 14:24:44,464,1,28260.63
995,2571,2025-06-14 12:27:46,189,2,19184.4
996,2571,2025-06-18 01:09:50,293,1,3662.24
997,2572,2025-04-02 03:00:05,210,1,12877.08
998,2579,2025-03-30 18:17:24,299,1,9185.44
999,2581,2025-01-11 19:00:50,133,1,30464.02
1000,2583,2025-01-19 19:12:27,68,3,141537.0
1001,2588,2025-02-06 09:40:34,403,1,25390.62
1002,2593,2025-03-27 22:50:13,369,1,14392.59
1003,2593,2025-04-17 13:17:58,49,2,7168.0
1004,2593,2025-04-24 15:40:07,22,1,12590.38
1005,2596,2025-02-28 09:45:18,201,1,13102.72
1006,2598,2025-03-07 06:11:05,327,2,16445.06
1007,2598,2025-03-22 10:20:18,145,1,5753.8
1008,2598,2025-04-02 22:14:52,384,1,4013.53
1009,2599,2025-02-15 14:16:34,485,1,26241.01
1010,2606,2025-04-02 11:23:25,315,2,67724.14
1011,2608,2025-01-29 05:49:07,292,1,9786.76
1012,2608,2025-02-04 01:37:33,80,1,124124.35
1013,2609,2025-06-13 07:06:30,382,1,17566.23
1014,2610,2025-06-26 03:19:55,6,1,4629.86
1015,2615,2025-05-04 14:49:32,155,1,27789.39
1016,2616,2025-05-03 23:53:26,419,1,24719.61
1017,2617,2025-04-29 06:22:10,177,1,6007.88
1018,2617,2025-05-07 05:00:06,116,1,13895.24
1019,2617,2025-05-19 15:33:53,115,1,16709.38
1020,2622,2025-04-17 09:18:15,300,1,11130.88
1021,2623,2025-01-08 18:18:04,10,1,3952.37
1022,2624,2025-05-07 14:07:28,421,1,3913.39
1023,2629,2025-02-09 09:54:26,11,2,111734.24
1024,2633,2025-05-06 02:21:09,366,1,9798.21
1025,2636,2025-04-16 14:51:13,448,2,36988.52
1026,2637,2025-04-19 14:29:07,407,1,1432.1
1027,2639,2025-06-20 16:41:19,382,1,17566.23
1028,2645,2025-04-26 14:42:47,3,1,10094.67
1029,2649,2025-04-15 13:20:53,484,1,92913.94
1030,2650,2025-03-05 19:23:56,96,1,1401.59
1031,2651,2025-05-26 18:28:12,75,3,37830.63
1032,2652,2025-01-11 06:33:18,487,1,17124.6
1033,2653,2025-03-14 05:47:18,258,1,4584.18
1034,2659,2025-05-27 19:23:40,278,1,12926.7
1035,2669,2025-03-17 19:31:37,201,1,13102.72
1036,2669,2025-03-25 14:09:26,61,1,102219.65
1037,2671,2025-03-10 17:47:48,213,1,14323.4
1038,2674,2025-03-21 14:23:00,271,1,35581.83
1039,2677,2025-05-25 12:22:27,92,1,3738.51
1040,2680,2025-04-14 15:30:41,474,3,46230.33
1041,2685,2025-01-13 08:43:28,191,1,36768.02
1042,2687,2025-06-07 20:33:01,363,1,38026.37
1043,2692,2025-01-16 18:51:13,250,1,20800.98
1044,2693,2025-06-17 23:03:27,25,1,2943.92
1045,2694,2025-02-11 13:24:57,305,1,2454.31
1046,2695,2025-06-25 05:33:15,9,1,6572.8
1047,2702,2025-04-17 16:48:37,341,2,8933.94
1048,2702,2025-05-02 18:24:51,149,1,10316.11
1049,2704,2025-03-21 22:19:23,35,1,3087.93
1050,2708,2025-02-10 00:51:46,178,1,122025.22
1051,2708,2025-02-27 08:05:40,305,2,4908.62
1052,2712,2025-06-04 16:50:55,111,2,2056.9
1053,2714,2025-06-27 20:58:17,335,2,12400.42
1054,2715,2025-05-15 09:01:53,403,1,25390.62
1055,2716,2025-04-01 21:20:20,209,1,38411.37
1056,2719,2025-06-05 13:34:30,132,1,7791.77
1057,2719,2025-06-10 00:53:05,380,1,19492.66
1058,2729,2025-02-13 11:17:38,478,1,37666.35
1059,2731,2025-06-07 18:30:46,359,1,7693.07
1060,2732,2025-04-14 20:38:06,388,3,112825.5
1061,2733,2025-04-04 14:27:17,142,1,10287.19
1062,2738,2025-06-05 03:48:03,487,2,34249.2
1063,2740,2025-05-29 18:26:41,146,1,9446.45
1064,2743,2025-03-28 04:55:27,346,1,14000.92
1065,2745,2025-06-23 19:14:13,281,2,17150.08
1066,2748,2025-03-02 04:51:30,16,1,4159.96
1067,2751,2025-02-09 23:24:48,97,3,1870.53
1068,2753,2025-06-04 06:23:37,441,2,2293.42
1069,2757,2025-04-29 11:55:17,201,1,13102.72
1070,2760,2025-03-08 15:03:11,259,1,9549.49
1071,2761,2025-05-28 09:31:24,170,1,2620.79
1072,2762,2025-04-11 09:53:00,177,2,12015.76
1073,2764,2025-03-31 04:14:58,476,1,2319.27
1074,2765,2025-01-12 08:29:01,404,1,13845.68
1075,2769,2025-04-01 23:33:12,159,1,30772.13
1076,2769,2025-04-06 13:50:39,331,3,32173.29
1077,2773,2025-05-25 11:36:10,491,1,912.64
1078,2775,2025-02-05 11:30:34,304,1,149568.6
1079,2775,2025-02-11 15:08:21,277,1,134439.28
1080,2775,2025-02-26 14:17:34,375,2,5594.74
1081,2776,2025-02-02 12:56:57,235,1,42017.2
1082,2787,2025-02-04 11:02:52,131,2,20407.46
1083,2788,2025-06-21 18:28:04,179,1,113736.5
1084,2789,2025-05-05 03:32:27,166,2,30353.98
1085,2791,2025-06-01 20:06:50,97,1,623.51
1086,2793,2025-01-10 09:55:58,406,2,48838.48
1087,2794,2025-01-26 15:53:53,484,2,185827.88
1088,2795,2025-01-17 11:18:39,138,1,6720.91
1089,2799,2025-03-13 14:43:25,482,2,49691.2
1090,2799,2025-04-03 17:47:43,473,1,1074.49
1091,2801,2025-03-19 11:51:41,183,1,5734.14
1092,2801,2025-03-22 12:19:40,388,2,75217.0
1093,2801,2025-04-09 08:32:05,30,1,43984.69
1094,2806,2025-05-13 10:12:50,473,1,1074.49
1095,2807,2025-04-05 12:06:12,38,1,12400.94
1096,2809,2025-03-28 00:21:08,84,2,4896.78
1097,2813,2025-04-22 01:54:22,325,1,13982.87
1098,2813,2025-05-31 15:15:38,403,1,25390.62
1099,2815,2025-05-04 08:38:27,473,3,3223.47
1100,2817,2025-04-02 11:55:30,224,1,14553.13
1101,2818,2025-03-04 11:35:02,424,1,14170.15
1102,2822,2025-01-23 18:01:01,388,1,37608.5
1103,2822,2025-02-26 02:58:33,243,1,2252.58
1104,2822,2025-03-30 16:31:58,358,1,8037.68
1105,2824,2025-06-06 07:37:12,22,1,12590.38
1106,2825,2025-02-09 05:38:14,243,1,2252.58
1107,2826,2025-04-27 20:31:40,125,2,40641.9
1108,2832,2025-02-21 10:40:52,289,1,116522.54
1109,2833,2025-06-07 23:10:49,1,1,7205.01
1110,2834,2025-02-20 13:52:13,357,2,272261.16
1111,2837,2025-03-03 16:59:30,211,3,93026.1
1112,2838,2025-04-30 21:26:23,75,1,12610.21
1113,2840,2025-06-01 21:32:53,315,1,33862.07
1114,2841,2025-06-28 12:11:57,327,1,8222.53
1115,2843,2025-02-25 14:02:52,56,1,29155.33
1116,2844,2025-01-27 18:08:21,333,1,4180.46
1117,2846,2025-06-16 02:40:02,344,1,21107.94
1118,2857,2025-03-09 20:09:31,491,1,912.64
1119,2860,2025-05-21 19:12:17,486,1,5773.24
1120,2863,2025-04-23 02:15:52,191,1,36768.02
1121,2867,2025-06-20 19:57:08,160,1,13826.53
1122,2868,2025-01-31 22:46:30,6,1,4629.86
1123,2869,2025-06-04 11:54:34,287,1,5328.56
1124,2877,2025-02-14 06:12:40,241,1,11168.82
1125,2877,2025-02-21 23:55:30,317,1,2354.88
1126,2881,2025-02-03 12:03:24,150,1,19806.15
1127,2882,2025-02-28 03:43:45,141,2,156012.88
1128,2884,2025-04-20 20:29:22,60,1,5108.13
1129,2887,2025-05-09 19:45:48,421,1,3913.39
1130,2893,2025-01-27 04:56:34,189,1,9592.2
1131,2897,2025-02-04 03:08:33,220,1,2583.92
1132,2901,2025-05-23 01:14:27,26,1,10901.13
1133,2902,2025-05-10 14:10:05,243,3,6757.74
1134,2903,2025-05-24 03:22:52,140,1,49984.05
1135,2905,2025-06-26 16:31:27,21,1,14166.0
1136,2906,2025-03-22 19:03:00,465,2,34858.36
1137,2906,2025-04-01 22:18:52,98,3,37749.15
1138,2910,2025-01-25 10:49:35,174,1,2937.34
1139,2916,2025-05-14 18:19:18,240,2,59269.46
1140,2925,2025-04-26 09:03:09,13,1,2692.52
1141,2926,2025-02-12 18:53:57,31,1,2221.64
1142,2929,2025-03-29 23:31:12,103,1,42328.61
1143,2929,2025-04-20 21:35:05,412,1,2747.39
1144,2930,2025-04-16 10:11:47,482,1,24845.6
1145,2940,2025-02-08 20:45:20,172,1,36415.92
1146,2952,2025-06-05 10:43:48,407,1,1432.1
1147,2953,2025-04-17 17:45:07,20,1,1778.75
1148,2954,2025-03-05 18:37:53,482,1,24845.6
1149,2956,2025-05-23 17:00:25,265,1,7512.87
1150,2958,2025-05-07 16:48:03,106,1,4353.63
1151,2959,2025-05-01 07:20:21,149,1,10316.11
1152,2961,2025-04-10 00:09:22,352,2,59048.82
1153,2965,2025-04-26 21:22:36,403,3,76171.86
1154,2966,2025-01-30 15:11:40,347,2,53909.48
1155,2967,2025-02-20 21:03:07,318,1,19551.59
1156,2968,2025-05-09 08:17:43,373,2,9987.5
1157,2969,2025-05-03 22:09:35,40,2,2346.28
1158,2970,2025-05-21 03:40:09,475,1,11694.47
1159,2971,2025-06-25 01:13:17,207,2,61432.06
1160,2972,2025-05-05 15:14:14,454,2,7488.62
1161,2973,2025-03-08 09:06:23,296,1,108127.41
1162,2977,2025-01-09 09:55:14,287,1,5328.56
1163,2981,2025-02-02 23:45:59,139,2,2017.22
1164,2986,2025-03-11 04:06:54,98,2,25166.1
1165,2987,2025-05-08 14:19:07,493,1,17276.96
1166,2989,2025-06-11 07:15:26,85,1,67271.34
1167,2991,2025-03-22 23:53:55,458,1,50236.06
1168,2992,2025-05-08 05:18:38,362,1,539.2
1169,2993,2025-06-01 04:44:17,118,1,2075.07
1170,2997,2025-05-16 04:04:31,196,1,1179.56
1171,2997,2025-05-20 15:58:38,340,1,86475.35
1172,3003,2025-02-17 07:27:01,379,3,89265.42
1173,3003,2025-03-08 08:15:09,323,1,21377.29
1174,3004,2025-06-09 19:53:51,445,1,1748.17
1175,3004,2025-06-13 00:57:53,90,1,93514.94
1176,3006,2025-06-02 16:08:57,283,1,38631.44
1177,3007,2025-03-21 02:56:11,473,2,2148.98
1178,3007,2025-03-28 11:34:24,227,1,1864.51
1179,3011,2025-05-17 08:37:49,277,1,134439.28
1180,3011,2025-06-02 14:16:41,201,1,13102.72
1181,3014,2025-03-30 04:50:01,367,1,5745.57
1182,3019,2025-03-21 04:09:19,53,1,67150.12
1183,3019,2025-04-21 15:20:47,327,1,8222.53
1184,3021,2025-01-31 06:10:04,305,1,2454.31
1185,3029,2025-03-22 12:26:22,100,1,17574.95
1186,3033,2025-04-24 21:05:42,160,1,13826.53
1187,3033,2025-04-28 17:47:43,119,3,27027.24
1188,3034,2025-05-02 15:35:26,172,1,36415.92
1189,3036,2025-03-17 11:16:14,120,1,19023.98
1190,3042,2025-03-01 13:12:26,352,1,29524.41
1191,3043,2025-01-29 18:57:11,82,1,12391.54
1192,3053,2025-06-26 05:39:43,490,1,12740.04
1193,3055,2025-06-21 22:39:24,247,2,19795.5
1194,3058,2025-05-21 04:12:04,377,2,13009.02
1195,3059,2025-03-09 08:52:35,497,1,4676.48
1196,3059,2025-03-29 07:33:18,56,1,29155.33
1197,3069,2025-04-10 14:49:00,279,1,11780.7
1198,3069,2025-05-13 04:55:25,31,1,2221.64
1199,3070,2025-01-19 10:33:24,132,1,7791.77
1200,3071,2025-01-21 05:23:18,65,1,15098.74
1201,3072,2025-03-21 07:14:09,459,1,2696.03
1202,3074,2025-03-31 07:08:18,495,1,13165.95
1203,3075,2025-02-16 09:35:29,58,2,66301.9
1204,3075,2025-03-06 19:58:18,191,1,36768.02
1205,3076,2025-02-17 08:14:44,300,2,22261.76
1206,3078,2025-03-24 03:55:35,245,1,15399.15
1207,3079,2025-01-27 10:25:34,159,1,30772.13
1208,3081,2025-02-27 12:40:40,75,1,12610.21
1209,3087,2025-05-12 21:48:23,15,1,9205.01
1210,3089,2025-02-26 02:25:17,172,1,36415.92
1211,3090,2025-04-27 21:14:25,286,2,6379.96
1212,3091,2025-01-02 18:40:43,236,1,19589.44
1213,3092,2025-06-17 14:30:34,292,1,9786.76
1214,3096,2025-06-21 01:23:38,195,1,17742.05
1215,3097,2025-03-03 03:47:14,53,1,67150.12
1216,3098,2025-05-25 14:56:26,272,1,11789.2
1217,3102,2025-03-14 06:17:26,187,1,43342.31
1218,3105,2025-01-16 04:33:16,413,1,24752.33
1219,3106,2025-04-22 20:26:42,423,1,19615.97
1220,3109,2025-03-19 14:23:19,183,2,11468.28
1221,3109,2025-04-28 11:35:01,128,3,22742.85
1222,3111,2025-02-26 11:09:29,375,2,5594.74
1223,3114,2025-04-15 18:23:57,117,1,1496.44
1224,3115,2025-04-19 12:39:31,346,1,14000.92
1225,3116,2025-06-08 11:09:16,498,1,13866.8
1226,3118,2025-02-27 06:04:21,406,1,24419.24
1227,3121,2025-05-14 23:27:04,120,1,19023.98
1228,3121,2025-05-30 04:57:12,185,1,12990.29
1229,3121,2025-06-15 13:31:22,106,1,4353.63
1230,3122,2025-04-30 08:55:54,420,2,7541.32
1231,3122,2025-05-12 20:21:13,329,2,22429.6
1232,3122,2025-06-20 03:05:40,466,1,31559.05
1233,3127,2025-03-21 12:51:02,55,1,24029.51
1234,3130,2025-05-03 00:57:26,492,1,8731.65
1235,3135,2025-05-23 00:31:45,204,1,3831.25
1236,3137,2025-04-07 01:26:18,218,1,94208.34
1237,3137,2025-04-23 16:27:42,194,1,1522.19
1238,3138,2025-04-19 20:13:11,50,1,9054.04
1239,3141,2025-01-11 02:03:25,138,1,6720.91
1240,3142,2025-02-10 06:32:00,92,1,3738.51
1241,3144,2025-03-06 03:46:21,432,1,16557.1
1242,3148,2025-04-28 13:40:45,34,2,4196.1
1243,3153,2025-01-29 06:26:17,323,1,21377.29
1244,3158,2025-03-25 11:11:23,39,1,19720.04
1245,3158,2025-04-04 16:38:18,217,2,7579.78
1246,3159,2025-05-12 13:08:59,132,2,15583.54
1247,3165,2025-04-16 01:48:57,469,1,8458.92
1248,3167,2025-04-09 19:13:09,469,1,8458.92
1249,3167,2025-04-21 03:14:03,399,1,17727.09
1250,3169,2025-04-13 22:38:00,415,1,4695.16
1251,3170,2025-05-19 05:44:43,126,1,15953.08
1252,3173,2025-04-10 09:22:18,494,1,495.37
1253,3180,2025-03-23 09:27:20,425,1,14314.74
1254,3187,2025-05-15 03:57:10,64,1,23300.53
1255,3188,2025-05-04 22:27:59,23,2,48172.72
1256,3190,2025-04-26 20:12:34,158,2,4393.52
1257,3193,2025-05-11 09:54:21,479,1,17062.05
1258,3199,2025-05-21 20:58:04,360,1,10778.02
1259,3205,2025-05-04 17:34:26,476,1,2319.27
1260,3207,2025-05-04 02:10:33,399,1,17727.09
1261,3207,2025-05-10 05:41:53,221,1,14298.27
1262,3209,2025-06-16 15:35:58,108,1,5270.83
1263,3212,2025-06-23 16:28:52,37,1,884.45
1264,3215,2025-01-10 11:43:44,132,1,7791.77
1265,3217,2025-05-20 22:20:18,102,1,25792.01
1266,3227,2025-02-23 06:41:07,13,1,2692.52
1267,3228,2025-03-24 14:06:15,390,3,11778.15
1268,3230,2025-06-03 06:39:43,14,1,3902.87
1269,3239,2025-06-06 16:53:58,353,1,14609.61
1270,3245,2025-06-17 15:46:07,79,1,14294.87
1271,3251,2025-04-01 21:42:31,153,1,1050.14
1272,3255,2025-04-18 11:56:01,376,2,29125.06
1273,3256,2025-03-13 17:01:35,335,1,6200.21
1274,3263,2025-06-09 04:02:35,239,1,1734.95
1275,3265,2025-02-21 05:14:33,218,1,94208.34
1276,3266,2025-04-30 03:50:52,463,1,6385.22
1277,3269,2025-02-18 16:50:58,161,2,99621.54
1278,3274,2025-03-06 03:30:19,328,2,15534.2
1279,3275,2025-06-27 12:00:49,414,1,20297.26
1280,3277,2025-05-20 08:11:16,15,1,9205.01
1281,3278,2025-02-10 22:29:51,126,2,31906.16
1282,3278,2025-02-20 18:53:37,78,1,149482.7
1283,3280,2025-06-06 21:29:50,88,2,77806.06
1284,3281,2025-04-08 19:32:50,498,1,13866.8
1285,3282,2025-03-10 23:49:18,310,1,1082.78
1286,3284,2025-03-12 16:00:08,156,1,8339.09
1287,3286,2025-06-05 11:19:40,153,1,1050.14
1288,3291,2025-04-22 08:05:22,143,1,13152.69
1289,3292,2025-05-31 15:31:02,197,1,1108.19
1290,3292,2025-06-20 20:07:35,417,2,65025.66
1291,3294,2025-03-22 21:43:06,455,1,3164.97
1292,3302,2025-02-27 21:59:06,189,1,9592.2
1293,3305,2025-05-22 11:37:55,145,2,11507.6
1294,3311,2025-02-20 21:21:07,40,2,2346.28
1295,3313,2025-04-05 14:32:27,193,1,33028.41
1296,3315,2025-03-04 14:11:41,392,1,3931.31
1297,3318,2025-03-01 12:26:19,88,1,38903.03
1298,3320,2025-05-16 12:28:38,431,1,6259.3
1299,3321,2025-03-08 16:13:55,18,1,1846.66
1300,3322,2025-01-30 10:59:01,59,1,43466.97
1301,3329,2025-01-25 15:38:25,313,1,11749.91
1302,3330,2025-05-12 18:17:21,322,1,5485.52
1303,3334,2025-05-16 08:38:13,212,1,105203.42
1304,3335,2025-03-11 21:53:12,480,1,35487.49
1305,3337,2025-01-23 13:45:40,202,2,4257.7
1306,3338,2025-03-29 02:58:31,87,1,23788.74
1307,3339,2025-03-26 06:00:18,117,1,1496.44
1308,3342,2025-01-21 02:18:13,96,1,1401.59
1309,3343,2025-05-27 15:27:05,309,1,2510.1
1310,3344,2025-06-22 20:48:24,300,1,11130.88
1311,3346,2025-01-09 13:06:25,406,2,48838.48
1312,3347,2025-04-29 06:56:26,122,3,72931.56
1313,3347,2025-05-09 16:47:40,468,1,141578.31
1314,3348,2025-02-03 11:37:14,200,1,7837.57
1315,3350,2025-05-29 00:22:51,373,2,9987.5
1316,3356,2025-03-06 19:01:59,340,1,86475.35
1317,3360,2025-02-26 00:16:57,317,2,4709.76
1318,3361,2025-05-13 22:26:25,77,1,70509.53
1319,3363,2025-06-27 18:16:34,83,1,20559.25
1320,3371,2025-05-28 06:34:49,192,1,33176.4
1321,3386,2025-04-27 03:25:24,133,1,30464.02
1322,3389,2025-06-19 21:08:53,444,1,148248.16
1323,3393,2025-01-15 17:27:42,180,1,22619.63
1324,3394,2025-01-09 11:15:15,327,1,8222.53
1325,3396,2025-04-24 16:11:11,317,2,4709.76
1326,3397,2025-05-01 13:40:56,87,1,23788.74
1327,3397,2025-05-19 01:25:28,95,1,14154.76
1328,3398,2025-02-19 20:04:28,308,1,10693.04
1329,3398,2025-03-01 16:07:35,377,1,6504.51
1330,3399,2025-03-22 06:31:01,409,1,6296.47
1331,3400,2025-02-28 17:04:32,8,1,2149.22
1332,3401,2025-04-13 06:22:30,246,1,4485.92
1333,3403,2025-04-17 19:48:13,439,1,35173.02
1334,3403,2025-05-09 02:25:31,183,1,5734.14
1335,3406,2025-06-25 04:30:31,339,1,464.88
1336,3408,2025-06-29 06:22:19,337,3,414289.74
1337,3412,2025-02-10 15:22:40,478,2,75332.7
1338,3418,2025-03-31 22:06:10,50,1,9054.04
1339,3420,2025-02-20 22:34:14,178,1,122025.22
1340,3420,2025-03-24 01:47:31,484,1,92913.94
1341,3420,2025-04-07 17:00:38,448,1,18494.26
1342,3422,2025-02-06 23:32:37,383,1,110906.1
1343,3422,2025-02-13 15:18:06,291,1,1193.57
1344,3424,2025-06-09 05:02:48,220,1,2583.92
1345,3432,2025-02-04 08:06:09,483,1,43632.67
1346,3432,2025-03-02 12:55:52,250,1,20800.98
1347,3433,2025-05-04 02:03:46,57,1,55100.21
1348,3434,2025-06-19 06:01:22,398,1,9488.31
1349,3434,2025-06-30 10:29:26,273,1,8130.43
1350,3435,2025-05-05 07:02:10,325,1,13982.87
1351,3437,2025-04-13 05:01:47,207,1,30716.03
1352,3438,2025-06-10 03:43:50,366,2,19596.42
1353,3444,2025-05-27 14:35:39,498,2,27733.6
1354,3445,2025-01-19 07:43:59,414,2,40594.52
1355,3445,2025-02-02 20:59:05,298,1,12693.22
1356,3446,2025-02-06 08:54:43,106,2,8707.26
1357,3450,2025-03-09 07:13:14,101,1,19086.83
1358,3452,2025-03-06 19:42:10,76,2,1027.12
1359,3454,2025-02-16 23:10:33,76,2,1027.12
1360,3455,2025-04-10 05:37:08,248,2,18840.24
1361,3456,2025-05-28 05:50:44,288,1,11259.13
1362,3458,2025-03-20 04:00:06,244,2,7549.56
1363,3459,2025-03-01 17:52:09,271,1,35581.83
1364,3466,2025-03-18 16:00:45,55,1,24029.51
1365,3468,2025-02-18 15:18:38,174,1,2937.34
1366,3472,2025-04-01 21:02:53,160,1,13826.53
1367,3474,2025-02-15 05:44:24,250,2,41601.96
1368,3475,2025-03-23 20:54:03,251,1,8328.29
1369,3476,2025-06-01 12:22:04,274,2,43254.18
1370,3479,2025-06-30 01:27:03,49,1,3584.0
1371,3480,2025-06-22 20:25:09,89,1,115692.18
1372,3483,2025-03-05 09:33:42,461,1,5690.14
1373,3485,2025-01-30 14:34:17,159,1,30772.13
1374,3486,2025-05-05 05:15:40,252,1,5818.59
1375,3490,2025-06-03 11:52:41,55,1,24029.51
1376,3492,2025-03-03 08:39:26,482,1,24845.6
1377,3493,2025-01-26 12:58:27,197,1,1108.19
1378,3494,2025-04-06 08:47:19,121,1,8945.4
1379,3496,2025-03-31 08:23:19,483,2,87265.34
1380,3498,2025-05-01 18:25:45,359,1,7693.07
1381,3501,2025-06-06 06:28:44,326,1,81782.53
1382,3503,2025-06-28 13:33:29,98,1,12583.05
1383,3504,2025-04-16 23:45:06,489,2,16663.02
1384,3506,2025-04-18 03:51:43,385,1,347.25
1385,3510,2025-02-15 05:56:27,428,3,442717.98
1386,3510,2025-03-03 21:08:32,325,1,13982.87
1387,3514,2025-06-01 09:15:15,20,1,1778.75
1388,3515,2025-04-29 07:57:03,176,2,30582.34
1389,3518,2025-01-24 18:22:44,391,1,7481.06
1390,3519,2025-04-16 14:20:57,224,1,14553.13
1391,3521,2025-04-16 07:20:32,218,1,94208.34
1392,3521,2025-04-20 14:29:03,262,1,37057.19
1393,3522,2025-05-17 05:51:14,270,1,514.56
1394,3523,2025-03-15 05:58:37,419,1,24719.61
1395,3526,2025-04-23 05:44:12,178,1,122025.22
1396,3532,2025-04-23 06:30:13,338,1,88128.75
1397,3535,2025-05-03 02:23:20,355,1,4384.45
1398,3536,2025-02-06 12:52:55,49,1,3584.0
1399,3539,2025-06-16 22:36:51,491,1,912.64
1400,3544,2025-02-12 05:08:12,359,1,7693.07
1401,3544,2025-02-28 00:10:19,241,1,11168.82
1402,3546,2025-05-01 06:17:04,149,1,10316.11
1403,3550,2025-04-13 04:49:11,369,2,28785.18
1404,3559,2025-05-07 20:01:30,246,2,8971.84
1405,3567,2025-01-05 18:20:16,254,2,32119.52
1406,3571,2025-01-14 07:49:46,494,1,495.37
1407,3572,2025-05-28 09:19:15,171,1,15094.37
1408,3572,2025-06-05 07:42:32,470,1,1252.58
1409,3574,2025-05-04 03:07:15,392,1,3931.31
1410,3576,2025-01-10 06:08:19,53,1,67150.12
1411,3577,2025-03-27 16:37:04,262,2,74114.38
1412,3578,2025-03-11 23:00:50,62,2,40860.16
1413,3578,2025-03-20 18:05:27,180,1,22619.63
1414,3579,2025-06-04 09:04:24,48,1,5407.24
1415,3581,2025-04-30 07:24:06,270,1,514.56
1416,3584,2025-01-21 18:18:25,145,1,5753.8
1417,3591,2025-01-30 20:27:37,210,2,25754.16
1418,3592,2025-06-02 17:08:22,3,1,10094.67
1419,3593,2025-05-13 10:33:50,279,1,11780.7
1420,3595,2025-05-28 19:42:24,231,1,2920.42
1421,3596,2025-03-26 16:51:42,200,1,7837.57
1422,3608,2025-05-12 03:28:01,368,1,49977.44
1423,3608,2025-05-22 18:34:09,217,2,7579.78
1424,3610,2025-05-12 08:14:03,389,1,3219.85
1425,3611,2025-02-02 06:18:15,115,1,16709.38
1426,3613,2025-06-18 12:10:09,350,1,4462.47
1427,3615,2025-01-27 06:46:09,331,1,10724.43
1428,3618,2025-03-19 01:00:55,63,2,17144.78
1429,3621,2025-06-10 20:07:46,352,1,29524.41
1430,3624,2025-01-23 15:17:04,323,2,42754.58
1431,3626,2025-01-19 01:46:18,79,2,28589.74
1432,3627,2025-03-16 09:06:12,314,1,6987.52
1433,3630,2025-06-03 00:59:14,118,1,2075.07
1434,3631,2025-04-16 07:46:06,441,2,2293.42
1435,3633,2025-04-14 21:16:13,281,1,8575.04
1436,3639,2025-03-21 12:54:26,257,1,2435.84
1437,3640,2025-01-31 22:28:53,269,2,231029.86
1438,3642,2025-02-09 02:55:52,26,1,10901.13
1439,3646,2025-01-27 20:46:37,15,1,9205.01
1440,3650,2025-03-26 14:50:14,130,2,32537.78
1441,3657,2025-02-11 18:48:13,390,1,3926.05
1442,3657,2025-03-17 11:50:54,64,1,23300.53
1443,3660,2025-04-26 08:30:52,105,1,7627.67
1444,3661,2025-01-08 14:34:35,102,1,25792.01
1445,3663,2025-05-04 12:44:32,466,1,31559.05
1446,3674,2025-04-20 07:09:56,404,2,27691.36
1447,3675,2025-02-23 17:38:55,122,1,24310.52
1448,3675,2025-02-27 18:45:47,399,1,17727.09
1449,3676,2025-06-03 08:57:13,58,1,33150.95
1450,3678,2025-06-16 07:46:46,96,1,1401.59
1451,3678,2025-06-19 10:28:25,474,1,15410.11
1452,3680,2025-02-20 12:16:17,177,1,6007.88
1453,3680,2025-03-02 11:21:20,187,1,43342.31
1454,3682,2025-03-12 05:40:51,343,2,142882.12
1455,3685,2025-06-30 18:43:17,138,1,6720.91
1456,3687,2025-04-22 14:23:53,213,1,14323.4
1457,3689,2025-05-07 14:14:26,12,2,20797.7
1458,3692,2025-05-11 04:01:57,230,1,3807.27
1459,3699,2025-06-10 09:22:28,56,1,29155.33
1460,3700,2025-04-12 02:32:48,15,1,9205.01
1461,3713,2025-05-13 15:06:03,318,1,19551.59
1462,3718,2025-03-20 19:32:17,136,2,4877.14
1463,3718,2025-04-01 17:40:55,121,1,8945.4
1464,3718,2025-04-13 20:10:03,267,1,20054.79
1465,3724,2025-03-06 00:17:05,437,1,1479.71
1466,3725,2025-05-17 08:00:23,287,2,10657.12
1467,3738,2025-03-22 04:00:58,159,1,30772.13
1468,3740,2025-05-19 08:30:36,325,1,13982.87
1469,3747,2025-03-29 14:33:05,374,2,20918.58
1470,3748,2025-03-29 12:16:28,98,1,12583.05
1471,3752,2025-03-17 12:35:08,53,1,67150.12
1472,3753,2025-03-05 01:51:59,202,1,2128.85
1473,3756,2025-03-07 10:04:47,68,1,47179.0
1474,3757,2025-05-13 11:36:10,452,1,17758.26
1475,3757,2025-05-27 22:21:28,172,1,36415.92
1476,3763,2025-01-30 03:37:24,329,2,22429.6
1477,3766,2025-06-14 03:29:18,228,1,9440.11
1478,3768,2025-01-14 06:21:38,300,1,11130.88
1479,3769,2025-03-05 23:55:53,133,1,30464.02
1480,3771,2025-05-26 20:29:45,191,1,36768.02
1481,3771,2025-06-07 15:49:58,405,2,40179.26
1482,3772,2025-05-01 06:12:44,324,2,56002.14
1483,3780,2025-04-26 21:08:25,330,1,3233.01
1484,3780,2025-05-03 21:06:56,263,1,38988.81
1485,3783,2025-05-03 09:40:54,29,1,73838.2
1486,3796,2025-02-06 15:13:31,476,1,2319.27
1487,3797,2025-05-26 04:20:22,118,1,2075.07
1488,3799,2025-04-03 06:28:23,482,1,24845.6
1489,3804,2025-05-17 21:19:22,256,2,1095.16
1490,3804,2025-06-06 06:25:40,310,2,2165.56
1491,3812,2025-02-24 07:13:41,171,1,15094.37
1492,3815,2025-04-17 13:21:12,330,1,3233.01
1493,3817,2025-03-22 05:41:05,316,1,5050.1
1494,3820,2025-03-18 16:32:46,25,1,2943.92
1495,3820,2025-03-30 20:23:47,233,1,4628.25
1496,3821,2025-04-24 02:49:44,293,1,3662.24
1497,3824,2025-04-02 10:18:41,95,1,14154.76
1498,3827,2025-06-08 03:08:51,148,1,129106.55
1499,3831,2025-03-11 15:09:52,304,1,149568.6
1500,3836,2025-03-23 02:19:44,337,1,138096.58
1501,3837,2025-01-16 16:59:45,371,1,23547.53
1502,3840,2025-02-13 06:17:38,345,3,72738.6
1503,3840,2025-03-06 10:58:43,217,1,3789.89
1504,3843,2025-01-05 13:51:23,359,2,15386.14
1505,3844,2025-03-06 02:29:26,267,1,20054.79
1506,3845,2025-05-08 14:12:13,61,1,102219.65
1507,3850,2025-02-28 17:07:23,175,1,81468.72
1508,3852,2025-02-26 04:23:57,443,2,38179.88
1509,3852,2025-03-14 03:08:00,387,2,57708.72
1510,3852,2025-03-17 04:51:59,58,1,33150.95
1511,3854,2025-02-21 01:51:07,438,1,5413.4
1512,3857,2025-06-14 21:54:14,366,1,9798.21
1513,3858,2025-02-18 13:12:32,343,1,71441.06
1514,3861,2025-05-26 12:19:00,276,1,4843.01
1515,3862,2025-05-31 11:49:28,264,1,4577.56
1516,3863,2025-03-10 03:33:04,29,1,73838.2
1517,3863,2025-03-17 22:07:33,425,1,14314.74
1518,3864,2025-02-26 20:55:27,441,1,1146.71
1519,3866,2025-06-12 03:55:23,319,1,29688.49
1520,3867,2025-04-06 02:00:34,265,1,7512.87
1521,3868,2025-05-21 04:49:07,102,1,25792.01
1522,3871,2025-04-07 15:59:00,188,1,631.77
1523,3872,2025-04-16 19:50:45,110,1,18441.82
1524,3876,2025-03-13 12:26:42,439,1,35173.02
1525,3876,2025-03-26 02:43:56,308,2,21386.08
1526,3879,2025-05-21 04:19:41,323,1,21377.29
1527,3881,2025-04-08 13:30:12,92,1,3738.51
1528,3882,2025-02-27 07:15:27,133,1,30464.02
1529,3885,2025-05-04 19:02:20,401,1,11690.67
1530,3893,2025-06-15 09:37:33,442,1,27027.64
1531,3895,2025-01-11 03:27:58,180,1,22619.63
1532,3895,2025-02-14 11:48:24,253,1,9261.77
1533,3896,2025-06-14 02:53:39,135,1,13650.75
1534,3902,2025-02-15 10:37:51,110,1,18441.82
1535,3904,2025-05-25 20:51:25,269,1,115514.93
1536,3904,2025-06-12 02:07:09,164,1,100669.41
1537,3907,2025-02-12 21:50:04,156,1,8339.09
1538,3907,2025-02-25 14:02:52,466,1,31559.05
1539,3914,2025-05-10 19:07:14,302,3,116329.65
1540,3916,2025-06-30 12:00:32,204,1,3831.25
1541,3920,2025-01-04 22:10:22,397,2,76277.14
1542,3922,2025-05-11 03:00:20,217,1,3789.89
1543,3923,2025-04-21 17:59:13,410,1,90198.25
1544,3923,2025-04-26 02:09:31,19,1,2770.09
1545,3928,2025-05-24 10:53:40,36,3,52676.31
1546,3929,2025-02-23 23:22:40,134,1,3801.47
1547,3930,2025-04-15 14:43:54,402,1,19649.25
1548,3930,2025-05-07 10:58:52,316,1,5050.1
1549,3936,2025-05-25 22:05:14,84,2,4896.78
1550,3937,2025-03-26 23:22:00,431,1,6259.3
1551,3938,2025-06-21 11:31:35,152,1,7223.67
1552,3945,2025-02-09 02:34:42,289,2,233045.08
1553,3946,2025-02-23 09:53:04,136,2,4877.14
1554,3950,2025-02-19 16:14:54,199,1,130009.3
1555,3956,2025-01-21 09:07:28,241,1,11168.82
1556,3957,2025-03-21 05:49:22,202,1,2128.85
1557,3957,2025-04-04 22:51:42,298,1,12693.22
1558,3959,2025-04-03 13:27:40,490,1,12740.04
1559,3960,2025-04-21 06:37:05,264,1,4577.56
1560,3961,2025-02-24 19:29:30,242,3,27856.17
1561,3963,2025-02-14 14:44:34,143,2,26305.38
1562,3963,2025-03-05 19:00:16,39,1,19720.04
1563,3964,2025-03-10 23:39:18,236,1,19589.44
1564,3965,2025-05-13 18:20:56,387,1,28854.36
1565,3967,2025-06-14 12:08:18,116,1,13895.24
1566,3967,2025-06-21 08:28:59,365,2,27383.84
1567,3970,2025-06-26 09:50:13,276,1,4843.01
1568,3971,2025-05-21 00:44:26,283,2,77262.88
1569,3976,2025-03-16 19:34:07,483,1,43632.67
1570,3980,2025-01-25 06:56:40,300,1,11130.88
1571,3981,2025-05-05 20:51:42,121,1,8945.4
1572,3983,2025-06-03 15:44:43,377,1,6504.51
1573,3984,2025-02-04 11:39:09,88,1,38903.03
1574,3986,2025-05-08 01:31:38,303,2,2908.48
1575,3987,2025-06-17 07:37:18,40,1,1173.14
1576,3988,2025-04-02 17:12:27,483,1,43632.67
1577,3992,2025-05-01 11:49:14,492,1,8731.65
1578,3992,2025-05-12 05:05:30,157,1,103545.76
1579,3994,2025-02-04 03:24:39,123,3,112318.77
1580,3994,2025-02-15 03:46:38,20,1,1778.75
1581,3995,2025-06-23 01:35:24,462,1,22303.0
1582,3999,2025-02-17 20:14:27,305,1,2454.31
1583,4000,2025-02-11 10:55:35,347,1,26954.74
1584,4001,2025-06-28 10:07:52,447,1,1488.36
1585,4003,2025-06-21 06:19:28,168,1,9504.82
1586,4011,2025-05-29 17:37:09,78,1,149482.7
1587,4016,2025-04-23 13:31:55,121,1,8945.4
1588,4020,2025-06-15 15:55:47,130,3,48806.67
1589,4022,2025-01-07 13:08:41,477,1,37353.59
1590,4023,2025-02-17 22:49:14,241,1,11168.82
1591,4025,2025-02-12 00:15:05,287,2,10657.12
1592,4027,2025-06-12 05:29:41,189,1,9592.2
1593,4031,2025-01-16 22:22:35,250,2,41601.96
1594,4031,2025-01-27 06:19:39,17,1,20450.91
1595,4033,2025-02-16 00:11:28,302,1,38776.55
1596,4033,2025-02-23 23:27:18,129,1,358.85
1597,4033,2025-02-27 13:23:09,413,2,49504.66
1598,4033,2025-03-23 03:53:46,449,1,651.83
1599,4035,2025-02-17 04:27:22,129,1,358.85
1600,4036,2025-05-26 06:01:57,331,1,10724.43
1601,4042,2025-04-25 08:00:08,440,1,3107.23
1602,4046,2025-06-15 23:30:51,193,2,66056.82
1603,4048,2025-06-04 03:09:17,71,1,4426.79
1604,4062,2025-05-12 05:24:22,355,1,4384.45
1605,4064,2025-05-03 12:26:03,492,1,8731.65
1606,4064,2025-05-07 07:41:24,390,2,7852.1
1607,4067,2025-06-01 10:02:29,425,1,14314.74
1608,4069,2025-01-29 21:59:07,409,1,6296.47
1609,4074,2025-05-11 07:03:18,413,1,24752.33
1610,4075,2025-03-31 02:43:14,64,1,23300.53
1611,4076,2025-03-12 02:17:49,129,1,358.85
1612,4077,2025-04-19 11:22:29,102,1,25792.01
1613,4077,2025-05-07 00:33:42,490,1,12740.04
1614,4081,2025-05-15 17:02:33,349,2,24083.86
1615,4084,2025-03-28 02:56:34,52,1,4983.11
1616,4084,2025-04-11 20:41:00,310,1,1082.78
1617,4089,2025-06-04 10:18:17,373,1,4993.75
1618,4100,2025-02-02 00:47:47,463,1,6385.22
1619,4104,2025-03-15 01:03:04,140,2,99968.1
1620,4104,2025-03-27 01:59:46,201,1,13102.72
1621,4106,2025-01-19 13:05:23,130,1,16268.89
1622,4117,2025-04-05 17:25:35,153,1,1050.14
1623,4118,2025-04-02 05:04:43,379,2,59510.28
1624,4118,2025-04-10 00:29:51,290,1,4390.34
1625,4118,2025-04-22 12:55:44,257,2,4871.68
1626,4123,2025-01-22 20:19:36,375,1,2797.37
1627,4128,2025-01-22 07:32:46,324,1,28001.07
1628,4128,2025-02-04 14:37:14,19,1,2770.09
1629,4133,2025-06-18 21:56:39,191,1,36768.02
1630,4138,2025-03-17 09:30:50,382,2,35132.46
1631,4140,2025-01-29 00:02:30,165,2,3465.06
1632,4141,2025-05-28 22:57:25,440,1,3107.23
1633,4149,2025-05-15 23:35:17,5,1,111884.19
1634,4150,2025-03-18 23:20:33,238,2,40590.12
1635,4158,2025-01-27 22:10:26,128,1,7580.95
1636,4159,2025-02-24 11:31:47,130,1,16268.89
1637,4165,2025-06-01 11:03:48,264,1,4577.56
1638,4165,2025-06-18 11:50:59,269,2,231029.86
1639,4165,2025-06-22 23:54:45,381,3,28430.76
1640,4167,2025-03-24 14:09:07,410,2,180396.5
1641,4168,2025-02-25 04:12:32,141,1,78006.44
1642,4169,2025-02-24 05:50:02,414,1,20297.26
1643,4175,2025-02-25 01:07:32,264,2,9155.12
1644,4177,2025-01-22 23:57:01,335,1,6200.21
1645,4184,2025-05-02 22:59:26,48,3,16221.72
1646,4186,2025-06-07 13:16:22,327,1,8222.53
1647,4188,2025-03-06 02:20:44,66,1,7734.16
1648,4190,2025-03-13 12:13:25,153,1,1050.14
1649,4192,2025-06-13 07:03:51,433,1,10765.07
1650,4196,2025-04-27 03:28:31,384,1,4013.53
1651,4208,2025-03-05 07:30:32,68,2,94358.0
1652,4210,2025-05-22 18:02:25,263,1,38988.81
1653,4210,2025-06-13 09:27:21,89,2,231384.36
1654,4212,2025-04-07 17:50:16,294,2,69169.38
1655,4213,2025-05-06 22:47:03,7,3,4226.82
1656,4215,2025-02-24 15:58:18,107,1,11847.57
1657,4220,2025-06-29 15:33:12,230,1,3807.27
1658,4221,2025-03-19 16:15:01,368,1,49977.44
1659,4223,2025-01-26 09:11:34,398,1,9488.31
1660,4225,2025-02-24 14:36:26,127,1,37875.42
1661,4228,2025-02-18 06:20:54,106,1,4353.63
1662,4229,2025-06-10 12:51:39,152,2,14447.34
1663,4235,2025-05-21 12:34:16,224,1,14553.13
1664,4235,2025-06-07 03:04:27,40,1,1173.14
1665,4237,2025-04-03 13:42:28,403,1,25390.62
1666,4240,2025-06-14 09:22:10,55,1,24029.51
1667,4245,2025-06-11 20:47:12,387,1,28854.36
1668,4246,2025-06-18 05:31:45,38,1,12400.94
1669,4251,2025-05-06 11:07:00,259,1,9549.49
1670,4252,2025-03-03 23:47:21,454,1,3744.31
1671,4260,2025-03-15 17:51:45,452,2,35516.52
1672,4260,2025-03-22 12:22:38,399,2,35454.18
1673,4262,2025-04-05 08:13:14,306,1,4449.97
1674,4263,2025-05-09 08:13:07,498,1,13866.8
1675,4266,2025-03-20 19:19:40,36,1,17558.77
1676,4268,2025-04-23 00:41:36,401,2,23381.34
1677,4274,2025-04-19 04:00:34,141,2,156012.88
1678,4276,2025-06-03 13:58:07,362,1,539.2
1679,4277,2025-03-12 12:07:58,349,2,24083.86
1680,4278,2025-06-05 13:43:52,446,1,136780.08
1681,4279,2025-06-26 19:11:11,78,2,298965.4
1682,4280,2025-06-08 00:37:29,132,1,7791.77
1683,4282,2025-05-10 02:23:53,171,1,15094.37
1684,4282,2025-05-19 00:30:57,359,1,7693.07
1685,4283,2025-05-04 21:14:44,85,1,67271.34
1686,4284,2025-06-28 16:19:15,300,2,22261.76
1687,4286,2025-01-22 14:31:46,443,2,38179.88
1688,4287,2025-06-19 06:00:04,144,3,63407.31
1689,4289,2025-05-22 06:51:11,67,1,3245.55
1690,4297,2025-05-07 22:13:40,144,1,21135.77
1691,4297,2025-05-26 02:07:13,479,2,34124.1
1692,4304,2025-03-28 14:45:00,9,1,6572.8
1693,4305,2025-01-28 04:43:43,183,1,5734.14
1694,4305,2025-02-14 17:23:34,5,2,223768.38
1695,4308,2025-02-21 10:50:11,374,1,10459.29
1696,4311,2025-06-09 12:25:22,145,1,5753.8
1697,4313,2025-04-19 10:02:51,92,1,3738.51
1698,4316,2025-05-11 07:06:02,147,1,8701.96
1699,4317,2025-02-26 10:33:45,22,1,12590.38
1700,4318,2025-03-31 17:18:52,16,1,4159.96
1701,4318,2025-04-21 08:35:00,178,1,122025.22
1702,4322,2025-06-13 08:26:28,73,1,3184.93
1703,4324,2025-04-28 04:04:58,248,1,9420.12
1704,4324,2025-06-11 06:10:05,32,1,7276.12
1705,4326,2025-04-09 03:33:32,383,1,110906.1
1706,4326,2025-05-27 00:57:44,398,2,18976.62
1707,4332,2025-02-27 17:04:03,359,1,7693.07
1708,4338,2025-06-09 00:44:19,24,1,1604.34
1709,4340,2025-03-23 05:36:10,389,1,3219.85
1710,4340,2025-04-04 02:59:51,38,1,12400.94
1711,4350,2025-02-02 13:49:29,205,1,14938.64
1712,4351,2025-04-13 20:38:08,402,1,19649.25
1713,4353,2025-05-16 03:23:54,397,1,38138.57
1714,4357,2025-03-14 11:35:57,449,1,651.83
1715,4359,2025-06-10 22:44:36,320,3,100682.28
1716,4361,2025-01-24 11:42:28,253,1,9261.77
1717,4366,2025-01-23 21:11:18,165,2,3465.06
1718,4368,2025-06-19 14:41:00,472,1,47216.19
1719,4368,2025-06-29 23:57:19,95,1,14154.76
1720,4371,2025-02-24 11:49:51,169,1,2636.13
1721,4372,2025-04-12 08:42:30,409,1,6296.47
1722,4375,2025-02-02 05:48:45,360,1,10778.02
1723,4375,2025-02-26 19:15:58,347,1,26954.74
1724,4377,2025-04-20 03:58:01,325,1,13982.87
1725,4379,2025-04-14 20:05:20,182,1,5001.59
1726,4381,2025-06-11 19:50:39,93,2,11548.06
1727,4383,2025-05-10 08:33:56,317,1,2354.88
1728,4388,2025-04-01 21:22:21,195,1,17742.05
1729,4390,2025-01-13 19:49:48,497,1,4676.48
1730,4391,2025-05-27 01:27:46,5,1,111884.19
1731,4392,2025-05-01 10:38:34,16,1,4159.96
1732,4394,2025-02-15 10:34:58,491,3,2737.92
1733,4396,2025-05-14 11:43:18,399,2,35454.18
1734,4400,2025-05-20 06:47:11,113,2,15638.5
1735,4401,2025-02-25 14:14:13,150,2,39612.3
1736,4409,2025-05-12 02:29:30,438,1,5413.4
1737,4410,2025-02-03 12:43:02,355,2,8768.9
1738,4410,2025-02-24 02:34:58,246,1,4485.92
1739,4410,2025-03-13 15:29:49,234,1,69647.59
1740,4411,2025-06-19 23:19:03,92,1,3738.51
1741,4422,2025-06-18 19:39:34,217,1,3789.89
1742,4424,2025-04-13 12:30:10,121,1,8945.4
1743,4425,2025-05-08 22:50:45,377,2,13009.02
1744,4425,2025-06-16 07:18:55,63,1,8572.39
1745,4425,2025-06-28 04:03:24,350,1,4462.47
1746,4431,2025-04-28 06:57:35,106,2,8707.26
1747,4432,2025-01-23 03:34:48,339,1,464.88
1748,4436,2025-03-30 16:05:32,86,2,191478.18
1749,4442,2025-06-24 05:47:08,356,1,3337.9
1750,4443,2025-02-28 17:59:48,24,1,1604.34
1751,4445,2025-05-07 01:35:30,201,1,13102.72
1752,4447,2025-01-24 19:41:26,184,1,2970.14
1753,4450,2025-03-16 02:00:15,86,1,95739.09
1754,4455,2025-03-09 09:07:02,170,1,2620.79
1755,4464,2025-05-06 14:11:51,245,1,15399.15
1756,4466,2025-04-02 15:30:01,137,2,94621.06
1757,4471,2025-06-04 10:32:39,132,1,7791.77
1758,4474,2025-02-12 01:24:15,351,1,2039.17
1759,4474,2025-03-04 08:52:26,87,1,23788.74
1760,4476,2025-02-14 10:26:20,483,1,43632.67
1761,4477,2025-04-07 05:37:24,227,2,3729.02
1762,4480,2025-02-13 21:39:50,244,2,7549.56
1763,4481,2025-03-06 07:43:53,183,1,5734.14
1764,4486,2025-06-21 19:49:59,124,1,4288.14
1765,4488,2025-01-03 14:07:11,460,1,41328.67
1766,4489,2025-05-10 03:41:45,177,1,6007.88
1767,4489,2025-05-24 12:56:52,467,3,246035.31
1768,4490,2025-01-30 04:52:32,418,1,16621.38
1769,4492,2025-06-21 21:21:28,337,2,276193.16
1770,4494,2025-04-23 11:21:45,262,1,37057.19
1771,4495,2025-04-12 18:03:19,253,1,9261.77
1772,4497,2025-04-10 10:42:20,32,1,7276.12
1773,4502,2025-05-21 13:52:08,82,2,24783.08
1774,4504,2025-03-29 04:30:04,181,2,23739.52
1775,4508,2025-04-23 21:53:59,44,1,6132.16
1776,4508,2025-05-15 10:49:28,303,1,1454.24
1777,4513,2025-03-05 06:54:34,446,1,136780.08
1778,4514,2025-01-21 11:52:36,488,1,32780.58
1779,4514,2025-02-03 22:35:24,152,1,7223.67
1780,4516,2025-02-16 08:16:51,167,1,26417.09
1781,4516,2025-03-10 02:27:06,171,1,15094.37
1782,4521,2025-03-31 21:13:58,371,2,47095.06
1783,4522,2025-04-21 02:24:27,322,1,5485.52
1784,4525,2025-06-05 08:03:36,123,2,74879.18
1785,4526,2025-04-08 14:10:51,37,1,884.45
1786,4527,2025-05-13 10:13:51,21,1,14166.0
1787,4531,2025-01-23 23:36:16,260,1,13781.16
1788,4534,2025-04-19 14:22:24,259,1,9549.49
1789,4537,2025-05-08 09:11:33,317,2,4709.76
1790,4540,2025-01-12 10:12:41,242,2,18570.78
1791,4543,2025-04-28 01:39:39,188,1,631.77
1792,4544,2025-05-07 00:26:39,119,1,9009.08
1793,4547,2025-02-01 10:31:48,129,1,358.85
1794,4548,2025-05-26 23:31:45,343,2,142882.12
1795,4550,2025-05-19 08:57:47,411,1,2755.99
1796,4552,2025-03-04 23:10:58,33,1,17762.94
1797,4553,2025-03-19 09:32:51,71,2,8853.58
1798,4558,2025-03-09 08:34:55,122,1,24310.52
1799,4560,2025-06-11 22:25:17,178,3,366075.66
1800,4562,2025-03-30 02:27:35,404,1,13845.68
1801,4564,2025-01-30 10:12:15,279,1,11780.7
1802,4564,2025-02-13 01:55:03,382,1,17566.23
1803,4570,2025-06-07 16:16:42,234,1,69647.59
1804,4572,2025-05-30 22:58:09,226,1,1460.34
1805,4577,2025-05-04 09:51:19,252,1,5818.59
1806,4578,2025-03-28 12:37:56,402,2,39298.5
1807,4585,2025-02-17 19:03:40,11,1,55867.12
1808,4585,2025-02-21 08:28:12,184,1,2970.14
1809,4588,2025-05-01 11:16:03,143,1,13152.69
1810,4589,2025-03-11 19:54:37,192,1,33176.4
1811,4590,2025-04-14 06:18:41,263,1,38988.81
1812,4591,2025-02-24 03:44:18,483,1,43632.67
1813,4593,2025-04-24 09:09:50,61,1,102219.65
1814,4596,2025-05-24 09:58:39,2,1,19570.0
1815,4604,2025-05-15 17:02:47,387,1,28854.36
1816,4606,2025-02-02 00:51:53,300,1,11130.88
1817,4608,2025-05-29 15:14:34,463,1,6385.22
1818,4612,2025-01-19 08:27:59,60,1,5108.13
1819,4612,2025-01-22 09:43:56,54,1,4159.48
1820,4617,2025-05-18 04:57:17,393,1,13053.76
1821,4618,2025-06-19 08:03:58,117,1,1496.44
1822,4623,2025-03-15 00:44:05,341,2,8933.94
1823,4624,2025-06-13 00:58:17,128,1,7580.95
1824,4626,2025-06-04 02:37:04,103,2,84657.22
1825,4626,2025-06-07 22:35:45,91,1,115829.28
1826,4626,2025-06-28 17:38:32,287,1,5328.56
1827,4627,2025-06-16 17:10:10,103,1,42328.61
1828,4639,2025-02-14 16:58:45,330,1,3233.01
1829,4640,2025-05-10 19:24:41,286,1,3189.98
1830,4641,2025-06-11 18:17:48,300,2,22261.76
1831,4652,2025-04-11 03:39:59,493,1,17276.96
1832,4660,2025-05-26 17:17:45,236,1,19589.44
1833,4661,2025-01-22 21:16:19,81,1,47864.88
1834,4662,2025-06-05 23:21:33,117,3,4489.32
1835,4665,2025-06-07 15:02:33,465,1,17429.18
1836,4667,2025-03-11 09:58:56,499,1,3999.82
1837,4669,2025-01-13 23:01:27,126,1,15953.08
1838,4672,2025-03-30 20:11:26,193,1,33028.41
1839,4679,2025-03-05 19:38:28,399,1,17727.09
1840,4680,2025-06-11 21:50:55,495,1,13165.95
1841,4682,2025-03-08 09:07:25,297,1,17729.74
1842,4682,2025-03-30 20:12:56,291,2,2387.14
1843,4683,2025-04-29 03:18:22,383,1,110906.1
1844,4690,2025-03-21 15:25:33,349,2,24083.86
1845,4693,2025-05-30 20:00:39,39,2,39440.08
1846,4696,2025-01-23 19:46:20,222,2,16012.82
1847,4697,2025-05-03 12:34:22,245,1,15399.15
1848,4703,2025-06-17 23:15:48,273,1,8130.43
1849,4705,2025-03-28 22:31:34,278,1,12926.7
1850,4716,2025-02-01 11:02:54,312,1,24505.73
1851,4726,2025-05-29 02:21:05,372,3,3942.09
1852,4730,2025-01-11 20:08:40,97,1,623.51
1853,4731,2025-03-29 10:40:48,220,1,2583.92
1854,4732,2025-05-03 21:36:20,364,1,4874.98
1855,4736,2025-06-12 00:44:23,362,1,539.2
1856,4738,2025-03-28 03:37:42,159,1,30772.13
1857,4739,2025-05-08 18:49:05,487,1,17124.6
1858,4742,2025-02-16 22:30:07,117,1,1496.44
1859,4743,2025-01-02 13:10:22,66,2,15468.32
1860,4745,2025-04-10 05:39:20,335,1,6200.21
1861,4746,2025-01-30 23:36:42,441,1,1146.71
1862,4747,2025-01-29 22:35:44,184,1,2970.14
1863,4748,2025-05-03 09:26:33,124,2,8576.28
1864,4753,2025-01-16 00:42:34,67,2,6491.1
1865,4758,2025-01-29 20:58:46,114,2,7668.0
1866,4763,2025-04-10 09:54:30,141,1,78006.44
1867,4763,2025-05-15 08:25:20,140,1,49984.05
1868,4765,2025-02-28 11:34:01,330,1,3233.01
1869,4768,2025-05-22 08:12:41,30,1,43984.69
1870,4772,2025-03-05 15:49:01,132,1,7791.77
1871,4775,2025-03-07 08:54:25,304,1,149568.6
1872,4783,2025-05-05 22:26:21,308,1,10693.04
1873,4783,2025-06-06 16:49:06,109,2,26479.18
1874,4784,2025-06-16 18:24:33,295,1,13255.4
1875,4785,2025-02-16 16:40:21,241,1,11168.82
1876,4788,2025-04-27 06:11:44,161,1,49810.77
1877,4789,2025-01-03 08:36:33,162,1,6647.03
1878,4794,2025-03-29 14:36:13,348,1,11453.57
1879,4796,2025-02-15 10:07:10,479,1,17062.05
1880,4796,2025-03-19 22:43:35,18,1,1846.66
1881,4802,2025-05-19 18:07:10,486,2,11546.48
1882,4804,2025-03-30 09:34:50,287,1,5328.56
1883,4806,2025-02-13 07:14:51,58,1,33150.95
1884,4806,2025-02-21 18:38:02,197,1,1108.19
1885,4810,2025-02-04 20:27:29,391,1,7481.06
1886,4810,2025-02-27 02:01:08,401,1,11690.67
1887,4812,2025-01-27 05:00:18,226,2,2920.68
1888,4814,2025-05-25 23:47:53,267,1,20054.79
1889,4815,2025-03-16 07:24:03,329,1,11214.8
1890,4815,2025-04-20 09:38:26,26,2,21802.26
1891,4817,2025-03-25 09:15:01,288,1,11259.13
1892,4819,2025-06-13 23:10:40,50,1,9054.04
1893,4819,2025-06-24 17:29:23,56,1,29155.33
1894,4827,2025-04-28 05:05:13,47,2,12744.92
1895,4827,2025-05-29 07:22:01,279,1,11780.7
1896,4840,2025-02-17 10:26:27,295,1,13255.4
1897,4841,2025-04-11 13:57:56,73,1,3184.93
1898,4843,2025-04-12 18:46:32,444,1,148248.16
1899,4845,2025-05-26 08:25:58,118,2,4150.14
1900,4846,2025-03-19 11:55:28,189,1,9592.2
1901,4848,2025-05-09 08:01:21,436,2,36689.86
1902,4848,2025-05-20 09:54:15,189,1,9592.2
1903,4850,2025-06-03 05:30:27,24,1,1604.34
1904,4852,2025-06-11 00:51:38,18,1,1846.66
1905,4854,2025-04-14 11:27:23,360,1,10778.02
1906,4859,2025-06-04 21:50:03,208,2,6937.54
1907,4860,2025-04-29 13:43:13,114,1,3834.0
1908,4861,2025-01-21 18:03:12,206,1,23007.56
1909,4867,2025-02-02 22:54:21,306,1,4449.97
1910,4868,2025-03-27 02:41:06,58,1,33150.95
1911,4868,2025-04-13 01:46:39,456,1,19874.65
1912,4870,2025-06-13 11:58:45,31,1,2221.64
1913,4871,2025-04-24 12:19:32,413,1,24752.33
1914,4872,2025-03-26 16:35:03,53,2,134300.24
1915,4872,2025-05-03 22:57:16,409,2,12592.94
1916,4876,2025-02-10 00:16:56,202,2,4257.7
1917,4876,2025-03-18 00:29:47,105,1,7627.67
1918,4881,2025-01-07 12:27:31,332,1,502.68
1919,4881,2025-01-10 18:28:05,123,3,112318.77
1920,4882,2025-04-28 03:30:28,349,1,12041.93
1921,4884,2025-01-10 20:53:51,459,1,2696.03
1922,4886,2025-02-14 18:58:28,393,1,13053.76
1923,4890,2025-06-06 05:37:47,395,3,92237.79
1924,4894,2025-05-11 09:34:11,476,1,2319.27
1925,4898,2025-03-25 10:27:43,455,1,3164.97
1926,4899,2025-03-25 02:31:58,130,1,16268.89
1927,4906,2025-05-14 04:29:45,109,1,13239.59
1928,4910,2025-03-03 16:54:05,233,2,9256.5
1929,4915,2025-06-24 20:44:38,307,2,45516.54
1930,4917,2025-04-29 09:35:33,123,3,112318.77
1931,4919,2025-03-17 07:28:38,40,1,1173.14
1932,4920,2025-05-01 04:16:45,321,2,267370.16
1933,4922,2025-06-04 10:26:02,185,3,38970.87
1934,4923,2025-06-19 09:34:22,335,1,6200.21
1935,4924,2025-05-08 20:29:12,347,1,26954.74
1936,4924,2025-05-23 07:39:14,11,1,55867.12
1937,4928,2025-03-26 01:21:47,419,1,24719.61
1938,4930,2025-04-19 03:22:28,172,1,36415.92
1939,4934,2025-01-13 23:31:07,329,1,11214.8
1940,4936,2025-02-06 18:49:55,339,1,464.88
1941,4938,2025-04-02 22:16:36,25,1,2943.92
1942,4941,2025-05-06 15:56:41,174,2,5874.68
1943,4948,2025-05-25 13:51:01,152,3,21671.01
1944,4949,2025-02-11 14:53:38,50,2,18108.08
1945,4949,2025-02-24 06:37:12,278,1,12926.7
1946,4950,2025-01-25 08:24:52,303,1,1454.24
1947,4950,2025-02-06 16:16:43,226,1,1460.34
1948,4954,2025-05-18 02:00:55,31,1,2221.64
1949,4955,2025-01-04 13:58:57,462,3,66909.0
1950,4957,2025-04-14 06:16:37,283,1,38631.44
1951,4958,2025-03-20 16:17:12,273,1,8130.43
1952,4961,2025-06-05 13:06:28,67,1,3245.55
1953,4961,2025-06-24 11:02:06,61,2,204439.3
1954,4962,2025-06-09 01:03:59,309,1,2510.1
1955,4968,2025-06-02 04:54:59,158,1,2196.76
1956,4970,2025-06-20 11:56:24,231,3,8761.26
1957,4974,2025-01-26 21:29:29,243,1,2252.58
1958,4975,2025-06-13 19:07:05,93,1,5774.03
1959,4976,2025-06-27 10:10:07,480,2,70974.98
1960,4979,2025-06-06 03:47:46,201,2,26205.44
1961,4986,2025-04-23 04:42:07,160,2,27653.06
1962,4988,2025-01-29 00:24:40,466,1,31559.05
1963,4990,2025-04-29 04:49:04,4,1,110986.96
1964,4992,2025-03-14 22:39:36,336,1,11769.86
1965,4996,2025-04-22 07:28:56,267,1,20054.79
1966,4996,2025-05-01 01:02:41,43,1,11732.3
1967,4997,2025-02-15 20:22:17,494,1,495.37
1968,4999,2025-01-31 18:43:25,84,2,4896.78
1969,4999,2025-02-06 17:04:40,491,1,912.64
1970,4999,2025-02-21 07:06:46,393,1,13053.76
1971,5004,2025-05-18 13:46:13,332,1,502.68
1972,5010,2025-04-10 03:27:29,421,1,3913.39
1973,5012,2025-01-16 01:25:47,180,2,45239.26
1974,5014,2025-06-17 04:23:00,493,1,17276.96
1975,5016,2025-02-22 14:42:03,143,1,13152.69
1976,5019,2025-03-19 05:33:05,200,1,7837.57
1977,5023,2025-02-04 08:45:23,258,2,9168.36
1978,5024,2025-06-23 21:17:13,20,1,1778.75
1979,5029,2025-05-26 23:45:25,181,1,11869.76
1980,5029,2025-06-12 17:28:05,348,1,11453.57
1981,5030,2025-05-24 09:02:41,470,1,1252.58
1982,5032,2025-04-22 02:44:48,312,1,24505.73
1983,5034,2025-03-11 22:08:53,479,2,34124.1
1984,5039,2025-03-04 03:13:51,313,1,11749.91
1985,5040,2025-03-04 08:04:52,24,1,1604.34
1986,5045,2025-01-31 22:46:11,187,1,43342.31
1987,5046,2025-05-11 10:15:05,353,1,14609.61
1988,5047,2025-05-12 04:12:32,375,1,2797.37
1989,5049,2025-01-14 00:59:55,55,1,24029.51
1990,5052,2025-06-20 16:45:20,125,1,20320.95
1991,5065,2025-01-24 20:08:13,189,2,19184.4
1992,5065,2025-02-02 20:05:27,382,1,17566.23
1993,5066,2025-04-19 00:49:06,439,1,35173.02
1994,5067,2025-04-24 22:59:34,77,1,70509.53
1995,5069,2025-04-02 08:03:28,362,1,539.2
1996,5069,2025-04-09 15:12:13,113,1,7819.25
1997,5070,2025-02-26 14:00:54,174,1,2937.34
1998,5072,2025-05-04 11:02:48,96,1,1401.59
1999,5075,2025-05-31 12:03:53,122,1,24310.52
2000,5080,2025-05-17 13:20:14,163,1,7638.19
2001,5082,2025-06-19 19:54:55,489,1,8331.51
2002,5094,2025-01-08 17:21:32,181,2,23739.52
2003,5094,2025-01-28 08:28:13,310,1,1082.78
2004,5100,2025-05-16 17:50:17,256,1,547.58
2005,5100,2025-06-24 19:17:12,344,1,21107.94
2006,5101,2025-06-21 00:09:03,226,1,1460.34
2007,5103,2025-04-22 18:12:02,88,1,38903.03
2008,5106,2025-05-15 03:49:28,208,1,3468.77
2009,5107,2025-03-15 23:18:08,342,1,11288.79
2010,5108,2025-06-21 16:31:09,193,3,99085.23
2011,5109,2025-05-25 03:28:20,380,1,19492.66
2012,5111,2025-03-04 01:47:37,318,1,19551.59
2013,5112,2025-01-22 04:41:53,317,1,2354.88
2014,5121,2025-03-13 14:40:17,111,1,1028.45
2015,5125,2025-02-18 12:54:59,207,2,61432.06
2016,5129,2025-03-29 04:16:01,167,1,26417.09
2017,5129,2025-04-03 15:46:30,441,1,1146.71
2018,5133,2025-04-17 06:51:46,363,1,38026.37
2019,5134,2025-06-09 09:54:10,411,1,2755.99
2020,5135,2025-01-24 16:58:16,115,1,16709.38
2021,5137,2025-01-22 15:21:32,269,1,115514.93
2022,5138,2025-04-09 08:55:25,22,1,12590.38
2023,5140,2025-05-25 20:23:45,193,1,33028.41
2024,5141,2025-06-10 08:12:58,459,1,2696.03
2025,5142,2025-04-11 03:58:35,391,1,7481.06
2026,5144,2025-04-26 13:40:48,498,1,13866.8
2027,5147,2025-03-29 15:00:46,101,1,19086.83
2028,5151,2025-03-01 19:31:36,167,1,26417.09
2029,5151,2025-03-06 11:48:24,114,2,7668.0
2030,5152,2025-02-21 23:58:24,2,1,19570.0
2031,5157,2025-03-18 12:00:26,377,1,6504.51
2032,5157,2025-04-05 06:35:47,87,2,47577.48
2033,5158,2025-05-20 00:24:34,281,1,8575.04
2034,5164,2025-03-04 14:52:05,49,3,10752.0
2035,5165,2025-03-01 16:02:59,406,1,24419.24
2036,5167,2025-02-16 05:42:21,375,1,2797.37
2037,5171,2025-04-24 13:13:31,219,1,2535.54
2038,5174,2025-01-28 02:43:04,449,1,651.83
2039,5175,2025-02-02 13:52:30,66,1,7734.16
2040,5178,2025-03-16 23:55:36,267,1,20054.79
2041,5179,2025-03-25 04:00:41,214,1,20873.19
2042,5184,2025-02-11 09:12:56,66,2,15468.32
2043,5185,2025-03-30 12:19:31,260,2,27562.32
2044,5186,2025-03-04 08:06:22,54,2,8318.96
2045,5187,2025-03-31 00:49:08,467,2,164023.54
2046,5187,2025-04-18 08:20:27,137,1,47310.53
2047,5202,2025-06-29 22:42:52,438,2,10826.8
2048,5204,2025-03-22 09:44:55,240,1,29634.73
2049,5207,2025-06-10 23:51:32,375,1,2797.37
2050,5208,2025-03-29 16:33:50,55,1,24029.51
2051,5210,2025-03-19 04:33:31,105,2,15255.34
2052,5211,2025-04-17 01:56:14,141,3,234019.32
2053,5215,2025-03-27 08:32:09,419,1,24719.61
2054,5217,2025-02-06 17:33:58,194,1,1522.19
2055,5222,2025-05-07 21:55:58,294,1,34584.69
2056,5223,2025-05-29 01:33:04,192,2,66352.8
2057,5228,2025-01-23 12:18:47,262,1,37057.19
2058,5243,2025-05-17 19:44:21,302,1,38776.55
2059,5244,2025-05-06 05:16:27,29,1,73838.2
2060,5244,2025-05-25 18:35:41,333,1,4180.46
2061,5245,2025-06-01 21:51:56,317,1,2354.88
2062,5247,2025-04-25 07:27:52,409,1,6296.47
2063,5247,2025-04-29 23:58:43,67,1,3245.55
2064,5250,2025-06-29 04:42:55,230,2,7614.54
2065,5253,2025-01-19 19:32:15,269,1,115514.93
2066,5255,2025-03-01 21:39:01,48,2,10814.48
2067,5256,2025-06-25 03:52:59,464,1,28260.63
2068,5260,2025-02-11 15:08:25,14,1,3902.87
2069,5260,2025-02-25 12:31:39,238,2,40590.12
2070,5260,2025-03-08 19:27:20,446,1,136780.08
2071,5264,2025-06-14 18:09:29,68,2,94358.0
2072,5270,2025-01-13 08:05:36,449,1,651.83
2073,5276,2025-05-28 19:49:02,470,1,1252.58
2074,5277,2025-05-04 08:26:36,330,1,3233.01
2075,5278,2025-04-08 23:25:10,145,2,11507.6
2076,5282,2025-03-27 18:32:48,71,1,4426.79
2077,5289,2025-03-15 12:41:30,49,1,3584.0
2078,5292,2025-02-12 06:42:32,48,1,5407.24
2079,5292,2025-02-15 17:31:24,62,1,20430.08
2080,5293,2025-01-21 17:49:43,173,1,3095.58
2081,5294,2025-05-07 09:57:41,9,1,6572.8
2082,5294,2025-05-25 04:13:41,13,2,5385.04
2083,5295,2025-05-01 11:50:05,381,1,9476.92
2084,5296,2025-05-01 06:15:16,336,1,11769.86
2085,5297,2025-02-18 14:20:11,319,1,29688.49
2086,5302,2025-06-28 14:54:02,169,3,7908.39
2087,5303,2025-04-23 05:06:12,40,2,2346.28
2088,5303,2025-05-03 11:20:26,246,1,4485.92
2089,5305,2025-01-19 19:14:59,119,1,9009.08
2090,5307,2025-02-27 18:19:14,405,1,20089.63
2091,5308,2025-03-23 01:12:33,204,1,3831.25
2092,5315,2025-04-14 23:56:51,158,2,4393.52
2093,5318,2025-06-20 18:23:40,1,1,7205.01
2094,5322,2025-04-03 18:38:14,204,1,3831.25
2095,5325,2025-03-27 16:48:25,292,1,9786.76
2096,5325,2025-03-31 07:09:10,105,2,15255.34
2097,5326,2025-04-18 01:42:20,173,2,6191.16
2098,5330,2025-03-09 19:56:01,330,1,3233.01
2099,5332,2025-05-15 00:08:43,392,2,7862.62
2100,5336,2025-03-02 10:36:10,376,2,29125.06
2101,5337,2025-02-05 10:05:10,23,1,24086.36
2102,5339,2025-03-15 01:14:07,107,1,11847.57
2103,5344,2025-06-25 16:06:07,216,2,86566.52
2104,5345,2025-06-25 09:25:27,408,2,17868.96
2105,5348,2025-06-07 11:53:14,434,2,188449.34
2106,5349,2025-04-09 07:10:56,257,2,4871.68
2107,5354,2025-02-15 09:50:42,468,1,141578.31
2108,5354,2025-02-27 09:36:38,430,1,24645.4
2109,5355,2025-02-23 16:56:46,166,1,15176.99
2110,5355,2025-04-02 13:57:43,250,1,20800.98
2111,5357,2025-02-25 00:56:01,460,2,82657.34
2112,5362,2025-06-25 14:59:36,302,1,38776.55
2113,5365,2025-06-07 04:24:03,440,2,6214.46
2114,5370,2025-06-14 17:08:35,203,2,26046.32
2115,5373,2025-03-13 01:12:48,430,1,24645.4
2116,5378,2025-02-19 10:04:44,219,1,2535.54
2117,5379,2025-04-29 05:40:01,176,1,15291.17
2118,5379,2025-05-02 21:34:05,496,1,31539.91
2119,5379,2025-06-04 14:19:59,121,2,17890.8
2120,5384,2025-03-18 08:57:59,51,1,10465.17
2121,5385,2025-06-27 12:22:59,68,2,94358.0
2122,5386,2025-04-28 15:14:39,386,2,60282.94
2123,5387,2025-01-13 22:13:15,465,1,17429.18
2124,5389,2025-05-17 00:40:40,35,2,6175.86
2125,5391,2025-06-10 15:16:00,7,1,1408.94
2126,5393,2025-01-29 10:36:36,85,1,67271.34
2127,5394,2025-05-04 11:56:49,397,1,38138.57
2128,5395,2025-02-07 20:33:58,124,1,4288.14
2129,5395,2025-03-11 22:23:38,52,1,4983.11
2130,5400,2025-06-07 00:00:47,422,1,8047.95
2131,5406,2025-01-14 21:03:59,215,1,30903.15
2132,5407,2025-02-16 04:17:57,182,1,5001.59
2133,5407,2025-03-05 18:58:09,2,1,19570.0
2134,5422,2025-02-07 09:55:30,217,1,3789.89
2135,5425,2025-06-16 05:17:32,247,1,9897.75
2136,5428,2025-02-15 01:35:59,212,1,105203.42
2137,5429,2025-02-04 20:05:11,273,2,16260.86
2138,5437,2025-06-30 04:28:24,254,1,16059.76
2139,5443,2025-06-04 19:48:23,34,3,6294.15
2140,5445,2025-04-23 16:15:16,26,1,10901.13
2141,5448,2025-03-10 03:54:28,389,1,3219.85
2142,5449,2025-03-15 00:08:52,434,1,94224.67
2143,5455,2025-06-17 03:11:20,182,1,5001.59
2144,5456,2025-06-09 22:15:19,88,1,38903.03
2145,5459,2025-03-18 02:20:59,141,1,78006.44
2146,5461,2025-06-06 20:37:44,339,1,464.88
2147,5461,2025-06-16 10:54:34,336,2,23539.72
2148,5470,2025-04-25 11:06:41,337,1,138096.58
2149,5476,2025-05-21 06:58:11,291,1,1193.57
2150,5477,2025-02-27 15:11:30,178,2,244050.44
2151,5477,2025-03-12 17:21:31,239,1,1734.95
2152,5479,2025-03-12 19:50:15,202,1,2128.85
2153,5481,2025-01-27 08:33:52,322,3,16456.56
2154,5482,2025-06-06 13:32:07,267,2,40109.58
2155,5483,2025-04-29 13:38:02,152,1,7223.67
2156,5486,2025-06-13 09:34:13,400,1,24109.01
2157,5488,2025-01-08 00:55:18,495,1,13165.95
2158,5489,2025-02-19 02:09:13,206,1,23007.56
2159,5497,2025-05-06 08:21:34,226,1,1460.34
2160,5498,2025-01-24 01:57:19,318,1,19551.59
2161,5499,2025-04-07 18:35:55,393,1,13053.76
2162,5499,2025-05-15 06:40:45,306,2,8899.94
2163,5500,2025-02-17 11:14:52,423,1,19615.97
2164,5502,2025-05-31 15:41:24,336,2,23539.72
2165,5503,2025-01-23 04:40:14,416,1,36650.72
2166,5504,2025-02-17 14:58:27,427,1,4312.66
2167,5506,2025-03-19 08:43:41,444,1,148248.16
2168,5507,2025-02-05 15:39:56,493,2,34553.92
2169,5508,2025-05-04 08:04:23,222,2,16012.82
2170,5508,2025-06-02 05:38:20,301,3,132768.63
2171,5513,2025-05-25 03:56:57,30,1,43984.69
2172,5515,2025-06-12 18:14:08,147,1,8701.96
2173,5517,2025-03-21 16:26:54,475,1,11694.47
2174,5518,2025-04-05 08:00:43,155,1,27789.39
2175,5523,2025-05-29 08:28:21,263,2,77977.62
2176,5526,2025-03-14 21:42:19,77,1,70509.53
2177,5529,2025-05-27 07:55:05,154,1,36463.8
2178,5531,2025-02-02 17:20:33,363,1,38026.37
2179,5532,2025-03-28 16:35:02,133,1,30464.02
2180,5541,2025-03-18 19:54:36,376,1,14562.53
2181,5544,2025-03-17 00:46:16,123,1,37439.59
2182,5546,2025-06-11 16:00:16,265,2,15025.74
2183,5547,2025-04-04 15:22:26,3,1,10094.67
2184,5553,2025-05-15 06:50:43,342,1,11288.79
2185,5555,2025-02-02 07:45:22,116,2,27790.48
2186,5555,2025-02-21 11:42:21,155,3,83368.17
2187,5557,2025-01-16 01:54:30,251,2,16656.58
2188,5558,2025-06-12 12:41:33,395,1,30745.93
2189,5559,2025-06-17 20:17:43,319,1,29688.49
2190,5559,2025-06-27 16:15:43,494,1,495.37
2191,5562,2025-01-18 23:28:19,441,1,1146.71
2192,5567,2025-03-23 00:04:06,57,2,110200.42
2193,5569,2025-06-25 10:33:58,478,3,112999.05
2194,5570,2025-03-17 03:16:51,359,3,23079.21
2195,5570,2025-03-21 15:29:46,283,1,38631.44
2196,5572,2025-05-26 00:49:22,373,2,9987.5
2197,5574,2025-04-20 06:41:40,102,2,51584.02
2198,5574,2025-05-28 00:39:28,493,1,17276.96
2199,5578,2025-04-29 11:02:47,74,1,24393.36
2200,5581,2025-04-05 00:28:59,47,1,6372.46
2201,5584,2025-03-25 09:33:52,421,1,3913.39
2202,5584,2025-04-15 16:52:43,367,2,11491.14
2203,5589,2025-03-27 18:13:30,229,1,30697.88
2204,5589,2025-04-11 06:00:22,411,1,2755.99
2205,5590,2025-02-03 19:30:28,255,1,3001.4
2206,5592,2025-01-25 02:53:13,23,1,24086.36
2207,5603,2025-03-08 17:17:22,108,1,5270.83
2208,5610,2025-04-14 14:12:47,385,1,347.25
2209,5611,2025-04-22 10:21:33,209,1,38411.37
2210,5611,2025-05-06 15:48:24,297,1,17729.74
2211,5617,2025-03-15 17:16:48,246,1,4485.92
2212,5620,2025-02-05 18:39:54,95,2,28309.52
2213,5621,2025-03-14 01:18:34,241,2,22337.64
2214,5622,2025-06-23 15:03:29,157,1,103545.76
2215,5624,2025-05-16 11:54:54,2,1,19570.0
2216,5625,2025-05-18 15:13:05,377,2,13009.02
2217,5627,2025-02-11 08:02:31,320,3,100682.28
2218,5629,2025-01-19 11:27:19,63,1,8572.39
2219,5631,2025-02-03 12:45:19,383,1,110906.1
2220,5631,2025-02-15 11:45:27,62,1,20430.08
2221,5631,2025-02-25 15:08:40,316,2,10100.2
2222,5632,2025-05-11 03:42:14,104,3,59073.72
2223,5640,2025-03-22 21:19:21,429,1,2789.86
2224,5643,2025-06-23 19:32:19,371,1,23547.53
2225,5649,2025-03-20 17:41:47,336,1,11769.86
2226,5649,2025-04-02 16:40:58,100,1,17574.95
2227,5650,2025-02-05 07:24:51,412,1,2747.39
2228,5653,2025-04-06 03:50:13,269,2,231029.86
2229,5654,2025-03-14 04:48:10,40,1,1173.14
2230,5654,2025-03-19 05:29:09,294,2,69169.38
2231,5654,2025-04-10 23:00:12,191,1,36768.02
2232,5657,2025-01-09 11:39:24,134,1,3801.47
2233,5657,2025-02-11 20:35:26,93,1,5774.03
2234,5659,2025-04-03 06:17:25,154,2,72927.6
2235,5664,2025-03-01 07:24:25,176,1,15291.17
2236,5673,2025-05-24 13:22:22,95,1,14154.76
2237,5674,2025-03-09 17:50:00,436,1,18344.93
2238,5676,2025-04-19 10:33:57,347,1,26954.74
2239,5676,2025-05-01 22:12:32,374,2,20918.58
2240,5682,2025-02-04 12:53:13,218,1,94208.34
2241,5682,2025-02-08 12:47:34,253,1,9261.77
2242,5685,2025-06-09 13:08:36,401,1,11690.67
2243,5688,2025-04-21 10:22:07,294,1,34584.69
2244,5688,2025-05-28 20:21:40,401,1,11690.67
2245,5689,2025-05-17 11:55:05,457,1,32494.5
2246,5689,2025-06-03 11:10:41,491,1,912.64
2247,5696,2025-03-01 05:17:17,14,1,3902.87
2248,5698,2025-04-02 09:44:28,484,1,92913.94
2249,5698,2025-04-11 12:02:16,398,1,9488.31
2250,5704,2025-04-24 02:23:11,160,1,13826.53
2251,5704,2025-05-01 22:42:19,218,1,94208.34
2252,5705,2025-06-25 14:08:47,455,1,3164.97
2253,5709,2025-06-29 20:41:17,23,1,24086.36
2254,5715,2025-02-10 11:44:14,381,1,9476.92
2255,5719,2025-03-02 07:16:06,13,2,5385.04
2256,5721,2025-01-10 15:18:19,293,2,7324.48
2257,5722,2025-03-27 23:14:26,288,1,11259.13
2258,5722,2025-04-17 14:49:35,204,2,7662.5
2259,5725,2025-04-02 10:47:07,314,1,6987.52
2260,5731,2025-04-27 20:18:41,225,1,3052.25
2261,5732,2025-03-10 14:46:00,192,1,33176.4
2262,5738,2025-01-17 10:37:50,263,1,38988.81
2263,5742,2025-03-19 08:55:45,105,1,7627.67
2264,5744,2025-03-19 23:40:01,242,1,9285.39
2265,5744,2025-04-08 22:30:23,432,1,16557.1
2266,5752,2025-06-23 04:13:37,285,3,347735.46
2267,5752,2025-06-28 22:09:22,21,1,14166.0
2268,5756,2025-04-15 00:55:42,55,2,48059.02
2269,5758,2025-03-26 13:19:17,145,1,5753.8
2270,5758,2025-04-17 03:25:15,135,1,13650.75
2271,5767,2025-02-02 10:23:26,27,1,1626.81
2272,5770,2025-05-03 10:56:09,242,1,9285.39
2273,5771,2025-06-21 10:19:36,63,2,17144.78
2274,5772,2025-01-27 16:40:55,223,1,11303.07
2275,5777,2025-06-27 01:22:43,104,1,19691.24
2276,5781,2025-02-21 20:00:00,29,1,73838.2
2277,5783,2025-05-22 01:58:53,434,3,282674.01
2278,5784,2025-04-08 22:17:28,91,1,115829.28
2279,5789,2025-02-18 11:28:31,395,1,30745.93
2280,5791,2025-03-29 16:20:40,381,1,9476.92
2281,5794,2025-05-06 00:15:44,399,1,17727.09
2282,5795,2025-05-20 16:52:00,133,1,30464.02
2283,5797,2025-03-21 21:31:35,196,1,1179.56
2284,5799,2025-05-09 00:45:46,77,1,70509.53
2285,5801,2025-06-27 17:28:09,89,1,115692.18
2286,5809,2025-03-08 13:05:15,254,2,32119.52
2287,5816,2025-03-03 15:39:33,468,1,141578.31
2288,5817,2025-03-16 07:48:57,62,1,20430.08
2289,5824,2025-01-21 21:16:21,295,1,13255.4
2290,5827,2025-02-18 11:58:19,377,1,6504.51
2291,5828,2025-03-03 07:51:41,22,2,25180.76
2292,5833,2025-03-05 06:03:11,484,1,92913.94
2293,5836,2025-03-23 05:27:07,101,1,19086.83
2294,5836,2025-03-31 22:44:39,71,1,4426.79
2295,5837,2025-05-10 22:19:54,146,1,9446.45
2296,5841,2025-04-03 23:05:32,96,1,1401.59
2297,5845,2025-03-31 16:54:19,360,1,10778.02
2298,5846,2025-06-06 17:54:54,277,1,134439.28
2299,5848,2025-06-09 12:46:00,296,1,108127.41
2300,5848,2025-06-21 05:29:33,173,2,6191.16
2301,5849,2025-04-11 14:28:41,496,1,31539.91
2302,5851,2025-03-21 16:47:15,215,2,61806.3
2303,5854,2025-04-18 16:47:13,368,1,49977.44
2304,5856,2025-02-14 23:12:17,481,1,3800.46
2305,5856,2025-02-20 20:07:28,346,1,14000.92
2306,5858,2025-03-09 08:20:01,290,2,8780.68
2307,5859,2025-05-21 23:44:43,305,3,7362.93
2308,5859,2025-06-28 06:54:12,233,1,4628.25
2309,5860,2025-04-16 17:48:29,387,1,28854.36
2310,5867,2025-05-10 03:06:56,341,1,4466.97
2311,5868,2025-01-13 13:19:41,489,1,8331.51
2312,5875,2025-01-15 04:36:08,496,1,31539.91
2313,5877,2025-01-22 15:31:28,405,1,20089.63
2314,5879,2025-01-13 07:36:20,354,2,27786.1
2315,5881,2025-03-11 09:33:30,275,1,3307.48
2316,5886,2025-06-10 19:39:27,479,2,34124.1
2317,5888,2025-05-20 08:19:26,403,1,25390.62
2318,5893,2025-05-27 12:19:19,370,1,18904.41
2319,5894,2025-01-19 07:48:06,267,1,20054.79
2320,5897,2025-04-12 19:33:25,107,2,23695.14
2321,5897,2025-04-29 06:36:54,246,3,13457.76
2322,5898,2025-05-03 06:41:23,148,2,258213.1
2323,5905,2025-03-16 16:34:59,185,1,12990.29
2324,5908,2025-06-12 22:22:13,155,1,27789.39
2325,5914,2025-02-03 10:09:05,494,1,495.37
2326,5917,2025-04-26 09:57:46,275,1,3307.48
2327,5919,2025-02-01 12:22:29,439,1,35173.02
2328,5921,2025-04-23 03:20:29,219,3,7606.62
2329,5923,2025-02-14 07:00:15,457,1,32494.5
2330,5923,2025-03-07 23:22:22,87,1,23788.74
2331,5930,2025-02-23 11:01:44,152,1,7223.67
2332,5931,2025-05-26 03:29:05,372,3,3942.09
2333,5934,2025-01-04 13:28:06,52,1,4983.11
2334,5938,2025-05-14 12:00:19,437,1,1479.71
2335,5943,2025-06-10 17:38:14,405,1,20089.63
2336,5945,2025-04-30 02:33:32,243,1,2252.58
2337,5947,2025-01-13 22:16:32,201,1,13102.72
2338,5948,2025-02-16 00:32:57,320,1,33560.76
2339,5948,2025-03-03 10:21:57,302,1,38776.55
2340,5949,2025-02-22 10:44:32,311,1,90815.28
2341,5952,2025-03-17 01:12:50,194,1,1522.19
2342,5953,2025-06-11 14:03:16,446,1,136780.08
2343,5956,2025-02-24 21:58:40,201,1,13102.72
2344,5962,2025-04-14 13:30:01,144,1,21135.77
2345,5964,2025-02-27 19:01:40,422,1,8047.95
2346,5965,2025-04-04 00:44:40,421,2,7826.78
2347,5967,2025-05-19 06:28:46,84,1,2448.39
2348,5970,2025-05-02 14:56:44,247,1,9897.75
2349,5977,2025-06-26 14:57:46,53,1,67150.12
2350,5979,2025-03-14 14:47:25,195,1,17742.05
2351,5980,2025-04-27 21:44:03,419,2,49439.22
2352,5981,2025-05-09 12:51:18,21,1,14166.0
2353,5981,2025-05-31 10:35:53,206,2,46015.12
2354,5984,2025-02-25 23:24:08,51,2,20930.34
2355,5986,2025-05-23 06:40:00,277,3,403317.84
2356,5988,2025-04-07 14:01:44,331,1,10724.43
2357,5989,2025-01-13 08:20:54,327,1,8222.53
2358,5989,2025-02-03 12:43:31,458,1,50236.06
2359,5995,2025-03-08 17:13:08,7,1,1408.94
2360,6002,2025-02-20 19:50:30,149,1,10316.11
2361,6006,2025-03-09 05:28:00,390,2,7852.1
2362,6009,2025-06-07 00:41:28,378,2,31990.34
2363,6012,2025-06-21 13:25:59,484,1,92913.94
2364,6014,2025-04-12 19:55:02,448,1,18494.26
2365,6019,2025-05-24 05:47:35,413,1,24752.33
2366,6020,2025-01-05 14:15:28,225,2,6104.5
2367,6024,2025-02-27 10:18:14,203,1,13023.16
2368,6024,2025-03-18 22:11:04,85,2,134542.68
2369,6028,2025-03-18 03:31:03,443,2,38179.88
2370,6028,2025-03-27 09:56:32,428,1,147572.66
2371,6028,2025-04-12 07:23:12,366,1,9798.21
2372,6033,2025-05-06 12:13:54,89,1,115692.18
2373,6033,2025-05-17 22:36:36,305,1,2454.31
2374,6034,2025-06-09 08:34:33,178,2,244050.44
2375,6036,2025-03-09 12:21:47,73,1,3184.93
2376,6036,2025-03-26 11:47:59,74,1,24393.36
2377,6038,2025-06-02 19:42:38,36,2,35117.54
2378,6041,2025-05-11 09:05:40,164,2,201338.82
2379,6049,2025-03-01 01:57:07,325,1,13982.87
2380,6054,2025-06-27 21:50:34,176,1,15291.17
2381,6057,2025-03-18 16:41:52,383,1,110906.1
2382,6057,2025-04-03 06:56:28,199,1,130009.3
2383,6058,2025-01-19 09:13:39,37,1,884.45
2384,6061,2025-06-07 11:53:04,73,1,3184.93
2385,6061,2025-06-15 08:52:08,366,1,9798.21
2386,6062,2025-02-27 23:06:13,407,1,1432.1
2387,6063,2025-05-28 14:00:25,201,2,26205.44
2388,6064,2025-06-21 16:24:10,459,1,2696.03
2389,6066,2025-05-29 16:25:21,340,1,86475.35
2390,6073,2025-01-25 08:33:56,300,1,11130.88
2391,6083,2025-03-09 17:11:20,344,2,42215.88
2392,6088,2025-04-02 22:25:22,281,2,17150.08
2393,6097,2025-05-04 18:56:42,467,1,82011.77
2394,6098,2025-01-15 01:03:32,276,2,9686.02
2395,6100,2025-06-23 15:17:54,60,1,5108.13
2396,6101,2025-02-10 04:46:30,144,1,21135.77
2397,6114,2025-02-11 00:17:28,402,2,39298.5
2398,6115,2025-02-22 20:41:39,84,1,2448.39
2399,6121,2025-04-06 10:53:59,318,1,19551.59
2400,6125,2025-06-02 10:13:16,318,2,39103.18
2401,6125,2025-06-19 02:39:25,197,1,1108.19
2402,6128,2025-01-27 08:56:06,172,1,36415.92
2403,6128,2025-02-12 15:38:16,286,2,6379.96
2404,6132,2025-02-06 00:01:55,161,1,49810.77
2405,6143,2025-04-22 21:14:29,99,1,58745.84
2406,6143,2025-05-05 10:25:13,68,1,47179.0
2407,6145,2025-02-07 07:26:18,369,1,14392.59
2408,6146,2025-04-13 19:49:51,476,1,2319.27
2409,6147,2025-06-05 03:32:16,62,2,40860.16
2410,6150,2025-01-19 13:30:40,177,1,6007.88
2411,6152,2025-05-07 20:26:16,421,1,3913.39
2412,6157,2025-03-28 18:58:34,185,1,12990.29
2413,6159,2025-03-31 00:15:43,328,2,15534.2
2414,6164,2025-06-05 17:45:02,483,1,43632.67
2415,6169,2025-05-27 12:06:32,112,1,6810.44
2416,6172,2025-03-05 16:54:46,427,1,4312.66
2417,6177,2025-05-23 22:12:20,8,1,2149.22
2418,6182,2025-03-09 16:05:18,380,1,19492.66
2419,6185,2025-01-21 09:10:43,179,2,227473.0
2420,6186,2025-03-16 09:25:58,165,1,1732.53
2421,6186,2025-04-04 15:12:34,188,2,1263.54
2422,6190,2025-02-09 06:01:05,70,2,10917.36
2423,6191,2025-01-14 18:14:41,118,2,4150.14
2424,6192,2025-06-10 05:57:55,139,2,2017.22
2425,6193,2025-01-12 16:05:59,153,1,1050.14
2426,6196,2025-04-21 03:17:47,246,3,13457.76
2427,6204,2025-05-14 11:16:17,131,1,10203.73
2428,6205,2025-02-21 11:56:39,52,1,4983.11
2429,6212,2025-02-09 22:05:15,50,2,18108.08
2430,6214,2025-06-28 11:42:15,481,1,3800.46
2431,6215,2025-06-21 12:00:59,7,1,1408.94
2432,6218,2025-02-17 18:43:50,331,1,10724.43
2433,6219,2025-03-11 13:00:19,154,1,36463.8
2434,6226,2025-04-11 11:03:57,277,1,134439.28
2435,6226,2025-04-16 14:11:44,378,1,15995.17
2436,6226,2025-04-21 02:34:54,9,1,6572.8
2437,6227,2025-02-19 14:55:17,368,1,49977.44
2438,6229,2025-03-27 19:07:39,16,2,8319.92
2439,6230,2025-05-25 17:14:14,361,2,27971.36
2440,6231,2025-06-15 07:55:53,384,3,12040.59
2441,6236,2025-05-11 08:54:46,94,2,18755.0
2442,6239,2025-04-17 22:09:25,374,1,10459.29
2443,6245,2025-01-24 18:53:54,372,1,1314.03
2444,6247,2025-06-12 02:07:04,394,2,41365.38
2445,6247,2025-06-23 03:46:12,299,1,9185.44
2446,6250,2025-05-14 03:47:57,272,1,11789.2
2447,6252,2025-03-22 07:18:18,289,1,116522.54
2448,6253,2025-03-29 04:11:21,500,1,101175.55
2449,6254,2025-03-15 16:16:20,150,1,19806.15
2450,6259,2025-06-07 04:51:46,179,2,227473.0
2451,6260,2025-01-31 09:33:23,377,2,13009.02
2452,6262,2025-05-22 08:37:53,252,1,5818.59
2453,6267,2025-03-26 03:07:42,32,1,7276.12
2454,6269,2025-01-30 21:34:04,390,1,3926.05
2455,6270,2025-06-01 18:41:08,488,1,32780.58
2456,6271,2025-04-26 10:22:23,156,1,8339.09
2457,6273,2025-05-02 20:02:14,261,2,38316.38
2458,6278,2025-06-12 08:30:17,301,1,44256.21
2459,6280,2025-01-21 01:32:19,383,3,332718.3
2460,6282,2025-05-20 21:43:37,332,1,502.68
2461,6282,2025-06-09 10:31:53,334,1,4204.59
2462,6284,2025-01-30 10:14:04,131,1,10203.73
2463,6284,2025-02-17 17:29:52,335,1,6200.21
2464,6285,2025-02-25 18:28:45,321,1,133685.08
2465,6287,2025-06-29 15:06:18,10,1,3952.37
2466,6288,2025-02-18 06:56:58,462,2,44606.0
2467,6289,2025-05-06 04:06:30,173,1,3095.58
2468,6290,2025-02-26 21:45:11,158,1,2196.76
2469,6292,2025-03-07 07:09:10,493,1,17276.96
2470,6294,2025-02-21 18:03:19,65,1,15098.74
2471,6294,2025-03-12 03:57:18,244,1,3774.78
2472,6298,2025-03-14 03:00:35,479,1,17062.05
2473,6300,2025-03-31 14:15:56,135,1,13650.75
2474,6303,2025-01-08 22:34:54,144,1,21135.77
2475,6305,2025-04-10 15:59:03,360,1,10778.02
2476,6309,2025-04-17 03:34:50,54,1,4159.48
2477,6312,2025-02-03 02:18:45,41,2,17001.34
2478,6312,2025-02-09 11:07:38,361,2,27971.36
2479,6317,2025-02-09 10:08:04,268,2,14775.66
2480,6321,2025-04-07 16:09:09,322,1,5485.52
2481,6324,2025-06-04 08:43:06,487,1,17124.6
2482,6325,2025-04-11 03:31:02,412,2,5494.78
2483,6326,2025-02-12 06:12:19,16,1,4159.96
2484,6328,2025-05-21 06:47:06,378,1,15995.17
2485,6331,2025-03-08 15:26:17,95,1,14154.76
2486,6332,2025-05-09 14:14:51,456,2,39749.3
2487,6333,2025-02-21 09:28:31,60,1,5108.13
2488,6334,2025-04-11 10:51:01,430,1,24645.4
2489,6337,2025-04-04 13:09:09,235,1,42017.2
2490,6337,2025-04-11 20:51:34,425,1,14314.74
2491,6343,2025-01-09 09:24:00,348,1,11453.57
2492,6343,2025-02-05 10:16:14,251,1,8328.29
2493,6345,2025-03-13 07:34:38,173,1,3095.58
2494,6348,2025-05-13 09:57:39,372,1,1314.03
2495,6350,2025-04-06 02:23:52,388,2,75217.0
2496,6350,2025-04-28 00:18:10,359,2,15386.14
2497,6355,2025-06-11 16:57:58,51,1,10465.17
2498,6358,2025-01-09 10:30:10,234,3,208942.77
2499,6369,2025-02-22 03:20:57,392,2,7862.62
2500,6372,2025-01-19 08:50:15,404,1,13845.68
2501,6374,2025-06-11 01:18:10,357,1,136130.58
2502,6375,2025-03-11 14:02:36,362,1,539.2
2503,6375,2025-04-08 12:09:19,380,1,19492.66
2504,6380,2025-04-02 07:52:40,188,2,1263.54
2505,6380,2025-04-11 17:35:57,391,1,7481.06
2506,6381,2025-02-25 10:13:52,370,1,18904.41
2507,6384,2025-06-12 05:37:23,469,1,8458.92
2508,6385,2025-06-29 13:19:51,159,2,61544.26
2509,6395,2025-05-19 12:47:22,291,1,1193.57
2510,6396,2025-05-29 10:01:30,215,1,30903.15
2511,6397,2025-01-13 12:13:06,237,2,46242.54
2512,6401,2025-04-08 07:28:59,316,1,5050.1
2513,6403,2025-05-12 18:45:35,273,1,8130.43
2514,6405,2025-06-05 16:36:25,428,1,147572.66
2515,6405,2025-06-19 10:24:40,143,1,13152.69
2516,6406,2025-04-21 09:42:10,359,2,15386.14
2517,6406,2025-05-05 14:17:08,236,1,19589.44
2518,6406,2025-05-27 07:04:40,362,1,539.2
2519,6408,2025-03-30 21:03:15,156,1,8339.09
2520,6409,2025-02-06 00:00:46,268,1,7387.83
2521,6412,2025-06-08 17:26:52,47,1,6372.46
2522,6414,2025-05-24 22:37:58,270,3,1543.68
2523,6415,2025-01-26 20:19:48,68,1,47179.0
2524,6420,2025-06-08 10:06:22,489,1,8331.51
2525,6422,2025-01-26 07:55:43,60,2,10216.26
2526,6426,2025-01-23 15:53:35,58,1,33150.95
2527,6429,2025-03-27 12:28:17,15,1,9205.01
2528,6433,2025-05-11 18:22:52,256,2,1095.16
2529,6435,2025-01-19 02:55:20,205,3,44815.92
2530,6441,2025-06-03 20:58:34,423,1,19615.97
2531,6443,2025-06-02 02:01:12,398,1,9488.31
2532,6447,2025-06-26 09:50:14,30,1,43984.69
2533,6450,2025-04-19 17:28:11,103,3,126985.83
2534,6451,2025-06-05 23:23:31,30,2,87969.38
2535,6453,2025-05-01 04:05:41,250,2,41601.96
2536,6454,2025-02-21 04:54:08,295,1,13255.4
2537,6461,2025-05-10 13:39:25,87,1,23788.74
2538,6465,2025-01-29 22:36:42,469,1,8458.92
2539,6473,2025-05-19 06:40:45,106,1,4353.63
2540,6476,2025-06-28 07:33:47,18,1,1846.66
2541,6478,2025-06-18 02:16:51,337,1,138096.58
2542,6483,2025-06-09 08:24:54,102,1,25792.01
2543,6484,2025-04-06 13:44:31,438,2,10826.8
2544,6487,2025-03-07 07:43:42,24,1,1604.34
2545,6491,2025-02-27 02:39:53,266,1,8000.62
2546,6492,2025-04-23 07:41:14,119,2,18018.16
2547,6494,2025-03-29 14:43:41,351,1,2039.17
2548,6495,2025-04-11 08:03:05,171,1,15094.37
2549,6498,2025-01-17 14:50:08,171,1,15094.37
2550,6502,2025-05-06 06:51:01,83,2,41118.5
2551,6503,2025-04-06 19:55:01,322,2,10971.04
2552,6514,2025-02-14 23:37:28,384,1,4013.53
2553,6515,2025-03-23 13:39:36,371,1,23547.53
2554,6517,2025-01-10 08:10:09,14,1,3902.87
2555,6517,2025-01-24 17:22:42,329,1,11214.8
2556,6518,2025-05-15 03:13:43,356,2,6675.8
2557,6529,2025-04-23 02:22:39,398,1,9488.31
2558,6532,2025-05-31 04:36:31,42,1,35405.28
2559,6532,2025-06-04 12:52:35,325,1,13982.87
2560,6533,2025-05-11 21:02:17,425,1,14314.74
2561,6534,2025-04-06 12:06:57,288,1,11259.13
2562,6535,2025-03-22 14:06:09,314,1,6987.52
2563,6535,2025-04-11 18:49:54,323,1,21377.29
2564,6538,2025-01-22 19:09:15,239,1,1734.95
2565,6539,2025-06-11 20:29:59,432,2,33114.2
2566,6545,2025-06-13 21:37:29,246,1,4485.92
2567,6555,2025-02-05 05:58:13,320,1,33560.76
2568,6556,2025-06-04 11:08:20,314,1,6987.52
2569,6557,2025-06-06 06:17:43,96,1,1401.59
2570,6559,2025-01-08 09:10:42,130,1,16268.89
2571,6560,2025-03-09 06:46:53,200,1,7837.57
2572,6560,2025-03-30 05:20:48,429,1,2789.86
2573,6560,2025-04-15 11:54:49,452,1,17758.26
2574,6563,2025-05-11 02:01:12,107,1,11847.57
2575,6567,2025-04-12 01:38:19,290,2,8780.68
2576,6571,2025-01-13 20:52:43,218,1,94208.34
2577,6573,2025-02-01 18:45:06,240,3,88904.19
2578,6573,2025-03-20 02:47:05,420,1,3770.66
2579,6578,2025-05-25 12:46:44,62,2,40860.16
2580,6578,2025-06-01 02:11:09,233,1,4628.25
2581,6580,2025-03-25 21:16:53,436,1,18344.93
2582,6580,2025-04-11 18:35:49,420,2,7541.32
2583,6581,2025-01-21 02:22:28,221,1,14298.27
2584,6581,2025-02-06 02:46:12,233,2,9256.5
2585,6584,2025-02-10 00:07:07,472,1,47216.19
2586,6589,2025-03-10 12:15:03,326,1,81782.53
2587,6589,2025-04-03 13:57:00,487,1,17124.6
2588,6589,2025-04-09 12:48:25,466,1,31559.05
2589,6591,2025-06-17 10:25:25,392,1,3931.31
2590,6593,2025-02-14 17:13:22,333,2,8360.92
2591,6593,2025-02-19 19:10:51,76,1,513.56
2592,6594,2025-05-24 00:06:44,444,1,148248.16
2593,6597,2025-06-15 03:07:59,478,1,37666.35
2594,6603,2025-05-11 21:51:54,301,2,88512.42
2595,6605,2025-02-15 14:59:50,373,1,4993.75
2596,6607,2025-06-30 12:10:07,330,1,3233.01
2597,6610,2025-06-02 14:45:58,98,1,12583.05
2598,6610,2025-06-13 07:37:17,484,1,92913.94
2599,6622,2025-05-16 06:52:03,112,2,13620.88
2600,6624,2025-06-29 06:58:16,100,1,17574.95
2601,6629,2025-02-11 11:04:25,69,1,7709.45
2602,6633,2025-05-25 19:30:53,470,1,1252.58
2603,6634,2025-06-15 21:01:41,95,2,28309.52
2604,6634,2025-06-28 21:15:09,357,1,136130.58
2605,6636,2025-02-14 02:25:48,112,1,6810.44
2606,6640,2025-05-30 22:46:41,368,2,99954.88
2607,6643,2025-04-15 16:59:21,54,2,8318.96
2608,6647,2025-04-30 04:00:01,196,3,3538.68
2609,6651,2025-02-18 07:48:41,408,1,8934.48
2610,6654,2025-03-08 05:23:33,89,1,115692.18
2611,6658,2025-02-09 15:17:57,371,3,70642.59
2612,6658,2025-02-24 04:38:56,417,1,32512.83
2613,6658,2025-03-17 20:13:35,452,1,17758.26
2614,6659,2025-01-30 15:24:07,141,1,78006.44
2615,6660,2025-03-29 21:59:55,372,1,1314.03
2616,6666,2025-03-03 06:25:46,349,1,12041.93
2617,6669,2025-05-01 12:38:57,14,1,3902.87
2618,6673,2025-05-27 17:46:07,470,1,1252.58
2619,6676,2025-02-26 07:44:18,328,1,7767.1
2620,6681,2025-02-27 13:10:14,497,2,9352.96
2621,6682,2025-05-28 09:01:39,302,1,38776.55
2622,6689,2025-02-22 21:57:50,138,1,6720.91
2623,6692,2025-05-29 10:36:37,435,1,4498.66
2624,6697,2025-05-29 13:33:31,344,1,21107.94
2625,6698,2025-03-11 02:15:10,303,1,1454.24
2626,6700,2025-04-08 05:13:24,254,1,16059.76
2627,6701,2025-05-07 13:27:22,395,1,30745.93
2628,6703,2025-05-29 02:36:41,271,1,35581.83
2629,6711,2025-02-28 17:46:02,161,1,49810.77
2630,6711,2025-03-21 21:33:42,458,1,50236.06
2631,6712,2025-06-23 06:40:34,14,1,3902.87
2632,6716,2025-01-04 12:00:13,164,1,100669.41
2633,6716,2025-01-07 19:13:59,431,2,12518.6
2634,6716,2025-01-21 12:15:42,178,1,122025.22
2635,6717,2025-04-15 02:56:36,101,2,38173.66
2636,6720,2025-03-29 06:26:17,443,1,19089.94
2637,6726,2025-03-06 15:23:37,133,2,60928.04
2638,6727,2025-06-05 12:02:07,57,1,55100.21
2639,6730,2025-02-28 10:37:08,375,2,5594.74
2640,6736,2025-05-22 03:27:33,326,1,81782.53
2641,6737,2025-06-03 00:23:27,236,3,58768.32
2642,6737,2025-06-07 21:50:46,423,3,58847.91
2643,6738,2025-03-09 12:43:31,429,1,2789.86
2644,6743,2025-03-14 11:33:14,282,1,1113.3
2645,6754,2025-06-11 00:07:16,266,1,8000.62
2646,6755,2025-05-26 10:30:07,107,1,11847.57
2647,6760,2025-06-13 10:37:40,119,1,9009.08
2648,6765,2025-06-06 06:20:10,163,3,22914.57
2649,6771,2025-03-29 04:37:24,253,1,9261.77
2650,6773,2025-05-14 09:51:18,345,1,24246.2
2651,6774,2025-03-02 09:13:41,414,2,40594.52
2652,6774,2025-03-24 06:26:59,84,1,2448.39
2653,6778,2025-05-26 09:36:32,229,2,61395.76
2654,6779,2025-04-01 18:22:43,140,2,99968.1
2655,6783,2025-06-11 00:39:54,232,1,3213.9
2656,6787,2025-06-25 05:06:28,376,2,29125.06
2657,6789,2025-06-29 23:55:34,130,1,16268.89
2658,6791,2025-05-20 19:03:56,491,1,912.64
2659,6793,2025-05-26 07:05:04,205,3,44815.92
2660,6796,2025-05-13 20:46:41,172,2,72831.84
2661,6796,2025-05-23 13:09:30,394,2,41365.38
2662,6799,2025-04-29 07:37:21,130,1,16268.89
2663,6799,2025-05-04 00:45:50,139,2,2017.22
2664,6803,2025-02-08 21:03:13,277,1,134439.28
2665,6803,2025-03-01 20:16:52,401,1,11690.67
2666,6803,2025-03-16 13:24:53,98,1,12583.05
2667,6806,2025-02-07 07:29:15,114,1,3834.0
2668,6807,2025-05-14 18:12:31,464,2,56521.26
2669,6813,2025-01-27 18:34:49,65,1,15098.74
2670,6815,2025-02-12 04:57:19,154,1,36463.8
2671,6819,2025-02-24 07:34:06,31,1,2221.64
2672,6821,2025-02-08 13:05:33,155,1,27789.39
2673,6822,2025-04-25 21:29:48,303,1,1454.24
2674,6826,2025-03-19 16:03:16,154,2,72927.6
2675,6828,2025-05-18 21:04:28,161,2,99621.54
2676,6829,2025-01-31 03:55:41,97,1,623.51
2677,6830,2025-01-22 19:35:02,228,1,9440.11
2678,6831,2025-01-31 08:24:03,228,1,9440.11
2679,6834,2025-01-24 04:54:22,222,1,8006.41
2680,6842,2025-06-04 14:33:24,158,1,2196.76
2681,6843,2025-04-29 01:52:20,317,1,2354.88
2682,6845,2025-04-06 00:51:12,365,1,13691.92
2683,6847,2025-06-05 04:45:46,36,2,35117.54
2684,6848,2025-05-30 20:10:07,131,1,10203.73
2685,6851,2025-02-15 16:16:21,247,1,9897.75
2686,6855,2025-06-05 06:11:16,61,2,204439.3
2687,6858,2025-03-25 12:24:41,330,1,3233.01
2688,6858,2025-04-02 10:01:14,211,2,62017.4
2689,6864,2025-02-12 18:00:21,203,1,13023.16
2690,6866,2025-02-14 07:43:31,363,2,76052.74
2691,6868,2025-03-09 07:13:42,148,1,129106.55
2692,6874,2025-06-10 08:16:58,357,2,272261.16
2693,6879,2025-06-10 15:14:32,328,1,7767.1
2694,6887,2025-06-26 11:53:58,318,1,19551.59
2695,6891,2025-05-24 21:15:09,290,1,4390.34
2696,6894,2025-05-14 10:36:25,195,2,35484.1
2697,6900,2025-02-13 11:15:19,282,1,1113.3
2698,6902,2025-03-08 14:15:13,190,1,27317.1
2699,6903,2025-05-08 04:16:07,298,1,12693.22
2700,6905,2025-03-18 19:25:29,97,1,623.51
2701,6910,2025-05-30 08:04:34,391,3,22443.18
2702,6920,2025-05-21 19:10:56,353,2,29219.22
2703,6921,2025-02-14 05:42:39,203,1,13023.16
2704,6925,2025-01-20 16:19:02,312,2,49011.46
2705,6928,2025-04-29 18:13:28,184,2,5940.28
2706,6932,2025-02-05 02:26:45,369,2,28785.18
2707,6934,2025-05-14 05:44:32,152,1,7223.67
2708,6935,2025-05-17 05:32:48,277,1,134439.28
2709,6936,2025-06-14 00:17:01,238,1,20295.06
2710,6940,2025-03-25 23:11:13,205,1,14938.64
2711,6942,2025-01-26 19:45:36,21,1,14166.0
2712,6943,2025-02-16 09:48:39,187,1,43342.31
2713,6943,2025-02-28 01:28:50,425,3,42944.22
2714,6949,2025-06-14 01:56:42,117,1,1496.44
2715,6954,2025-06-02 05:49:11,87,1,23788.74
2716,6957,2025-01-14 22:42:23,450,1,7501.43
2717,6958,2025-04-03 07:23:00,500,3,303526.65
2718,6958,2025-04-06 14:06:17,430,1,24645.4
2719,6961,2025-01-26 23:37:40,431,1,6259.3
2720,6962,2025-01-18 18:40:19,134,1,3801.47
2721,6962,2025-02-07 10:39:24,65,1,15098.74
2722,6963,2025-01-29 21:10:01,55,2,48059.02
2723,6966,2025-06-09 05:05:10,446,2,273560.16
2724,6967,2025-02-19 20:31:08,380,1,19492.66
2725,6970,2025-04-23 10:54:58,46,1,115208.75
2726,6970,2025-04-28 11:06:56,73,1,3184.93
2727,6982,2025-01-30 06:39:50,241,1,11168.82
2728,6983,2025-04-04 07:51:24,326,2,163565.06
2729,6984,2025-05-14 02:22:49,259,1,9549.49
2730,6985,2025-01-26 15:45:27,98,1,12583.05
2731,6986,2025-04-22 02:52:06,103,1,42328.61
2732,6988,2025-05-25 17:51:46,251,2,16656.58
2733,7001,2025-01-28 08:48:13,275,2,6614.96
2734,7003,2025-06-02 18:18:56,50,1,9054.04
2735,7003,2025-06-11 21:48:52,50,1,9054.04
2736,7006,2025-04-29 11:54:17,362,3,1617.6
2737,7006,2025-05-11 17:22:16,443,1,19089.94
2738,7008,2025-02-25 00:46:34,272,1,11789.2
2739,7011,2025-03-29 03:11:41,483,1,43632.67
2740,7012,2025-03-16 17:40:31,431,1,6259.3
2741,7013,2025-03-18 09:10:39,381,1,9476.92
2742,7013,2025-04-13 09:05:14,143,2,26305.38
2743,7013,2025-04-23 02:32:49,244,1,3774.78
2744,7013,2025-05-07 11:00:50,475,1,11694.47
2745,7015,2025-05-19 05:27:07,380,1,19492.66
2746,7017,2025-04-04 05:17:57,470,1,1252.58
2747,7019,2025-04-17 22:59:17,326,3,245347.59
2748,7020,2025-02-15 23:02:07,58,2,66301.9
2749,7020,2025-02-20 20:24:22,419,1,24719.61
2750,7022,2025-05-27 09:00:33,349,1,12041.93
2751,7024,2025-06-18 00:48:02,292,1,9786.76
2752,7028,2025-03-06 00:48:32,396,1,110532.21
2753,7029,2025-05-05 12:05:55,398,1,9488.31
2754,7035,2025-06-16 21:56:55,208,1,3468.77
2755,7036,2025-06-18 15:10:49,243,3,6757.74
2756,7038,2025-05-07 12:40:44,311,1,90815.28
2757,7041,2025-04-19 13:38:24,10,2,7904.74
2758,7043,2025-04-18 23:54:07,350,1,4462.47
2759,7051,2025-04-18 13:55:40,230,3,11421.81
2760,7052,2025-05-03 12:43:27,409,1,6296.47
2761,7053,2025-02-07 22:26:59,330,1,3233.01
2762,7065,2025-06-18 02:46:20,3,2,20189.34
2763,7065,2025-06-28 22:19:19,62,2,40860.16
2764,7070,2025-02-15 05:02:28,315,1,33862.07
2765,7072,2025-06-13 04:28:02,140,1,49984.05
2766,7078,2025-06-12 19:18:26,460,3,123986.01
2767,7084,2025-04-20 07:38:06,141,1,78006.44
2768,7086,2025-05-09 04:27:40,297,1,17729.74
2769,7091,2025-01-26 05:02:59,122,1,24310.52
2770,7091,2025-02-02 02:31:48,444,1,148248.16
2771,7095,2025-05-22 15:15:23,367,1,5745.57
2772,7099,2025-03-22 21:39:22,368,2,99954.88
2773,7101,2025-05-14 05:20:14,331,2,21448.86
2774,7106,2025-05-17 02:38:42,443,1,19089.94
2775,7106,2025-06-06 08:46:34,286,1,3189.98
2776,7106,2025-06-14 16:19:31,106,1,4353.63
2777,7110,2025-03-03 01:01:17,428,1,147572.66
2778,7111,2025-04-05 22:57:47,359,1,7693.07
2779,7112,2025-04-05 16:06:54,469,1,8458.92
2780,7112,2025-04-12 22:42:59,288,1,11259.13
2781,7122,2025-03-19 20:18:57,103,1,42328.61
2782,7125,2025-03-28 15:13:14,241,2,22337.64
2783,7129,2025-03-17 12:46:54,234,1,69647.59
2784,7133,2025-06-07 11:43:24,131,1,10203.73
2785,7139,2025-02-10 20:58:32,446,1,136780.08
2786,7145,2025-03-31 15:50:29,432,2,33114.2
2787,7148,2025-06-15 09:36:49,372,1,1314.03
2788,7157,2025-06-16 06:19:04,216,1,43283.26
2789,7158,2025-02-27 17:35:36,110,1,18441.82
2790,7161,2025-02-20 05:12:21,197,3,3324.57
2791,7165,2025-04-04 07:30:53,135,1,13650.75
2792,7166,2025-05-23 13:55:46,431,2,12518.6
2793,7167,2025-06-22 14:32:07,454,3,11232.93
2794,7170,2025-05-29 03:29:56,364,2,9749.96
2795,7174,2025-06-25 03:52:21,287,1,5328.56
2796,7176,2025-05-10 17:46:21,276,1,4843.01
2797,7177,2025-01-31 09:00:05,161,1,49810.77
2798,7178,2025-06-14 19:25:34,166,3,45530.97
2799,7185,2025-06-28 16:42:02,487,3,51373.8
2800,7188,2025-02-20 10:36:26,430,1,24645.4
2801,7191,2025-04-18 16:51:32,324,1,28001.07
2802,7192,2025-04-09 14:12:34,264,2,9155.12
2803,7192,2025-04-15 11:33:45,446,2,273560.16
2804,7196,2025-03-17 00:12:25,253,2,18523.54
2805,7197,2025-03-19 00:20:16,198,1,7794.51
2806,7205,2025-02-09 21:57:58,285,3,347735.46
2807,7209,2025-01-18 23:49:44,365,1,13691.92
2808,7217,2025-06-12 18:54:18,127,1,37875.42
2809,7224,2025-03-28 20:38:44,379,1,29755.14
2810,7226,2025-03-02 23:50:45,55,1,24029.51
2811,7227,2025-05-24 13:08:38,274,1,21627.09
2812,7228,2025-04-23 02:50:51,16,1,4159.96
2813,7230,2025-06-20 22:36:19,308,2,21386.08
2814,7241,2025-01-16 04:07:21,419,1,24719.61
2815,7242,2025-03-04 09:03:15,332,3,1508.04
2816,7245,2025-01-09 19:13:20,135,1,13650.75
2817,7249,2025-06-29 21:45:38,131,1,10203.73
2818,7253,2025-04-05 21:57:18,376,2,29125.06
2819,7261,2025-01-29 18:59:44,421,1,3913.39
2820,7264,2025-05-07 01:16:59,123,1,37439.59
2821,7266,2025-03-02 12:10:35,227,2,3729.02
2822,7267,2025-06-19 07:03:51,2,1,19570.0
2823,7267,2025-06-26 12:25:26,110,3,55325.46
2824,7268,2025-06-01 21:13:25,351,1,2039.17
2825,7271,2025-05-11 16:34:00,44,1,6132.16
2826,7274,2025-03-18 03:42:51,197,2,2216.38
2827,7274,2025-04-10 23:02:55,210,1,12877.08
2828,7279,2025-06-11 19:55:46,80,1,124124.35
2829,7284,2025-02-18 21:22:48,337,2,276193.16
2830,7285,2025-03-16 19:43:25,208,1,3468.77
2831,7290,2025-03-11 18:52:22,25,2,5887.84
2832,7292,2025-06-25 15:24:07,485,1,26241.01
2833,7293,2025-03-11 22:59:20,372,1,1314.03
2834,7295,2025-06-04 04:35:52,276,1,4843.01
2835,7296,2025-04-04 19:40:49,482,3,74536.8
2836,7296,2025-04-14 09:48:42,72,1,43803.67
2837,7298,2025-05-05 06:41:14,212,1,105203.42
2838,7298,2025-05-14 22:53:26,74,1,24393.36
2839,7303,2025-03-27 07:03:11,333,1,4180.46
2840,7304,2025-02-03 12:51:35,200,2,15675.14
2841,7307,2025-04-24 16:13:29,251,1,8328.29
2842,7308,2025-05-12 10:52:08,314,2,13975.04
2843,7312,2025-02-21 08:46:16,272,1,11789.2
2844,7313,2025-02-19 13:21:31,145,1,5753.8
2845,7313,2025-03-31 04:01:58,201,1,13102.72
2846,7316,2025-05-23 12:01:06,335,1,6200.21
2847,7319,2025-06-01 08:39:17,78,3,448448.1
2848,7322,2025-06-23 10:51:01,1,1,7205.01
2849,7322,2025-06-28 00:24:58,310,1,1082.78
2850,7327,2025-05-19 10:57:15,58,1,33150.95
2851,7328,2025-04-03 17:53:24,93,2,11548.06
2852,7328,2025-04-23 08:25:31,221,1,14298.27
2853,7332,2025-02-08 20:57:22,364,1,4874.98
2854,7335,2025-03-21 08:21:24,111,2,2056.9
2855,7337,2025-02-24 05:57:11,411,1,2755.99
2856,7339,2025-01-25 09:50:31,410,1,90198.25
2857,7349,2025-01-30 14:58:02,43,2,23464.6
2858,7351,2025-02-02 08:41:15,471,1,29952.23
2859,7352,2025-02-24 08:24:53,306,1,4449.97
2860,7358,2025-05-13 08:46:36,267,1,20054.79
2861,7359,2025-05-24 15:02:09,417,2,65025.66
2862,7360,2025-01-05 09:24:43,450,1,7501.43
2863,7364,2025-05-10 09:29:40,354,2,27786.1
2864,7374,2025-02-23 13:17:36,117,1,1496.44
2865,7375,2025-02-19 08:09:32,499,1,3999.82
2866,7377,2025-04-04 16:44:17,339,1,464.88
2867,7384,2025-02-22 21:45:41,168,1,9504.82
2868,7389,2025-02-10 01:35:29,98,1,12583.05
2869,7392,2025-03-09 20:26:20,152,3,21671.01
2870,7396,2025-04-26 09:50:11,213,1,14323.4
2871,7397,2025-01-14 12:03:13,474,1,15410.11
2872,7399,2025-03-22 22:22:18,396,2,221064.42
2873,7401,2025-02-09 13:53:53,450,1,7501.43
2874,7401,2025-03-01 08:47:01,351,2,4078.34
2875,7404,2025-03-15 06:28:41,38,2,24801.88
2876,7405,2025-04-12 19:27:33,484,1,92913.94
2877,7406,2025-06-29 13:59:23,341,2,8933.94
2878,7408,2025-04-27 13:40:01,118,1,2075.07
2879,7410,2025-03-26 10:23:59,473,1,1074.49
2880,7412,2025-01-31 06:30:09,7,1,1408.94
2881,7414,2025-01-26 14:47:49,383,3,332718.3
2882,7415,2025-02-05 22:49:49,41,1,8500.67
2883,7416,2025-04-06 01:02:58,52,1,4983.11
2884,7418,2025-05-09 17:14:51,46,1,115208.75
2885,7419,2025-04-30 21:20:13,345,1,24246.2
2886,7424,2025-04-20 06:42:25,217,2,7579.78
2887,7426,2025-01-24 01:09:58,2,1,19570.0
2888,7430,2025-02-02 18:26:17,77,1,70509.53
2889,7430,2025-02-08 18:42:18,20,2,3557.5
2890,7432,2025-05-01 06:24:30,24,1,1604.34
2891,7433,2025-05-04 04:45:49,94,2,18755.0
2892,7438,2025-05-15 22:00:57,450,2,15002.86
2893,7441,2025-04-12 23:22:37,233,1,4628.25
2894,7444,2025-06-25 19:35:45,341,2,8933.94
2895,7452,2025-06-04 11:26:43,299,1,9185.44
2896,7458,2025-05-24 13:22:36,400,1,24109.01
2897,7462,2025-06-03 04:58:56,94,1,9377.5
2898,7464,2025-02-04 15:56:08,398,1,9488.31
2899,7467,2025-02-26 22:45:57,303,1,1454.24
2900,7468,2025-04-03 00:49:05,71,1,4426.79
2901,7468,2025-04-12 21:07:54,17,2,40901.82
2902,7470,2025-02-16 00:07:07,89,1,115692.18
2903,7472,2025-06-21 23:05:48,187,1,43342.31
2904,7478,2025-04-12 03:34:42,306,2,8899.94
2905,7480,2025-03-09 21:04:46,173,2,6191.16
2906,7481,2025-01-03 06:55:11,400,1,24109.01
2907,7481,2025-01-22 19:10:52,386,2,60282.94
2908,7484,2025-06-30 12:52:12,260,1,13781.16
2909,7486,2025-05-21 22:14:37,156,3,25017.27
2910,7488,2025-02-18 04:09:02,221,1,14298.27
2911,7488,2025-02-22 10:58:20,185,1,12990.29
2912,7493,2025-02-16 21:33:56,31,2,4443.28
2913,7495,2025-06-20 20:56:27,446,1,136780.08
2914,7498,2025-03-19 03:43:44,377,1,6504.51
2915,7499,2025-02-05 01:56:41,171,1,15094.37
2916,7500,2025-02-07 00:15:09,142,3,30861.57
2917,7501,2025-03-27 17:10:20,146,1,9446.45
2918,7501,2025-04-10 09:48:08,458,1,50236.06
2919,7511,2025-05-02 00:15:04,101,1,19086.83
2920,7513,2025-05-27 03:21:01,162,2,13294.06
2921,7517,2025-03-25 20:01:59,428,2,295145.32
2922,7524,2025-05-03 04:15:05,169,1,2636.13
2923,7533,2025-03-22 18:53:37,271,1,35581.83
2924,7536,2025-06-23 01:40:45,349,1,12041.93
2925,7542,2025-03-31 06:45:15,435,1,4498.66
2926,7544,2025-05-23 13:50:03,407,2,2864.2
2927,7546,2025-01-27 10:07:01,391,1,7481.06
2928,7549,2025-03-19 09:08:47,124,2,8576.28
2929,7550,2025-06-09 13:56:02,125,1,20320.95
2930,7551,2025-03-07 20:55:52,159,1,30772.13
2931,7552,2025-06-19 19:09:24,290,1,4390.34
2932,7553,2025-05-13 13:32:04,42,1,35405.28
2933,7561,2025-05-09 09:20:14,220,1,2583.92
2934,7561,2025-05-28 09:26:10,122,2,48621.04
2935,7562,2025-01-03 03:11:00,210,1,12877.08
2936,7568,2025-06-29 05:35:50,128,1,7580.95
2937,7572,2025-01-14 21:47:01,244,1,3774.78
2938,7573,2025-03-14 09:18:58,119,1,9009.08
2939,7574,2025-02-16 08:01:55,138,1,6720.91
2940,7576,2025-01-19 05:46:57,361,1,13985.68
2941,7580,2025-03-16 07:08:08,247,1,9897.75
2942,7585,2025-02-28 01:37:51,149,1,10316.11
2943,7586,2025-05-30 11:16:04,397,1,38138.57
2944,7590,2025-06-30 16:01:45,29,1,73838.2
2945,7593,2025-04-09 00:26:17,496,3,94619.73
2946,7594,2025-03-27 11:40:48,320,2,67121.52
2947,7594,2025-04-16 18:34:49,340,3,259426.05
2948,7595,2025-01-06 18:15:09,23,2,48172.72
2949,7598,2025-05-08 10:17:16,73,1,3184.93
2950,7599,2025-06-06 17:50:20,45,1,25096.16
2951,7599,2025-06-18 07:01:44,85,1,67271.34
2952,7600,2025-04-12 16:27:35,93,1,5774.03
2953,7602,2025-03-02 15:38:19,255,1,3001.4
2954,7602,2025-03-06 15:19:29,233,1,4628.25
2955,7614,2025-03-14 01:21:59,42,1,35405.28
2956,7617,2025-01-04 14:44:24,460,1,41328.67
2957,7618,2025-02-07 14:58:16,100,1,17574.95
2958,7621,2025-06-02 03:19:56,242,3,27856.17
2959,7630,2025-01-06 08:53:27,325,1,13982.87
2960,7632,2025-05-18 01:14:49,201,1,13102.72
2961,7632,2025-06-08 09:59:47,407,1,1432.1
2962,7633,2025-01-17 18:39:28,476,1,2319.27
2963,7637,2025-02-26 01:49:52,91,1,115829.28
2964,7637,2025-03-08 22:48:05,211,1,31008.7
2965,7645,2025-06-11 02:33:24,50,1,9054.04
2966,7646,2025-03-09 08:59:31,130,1,16268.89
2967,7646,2025-04-11 02:33:28,228,1,9440.11
2968,7647,2025-03-03 23:34:34,311,1,90815.28
2969,7649,2025-02-22 21:11:24,497,2,9352.96
2970,7649,2025-03-03 17:17:32,137,1,47310.53
2971,7651,2025-03-22 00:05:39,185,1,12990.29
2972,7657,2025-04-19 11:56:01,299,1,9185.44
2973,7660,2025-01-18 21:50:36,294,1,34584.69
2974,7663,2025-03-11 01:19:38,455,1,3164.97
2975,7669,2025-05-05 07:37:13,461,2,11380.28
2976,7672,2025-04-25 08:13:24,296,1,108127.41
2977,7673,2025-03-10 21:58:46,475,1,11694.47
2978,7674,2025-05-22 18:32:40,272,1,11789.2
2979,7677,2025-04-20 00:56:10,426,1,24723.16
2980,7679,2025-05-30 01:01:50,328,3,23301.3
2981,7679,2025-06-03 07:38:55,177,1,6007.88
2982,7682,2025-03-10 12:57:37,190,1,27317.1
2983,7683,2025-06-14 20:16:55,126,1,15953.08
2984,7688,2025-04-25 22:10:03,352,1,29524.41
2985,7688,2025-06-07 00:11:00,230,1,3807.27
2986,7690,2025-01-13 18:24:04,210,1,12877.08
2987,7701,2025-02-21 15:19:08,235,1,42017.2
2988,7702,2025-06-25 10:57:33,84,3,7345.17
2989,7704,2025-03-22 21:02:16,103,2,84657.22
2990,7706,2025-04-23 06:43:27,387,1,28854.36
2991,7713,2025-02-25 08:29:13,441,1,1146.71
2992,7719,2025-03-15 16:29:25,471,1,29952.23
2993,7719,2025-04-09 23:56:24,62,1,20430.08
2994,7722,2025-02-07 22:20:49,259,1,9549.49
2995,7723,2025-04-06 06:25:52,365,1,13691.92
2996,7725,2025-03-11 10:05:17,435,2,8997.32
2997,7730,2025-02-08 05:18:53,68,1,47179.0
2998,7736,2025-06-20 01:22:54,297,3,53189.22
2999,7737,2025-03-01 05:08:56,153,1,1050.14
3000,7740,2025-02-18 04:50:19,110,2,36883.64
3001,7745,2025-02-09 07:21:54,184,1,2970.14
3002,7746,2025-06-26 02:33:29,160,1,13826.53
3003,7747,2025-02-25 02:30:09,176,1,15291.17
3004,7750,2025-04-02 13:43:39,339,1,464.88
3005,7753,2025-01-24 16:00:35,291,1,1193.57
3006,7758,2025-05-10 16:42:10,218,1,94208.34
3007,7758,2025-05-16 17:29:58,466,2,63118.1
3008,7759,2025-04-20 01:13:45,89,1,115692.18
3009,7762,2025-06-20 03:21:08,289,1,116522.54
3010,7763,2025-06-30 06:15:02,279,1,11780.7
3011,7764,2025-05-06 23:16:36,300,1,11130.88
3012,7766,2025-06-28 23:37:17,421,1,3913.39
3013,7767,2025-04-07 11:02:13,340,2,172950.7
3014,7769,2025-05-04 08:56:48,478,1,37666.35
3015,7773,2025-06-22 07:31:19,187,1,43342.31
3016,7774,2025-06-25 18:19:02,450,1,7501.43
3017,7775,2025-05-06 08:21:19,363,3,114079.11
3018,7779,2025-02-12 17:51:40,424,1,14170.15
3019,7780,2025-06-17 03:34:28,190,1,27317.1
3020,7783,2025-03-11 09:31:20,253,1,9261.77
3021,7790,2025-04-16 12:37:32,411,1,2755.99
3022,7796,2025-04-17 14:15:47,223,1,11303.07
3023,7797,2025-03-10 22:14:36,212,1,105203.42
3024,7798,2025-03-27 21:45:27,30,1,43984.69
3025,7802,2025-02-12 08:15:04,478,2,75332.7
3026,7804,2025-02-28 09:38:53,165,2,3465.06
3027,7812,2025-05-28 06:28:12,43,1,11732.3
3028,7817,2025-03-08 12:51:37,477,2,74707.18
3029,7821,2025-02-24 18:32:41,154,1,36463.8
3030,7821,2025-03-14 16:45:13,81,2,95729.76
3031,7828,2025-05-18 22:13:45,44,1,6132.16
3032,7828,2025-06-04 10:59:38,437,1,1479.71
3033,7829,2025-03-15 10:42:08,492,1,8731.65
3034,7832,2025-05-20 19:06:42,405,1,20089.63
3035,7836,2025-05-24 00:56:06,14,1,3902.87
3036,7836,2025-06-29 03:04:49,205,1,14938.64
3037,7837,2025-05-27 08:27:59,211,1,31008.7
3038,7839,2025-03-15 05:57:15,52,1,4983.11
3039,7839,2025-03-25 09:12:21,371,2,47095.06
3040,7841,2025-03-20 09:25:38,492,1,8731.65
3041,7843,2025-04-01 16:54:46,482,1,24845.6
3042,7845,2025-04-22 01:40:42,239,1,1734.95
3043,7845,2025-04-27 22:11:26,341,2,8933.94
3044,7850,2025-06-11 12:30:57,17,2,40901.82
3045,7852,2025-05-23 15:14:06,365,2,27383.84
3046,7852,2025-05-30 23:54:00,282,1,1113.3
3047,7852,2025-06-20 17:00:56,116,1,13895.24
3048,7857,2025-03-28 14:32:29,412,2,5494.78
3049,7857,2025-04-14 14:27:53,440,1,3107.23
3050,7859,2025-03-16 11:57:28,47,2,12744.92
3051,7859,2025-03-30 12:38:41,270,1,514.56
3052,7862,2025-06-05 02:29:21,88,1,38903.03
3053,7863,2025-05-24 14:04:21,60,2,10216.26
3054,7864,2025-01-30 08:14:11,120,1,19023.98
3055,7870,2025-04-25 13:20:56,177,1,6007.88
3056,7873,2025-06-21 22:29:48,93,1,5774.03
3057,7881,2025-03-18 16:53:44,442,1,27027.64
3058,7885,2025-04-28 20:23:35,467,1,82011.77
3059,7887,2025-03-19 15:45:03,121,1,8945.4
3060,7890,2025-02-28 15:09:16,432,1,16557.1
3061,7891,2025-01-19 10:42:47,150,3,59418.45
3062,7892,2025-02-12 12:39:06,333,3,12541.38
3063,7894,2025-03-05 17:11:34,135,2,27301.5
3064,7895,2025-04-21 02:52:09,126,1,15953.08
3065,7900,2025-05-30 09:40:01,300,2,22261.76
3066,7909,2025-03-09 07:40:55,119,1,9009.08
3067,7909,2025-03-13 15:00:47,19,1,2770.09
3068,7912,2025-01-27 13:49:20,30,1,43984.69
3069,7914,2025-06-18 07:22:05,481,1,3800.46
3070,7919,2025-04-22 16:38:08,30,1,43984.69
3071,7920,2025-05-14 05:02:08,73,1,3184.93
3072,7922,2025-04-29 20:31:05,179,1,113736.5
3073,7922,2025-05-14 11:59:26,61,1,102219.65
3074,7924,2025-06-16 09:22:36,74,1,24393.36
3075,7924,2025-06-22 04:03:20,469,3,25376.76
3076,7925,2025-02-26 06:21:20,230,1,3807.27
3077,7925,2025-03-02 02:38:37,187,1,43342.31
3078,7927,2025-03-13 04:50:40,345,2,48492.4
3079,7931,2025-06-03 22:13:52,272,3,35367.6
3080,7932,2025-05-27 01:42:28,155,1,27789.39
3081,7933,2025-04-11 09:12:32,494,1,495.37
3082,7933,2025-04-25 05:46:54,498,1,13866.8
3083,7937,2025-05-14 17:19:43,310,1,1082.78
3084,7938,2025-02-28 18:39:44,461,1,5690.14
3085,7939,2025-04-02 14:26:34,6,1,4629.86
3086,7948,2025-05-10 12:40:40,241,3,33506.46
3087,7950,2025-04-22 19:04:48,172,1,36415.92
3088,7951,2025-04-03 08:58:19,119,1,9009.08
3089,7955,2025-02-05 08:59:42,368,1,49977.44
3090,7956,2025-02-14 02:41:40,184,1,2970.14
3091,7959,2025-03-25 07:34:24,500,1,101175.55
3092,7960,2025-03-06 15:40:10,284,1,10670.32
3093,7961,2025-05-29 08:02:01,418,1,16621.38
3094,7961,2025-06-30 05:38:00,310,1,1082.78
3095,7965,2025-05-01 18:53:27,392,1,3931.31
3096,7970,2025-04-11 01:31:21,146,2,18892.9
3097,7973,2025-03-19 03:27:50,139,2,2017.22
3098,7979,2025-02-16 09:34:33,475,1,11694.47
3099,7979,2025-02-24 12:26:28,141,2,156012.88
3100,7980,2025-03-16 13:18:46,87,2,47577.48
3101,7984,2025-05-25 17:27:02,143,1,13152.69
3102,7985,2025-02-18 20:05:17,40,1,1173.14
3103,7986,2025-05-22 03:23:25,127,1,37875.42
3104,7987,2025-02-21 12:20:34,335,1,6200.21
3105,7987,2025-03-06 11:05:07,243,2,4505.16
3106,7988,2025-06-01 07:54:04,32,1,7276.12
3107,7988,2025-06-18 05:24:02,312,1,24505.73
3108,7992,2025-02-11 02:38:26,474,1,15410.11
3109,7992,2025-02-16 16:48:55,84,1,2448.39
3110,7992,2025-03-04 22:46:17,47,1,6372.46
3111,7995,2025-01-21 01:58:12,110,1,18441.82
3112,7997,2025-01-14 14:32:58,108,2,10541.66
3113,8000,2025-05-04 22:44:42,74,1,24393.36
3114,8000,2025-05-16 12:26:54,55,1,24029.51
3115,8002,2025-01-13 19:05:59,159,1,30772.13
3116,8007,2025-01-20 17:34:38,232,1,3213.9
3117,8009,2025-02-21 11:35:02,20,2,3557.5
3118,8010,2025-05-01 20:09:34,234,1,69647.59
3119,8016,2025-03-22 21:15:35,448,1,18494.26
3120,8021,2025-04-04 11:45:12,378,1,15995.17
3121,8024,2025-03-03 09:43:04,22,2,25180.76
3122,8026,2025-06-15 09:05:51,58,1,33150.95
3123,8026,2025-06-22 10:24:25,36,1,17558.77
3124,8043,2025-02-03 16:41:12,367,1,5745.57
3125,8043,2025-02-07 06:04:54,242,2,18570.78
3126,8043,2025-02-21 10:50:54,443,1,19089.94
3127,8044,2025-05-17 19:07:00,24,2,3208.68
3128,8046,2025-02-18 18:29:07,478,1,37666.35
3129,8049,2025-04-24 06:09:58,109,1,13239.59
3130,8049,2025-04-28 17:07:50,110,2,36883.64
3131,8053,2025-06-23 01:17:22,367,3,17236.71
3132,8054,2025-04-20 18:19:37,272,1,11789.2
3133,8061,2025-06-26 17:49:30,488,2,65561.16
3134,8063,2025-04-25 22:13:05,1,2,14410.02
3135,8067,2025-01-19 10:20:41,384,1,4013.53
3136,8070,2025-03-20 05:47:17,276,1,4843.01
3137,8073,2025-02-07 01:00:35,111,1,1028.45
3138,8074,2025-03-19 21:47:29,145,1,5753.8
3139,8077,2025-04-19 01:23:07,70,1,5458.68
3140,8078,2025-06-09 00:50:47,384,1,4013.53
3141,8078,2025-06-29 11:37:32,319,1,29688.49
3142,8079,2025-05-29 13:38:25,296,1,108127.41
3143,8080,2025-06-21 08:07:01,249,1,2728.95
3144,8081,2025-03-30 03:06:37,72,1,43803.67
3145,8081,2025-04-06 10:27:52,442,1,27027.64
3146,8084,2025-04-05 10:45:55,92,1,3738.51
3147,8086,2025-01-09 13:14:23,269,2,231029.86
3148,8086,2025-01-29 21:39:13,276,2,9686.02
3149,8089,2025-04-09 13:25:43,212,1,105203.42
3150,8089,2025-04-28 21:18:25,483,1,43632.67
3151,8090,2025-05-30 08:25:06,455,1,3164.97
3152,8095,2025-04-01 09:23:51,216,2,86566.52
3153,8096,2025-06-07 06:30:57,448,1,18494.26
3154,8104,2025-02-09 12:51:25,405,2,40179.26
3155,8104,2025-03-18 11:24:58,458,1,50236.06
3156,8107,2025-04-28 19:48:06,185,1,12990.29
3157,8111,2025-02-02 15:26:02,299,2,18370.88
3158,8116,2025-06-10 14:26:11,78,2,298965.4
3159,8119,2025-03-08 02:44:36,24,1,1604.34
3160,8120,2025-02-13 04:26:30,276,1,4843.01
3161,8120,2025-02-16 11:55:43,135,1,13650.75
3162,8125,2025-05-29 03:17:16,115,1,16709.38
3163,8126,2025-06-12 15:12:36,316,1,5050.1
3164,8129,2025-06-06 14:36:03,252,2,11637.18
3165,8131,2025-05-20 07:22:33,377,2,13009.02
3166,8131,2025-06-05 05:49:42,292,1,9786.76
3167,8133,2025-03-09 12:52:00,314,1,6987.52
3168,8136,2025-04-17 11:50:52,45,1,25096.16
3169,8138,2025-03-09 00:09:09,280,1,16802.32
3170,8139,2025-04-27 12:05:25,459,1,2696.03
3171,8147,2025-05-04 12:52:53,442,2,54055.28
3172,8150,2025-04-07 23:58:47,250,2,41601.96
3173,8151,2025-03-04 14:05:36,93,3,17322.09
3174,8153,2025-05-08 20:28:49,63,1,8572.39
3175,8153,2025-06-17 02:08:39,101,1,19086.83
3176,8156,2025-03-18 16:36:16,257,1,2435.84
3177,8157,2025-01-05 23:47:29,406,1,24419.24
3178,8158,2025-02-02 20:17:33,290,1,4390.34
3179,8163,2025-01-21 13:11:56,487,1,17124.6
3180,8176,2025-02-13 03:49:37,124,1,4288.14
3181,8176,2025-02-24 20:02:37,355,1,4384.45
3182,8178,2025-04-02 00:29:26,114,2,7668.0
3183,8181,2025-06-06 17:19:20,85,1,67271.34
3184,8183,2025-03-14 10:58:00,154,2,72927.6
3185,8184,2025-04-04 15:17:40,148,2,258213.1
3186,8184,2025-04-22 08:25:11,154,1,36463.8
3187,8187,2025-01-07 12:14:42,460,1,41328.67
3188,8187,2025-01-25 04:09:44,63,1,8572.39
3189,8188,2025-03-07 15:39:24,456,2,39749.3
3190,8192,2025-01-29 08:08:59,62,1,20430.08
3191,8192,2025-02-11 06:06:56,445,1,1748.17
3192,8193,2025-01-12 04:33:16,293,2,7324.48
3193,8195,2025-06-10 07:51:41,360,1,10778.02
3194,8197,2025-01-17 22:36:51,447,1,1488.36
3195,8199,2025-04-14 18:29:30,392,1,3931.31
3196,8200,2025-02-08 11:18:44,38,2,24801.88
3197,8200,2025-02-16 11:22:04,117,1,1496.44
3198,8200,2025-02-28 08:18:43,84,1,2448.39
3199,8202,2025-06-23 03:22:05,179,1,113736.5
3200,8206,2025-04-28 03:29:46,428,1,147572.66
3201,8206,2025-05-11 16:01:11,90,2,187029.88
3202,8209,2025-01-31 14:21:16,100,1,17574.95
3203,8209,2025-02-19 00:01:16,316,1,5050.1
3204,8212,2025-02-24 14:15:07,90,1,93514.94
3205,8213,2025-03-23 07:33:52,416,1,36650.72
3206,8215,2025-03-31 19:27:15,224,3,43659.39
3207,8215,2025-04-06 18:56:45,1,1,7205.01
3208,8218,2025-01-29 07:18:33,388,2,75217.0
3209,8219,2025-02-15 05:54:07,480,2,70974.98
3210,8219,2025-02-25 08:25:53,201,1,13102.72
3211,8219,2025-02-28 21:30:21,101,1,19086.83
3212,8228,2025-04-20 13:18:48,299,1,9185.44
3213,8230,2025-04-07 05:28:35,182,1,5001.59
3214,8235,2025-01-12 06:17:05,190,1,27317.1
3215,8238,2025-04-26 18:12:57,384,1,4013.53
3216,8242,2025-05-13 03:41:18,367,3,17236.71
3217,8248,2025-06-18 09:28:52,483,2,87265.34
3218,8252,2025-02-16 19:16:25,175,1,81468.72
3219,8253,2025-05-27 23:05:09,39,1,19720.04
3220,8255,2025-03-24 04:32:19,59,1,43466.97
3221,8256,2025-01-10 02:19:08,394,3,62048.07
3222,8256,2025-01-30 10:30:01,454,1,3744.31
3223,8260,2025-04-24 19:16:53,117,1,1496.44
3224,8262,2025-03-19 23:49:57,393,1,13053.76
3225,8266,2025-01-12 05:55:46,300,1,11130.88
3226,8266,2025-02-02 16:18:13,492,1,8731.65
3227,8267,2025-05-14 09:45:27,52,1,4983.11
3228,8268,2025-06-05 16:45:10,129,1,358.85
3229,8271,2025-05-17 09:26:11,228,2,18880.22
3230,8272,2025-05-10 03:36:51,491,1,912.64
3231,8278,2025-02-03 02:32:56,364,1,4874.98
3232,8282,2025-05-23 16:32:51,211,1,31008.7
3233,8283,2025-03-10 13:32:40,134,1,3801.47
3234,8284,2025-06-10 05:27:38,169,2,5272.26
3235,8285,2025-05-05 09:30:56,351,1,2039.17
3236,8286,2025-01-15 05:47:50,27,1,1626.81
3237,8287,2025-02-05 05:48:21,357,1,136130.58
3238,8288,2025-03-11 02:00:30,160,2,27653.06
3239,8288,2025-03-25 08:25:44,137,2,94621.06
3240,8289,2025-05-13 07:05:52,81,1,47864.88
3241,8289,2025-05-19 10:05:40,422,1,8047.95
3242,8290,2025-02-17 21:56:11,23,1,24086.36
3243,8292,2025-04-18 11:56:41,22,1,12590.38
3244,8293,2025-06-17 20:28:52,235,1,42017.2
3245,8295,2025-02-06 10:21:26,117,1,1496.44
3246,8303,2025-03-10 20:19:38,313,2,23499.82
3247,8309,2025-01-12 02:35:03,290,1,4390.34
3248,8309,2025-02-27 22:31:25,150,1,19806.15
3249,8314,2025-01-30 09:39:27,44,1,6132.16
3250,8317,2025-02-09 13:56:57,375,1,2797.37
3251,8317,2025-03-18 13:14:06,269,3,346544.79
3252,8319,2025-06-03 08:34:00,266,2,16001.24
3253,8321,2025-05-03 22:51:17,148,1,129106.55
3254,8325,2025-04-13 02:15:21,76,2,1027.12
3255,8328,2025-03-13 03:43:10,48,1,5407.24
3256,8328,2025-03-29 00:28:35,350,1,4462.47
3257,8334,2025-02-24 05:08:10,426,1,24723.16
3258,8338,2025-06-27 00:42:48,392,1,3931.31
3259,8340,2025-05-07 23:56:03,338,3,264386.25
3260,8340,2025-05-20 15:08:17,471,1,29952.23
3261,8341,2025-02-02 12:10:31,214,1,20873.19
3262,8341,2025-02-21 02:17:57,198,1,7794.51
3263,8342,2025-01-21 14:17:05,100,1,17574.95
3264,8343,2025-04-30 16:14:59,45,2,50192.32
3265,8347,2025-06-09 02:14:14,86,2,191478.18
3266,8350,2025-03-14 15:48:41,114,1,3834.0
3267,8351,2025-04-28 13:00:05,191,1,36768.02
3268,8352,2025-01-19 03:56:02,418,2,33242.76
3269,8353,2025-06-13 17:32:24,389,2,6439.7
3270,8354,2025-05-05 17:41:30,170,1,2620.79
3271,8358,2025-02-09 01:57:02,55,2,48059.02
3272,8362,2025-06-16 15:36:39,391,2,14962.12
3273,8365,2025-05-02 01:34:32,389,1,3219.85
3274,8366,2025-02-19 16:55:56,442,1,27027.64
3275,8371,2025-04-22 19:26:12,500,1,101175.55
3276,8373,2025-04-05 11:30:22,295,2,26510.8
3277,8378,2025-05-30 08:34:46,97,1,623.51
3278,8379,2025-05-02 03:16:40,228,1,9440.11
3279,8387,2025-02-05 21:38:41,254,1,16059.76
3280,8392,2025-01-16 23:00:36,195,1,17742.05
3281,8399,2025-02-04 04:17:05,305,1,2454.31
3282,8402,2025-01-20 15:05:37,430,1,24645.4
3283,8406,2025-06-15 12:28:08,188,1,631.77
3284,8407,2025-03-24 14:22:48,205,1,14938.64
3285,8411,2025-05-05 20:36:04,15,1,9205.01
3286,8411,2025-05-14 23:52:13,447,1,1488.36
3287,8415,2025-01-13 04:24:58,496,1,31539.91
3288,8415,2025-01-26 23:05:02,141,1,78006.44
3289,8421,2025-01-24 00:49:41,91,1,115829.28
3290,8422,2025-06-28 12:04:02,123,1,37439.59
3291,8425,2025-04-20 05:30:09,417,1,32512.83
3292,8426,2025-06-23 10:38:50,486,1,5773.24
3293,8427,2025-06-25 04:15:16,85,1,67271.34
3294,8432,2025-01-19 10:57:32,56,1,29155.33
3295,8433,2025-03-15 21:58:43,307,1,22758.27
3296,8436,2025-06-25 04:15:35,280,1,16802.32
3297,8444,2025-05-03 05:28:39,211,2,62017.4
3298,8445,2025-02-24 05:27:15,419,1,24719.61
3299,8449,2025-01-17 19:12:53,227,2,3729.02
3300,8449,2025-01-24 13:57:57,56,1,29155.33
3301,8453,2025-02-27 18:25:46,43,1,11732.3
3302,8455,2025-01-19 01:08:20,22,1,12590.38
3303,8456,2025-02-14 22:58:14,300,2,22261.76
3304,8464,2025-05-13 02:17:01,334,2,8409.18
3305,8468,2025-02-18 03:36:01,227,3,5593.53
3306,8470,2025-06-07 03:59:18,205,3,44815.92
3307,8470,2025-06-24 03:35:38,111,1,1028.45
3308,8471,2025-04-19 00:18:15,371,2,47095.06
3309,8471,2025-04-26 01:31:16,255,1,3001.4
3310,8473,2025-05-25 09:13:33,152,1,7223.67
3311,8475,2025-06-05 05:45:40,406,1,24419.24
3312,8475,2025-06-21 12:33:17,65,1,15098.74
3313,8483,2025-04-11 02:31:41,47,1,6372.46
3314,8484,2025-06-28 11:40:58,156,2,16678.18
3315,8486,2025-02-05 16:09:02,417,1,32512.83
3316,8487,2025-06-06 12:15:53,306,1,4449.97
3317,8488,2025-02-19 11:50:48,206,1,23007.56
3318,8489,2025-05-21 10:57:52,218,1,94208.34
3319,8491,2025-04-10 16:44:57,411,1,2755.99
3320,8494,2025-02-16 13:54:58,51,1,10465.17
3321,8496,2025-05-04 07:10:00,77,2,141019.06
3322,8497,2025-04-04 13:20:38,46,1,115208.75
3323,8500,2025-03-20 00:08:32,191,1,36768.02
3324,8501,2025-04-24 09:30:30,351,1,2039.17
3325,8504,2025-03-28 23:52:48,44,1,6132.16
3326,8506,2025-06-05 21:16:11,237,2,46242.54
3327,8507,2025-06-07 15:32:47,242,1,9285.39
3328,8507,2025-06-11 15:39:07,98,1,12583.05
3329,8511,2025-03-12 17:48:30,407,1,1432.1
3330,8514,2025-04-21 12:06:28,326,1,81782.53
3331,8516,2025-03-11 03:58:21,298,2,25386.44
3332,8517,2025-03-17 11:36:08,36,2,35117.54
3333,8517,2025-04-22 02:02:52,175,1,81468.72
3334,8521,2025-06-02 00:00:54,216,1,43283.26
3335,8521,2025-06-13 19:02:26,5,1,111884.19
3336,8524,2025-04-01 22:30:54,150,3,59418.45
3337,8527,2025-01-02 03:01:16,147,2,17403.92
3338,8528,2025-05-29 06:03:56,440,1,3107.23
3339,8529,2025-01-21 05:31:35,415,1,4695.16
3340,8533,2025-04-25 07:49:47,453,1,3275.21
3341,8537,2025-01-13 14:05:09,149,2,20632.22
3342,8539,2025-02-14 14:24:42,319,1,29688.49
3343,8539,2025-02-18 05:32:10,403,3,76171.86
3344,8539,2025-02-23 19:39:40,139,1,1008.61
3345,8540,2025-02-18 01:22:45,424,1,14170.15
3346,8542,2025-03-17 01:41:31,120,1,19023.98
3347,8548,2025-03-09 14:48:07,147,1,8701.96
3348,8557,2025-02-02 12:09:12,167,1,26417.09
3349,8557,2025-02-13 10:47:03,347,2,53909.48
3350,8562,2025-02-13 01:06:03,232,1,3213.9
3351,8563,2025-03-07 13:49:45,423,2,39231.94
3352,8569,2025-02-20 05:14:29,361,2,27971.36
3353,8572,2025-01-21 16:03:09,160,1,13826.53
3354,8579,2025-01-15 04:19:07,388,1,37608.5
3355,8579,2025-02-02 04:43:50,279,1,11780.7
3356,8582,2025-06-03 16:05:48,103,1,42328.61
3357,8583,2025-04-26 16:12:25,250,1,20800.98
3358,8584,2025-02-17 02:19:15,154,2,72927.6
3359,8585,2025-04-12 01:05:23,338,1,88128.75
3360,8590,2025-04-25 10:46:11,289,1,116522.54
3361,8593,2025-01-22 03:31:32,5,1,111884.19
3362,8594,2025-04-29 21:35:39,46,1,115208.75
3363,8600,2025-04-29 04:28:36,341,1,4466.97
3364,8600,2025-05-17 19:10:05,184,1,2970.14
3365,8608,2025-03-19 11:53:43,266,2,16001.24
3366,8609,2025-06-20 07:58:28,346,1,14000.92
3367,8617,2025-03-22 13:46:57,435,1,4498.66
3368,8621,2025-05-06 07:09:41,309,1,2510.1
3369,8624,2025-06-28 11:23:26,262,1,37057.19
3370,8625,2025-05-04 01:34:26,22,1,12590.38
3371,8625,2025-05-21 06:07:48,338,2,176257.5
3372,8625,2025-05-30 20:43:36,270,1,514.56
3373,8627,2025-02-09 12:47:45,84,2,4896.78
3374,8628,2025-03-20 17:44:07,37,2,1768.9
3375,8633,2025-04-23 09:08:40,433,1,10765.07
3376,8635,2025-03-14 14:53:31,182,2,10003.18
3377,8635,2025-03-30 13:54:14,250,1,20800.98
3378,8637,2025-05-16 11:33:15,235,1,42017.2
3379,8637,2025-05-24 15:31:23,328,1,7767.1
3380,8645,2025-06-03 09:47:50,252,2,11637.18
3381,8647,2025-04-23 09:04:33,87,1,23788.74
3382,8651,2025-04-01 15:28:17,394,1,20682.69
3383,8651,2025-04-18 15:28:12,351,1,2039.17
3384,8653,2025-06-09 10:57:40,60,1,5108.13
3385,8654,2025-03-21 12:35:26,36,1,17558.77
3386,8654,2025-04-06 17:30:06,232,1,3213.9
3387,8657,2025-03-29 12:35:36,332,1,502.68
3388,8659,2025-04-27 05:18:26,176,1,15291.17
3389,8660,2025-05-05 22:54:01,373,1,4993.75
3390,8660,2025-05-12 09:00:58,293,1,3662.24
3391,8662,2025-01-17 09:56:38,85,1,67271.34
3392,8662,2025-01-29 18:27:40,114,1,3834.0
3393,8668,2025-04-28 02:31:37,408,1,8934.48
3394,8668,2025-05-13 18:28:58,411,1,2755.99
3395,8677,2025-02-15 15:44:36,47,2,12744.92
3396,8679,2025-04-06 12:46:08,483,2,87265.34
3397,8682,2025-02-22 13:44:18,473,3,3223.47
3398,8683,2025-04-26 19:28:39,223,1,11303.07
3399,8687,2025-02-20 06:13:43,155,1,27789.39
3400,8690,2025-02-22 01:44:25,263,2,77977.62
3401,8690,2025-03-07 10:31:52,107,1,11847.57
3402,8696,2025-05-13 02:07:19,207,1,30716.03
3403,8697,2025-01-27 19:52:54,277,1,134439.28
3404,8697,2025-01-31 01:48:54,423,3,58847.91
3405,8699,2025-05-12 23:09:47,7,3,4226.82
3406,8700,2025-03-23 19:32:24,120,2,38047.96
3407,8700,2025-03-28 18:02:54,466,2,63118.1
3408,8702,2025-03-15 20:12:04,64,1,23300.53
3409,8707,2025-04-26 20:40:16,218,2,188416.68
3410,8708,2025-05-08 21:28:26,202,1,2128.85
3411,8711,2025-03-02 09:47:22,130,1,16268.89
3412,8711,2025-04-06 11:33:52,27,3,4880.43
3413,8715,2025-06-20 09:13:04,354,1,13893.05
3414,8716,2025-06-08 05:07:05,9,1,6572.8
3415,8719,2025-02-12 23:09:58,269,3,346544.79
3416,8720,2025-04-11 08:28:13,500,1,101175.55
3417,8720,2025-04-17 05:53:24,15,1,9205.01
3418,8720,2025-05-08 07:22:10,392,1,3931.31
3419,8720,2025-05-23 23:31:42,494,1,495.37
3420,8721,2025-01-12 13:46:54,368,1,49977.44
3421,8733,2025-02-11 15:52:01,3,2,20189.34
3422,8742,2025-06-24 12:14:46,195,1,17742.05
3423,8743,2025-03-14 18:00:31,110,2,36883.64
3424,8746,2025-05-18 19:20:24,162,1,6647.03
3425,8749,2025-03-04 09:36:00,343,1,71441.06
3426,8749,2025-03-25 14:13:08,366,1,9798.21
3427,8754,2025-02-11 11:51:07,454,1,3744.31
3428,8756,2025-04-16 23:33:30,240,2,59269.46
3429,8758,2025-02-16 17:00:32,8,1,2149.22
3430,8759,2025-04-23 14:48:20,223,1,11303.07
3431,8762,2025-02-24 12:43:05,46,1,115208.75
3432,8765,2025-05-22 02:17:56,204,1,3831.25
3433,8766,2025-06-04 22:08:43,15,2,18410.02
3434,8766,2025-06-10 21:22:19,309,1,2510.1
3435,8769,2025-05-17 17:30:32,386,1,30141.47
3436,8772,2025-03-18 09:21:53,389,2,6439.7
3437,8773,2025-05-01 14:10:29,348,1,11453.57
3438,8776,2025-04-22 16:07:27,438,1,5413.4
3439,8781,2025-02-28 11:26:30,259,1,9549.49
3440,8781,2025-03-07 09:23:08,11,1,55867.12
3441,8785,2025-05-14 22:23:16,472,2,94432.38
3442,8789,2025-05-08 07:31:27,36,1,17558.77
3443,8790,2025-01-25 04:14:15,155,1,27789.39
3444,8790,2025-02-23 07:05:30,437,2,2959.42
3445,8794,2025-02-22 01:36:19,390,1,3926.05
3446,8801,2025-01-22 04:51:28,243,2,4505.16
3447,8803,2025-03-02 13:35:51,52,1,4983.11
3448,8806,2025-06-10 05:53:34,437,1,1479.71
3449,8807,2025-04-15 09:32:55,205,1,14938.64
3450,8807,2025-04-30 07:22:05,374,1,10459.29
3451,8811,2025-06-07 03:01:58,49,2,7168.0
3452,8814,2025-03-19 04:42:32,355,1,4384.45
3453,8817,2025-04-27 04:43:45,262,2,74114.38
3454,8818,2025-04-21 19:13:36,192,1,33176.4
3455,8823,2025-04-18 03:06:47,61,1,102219.65
3456,8823,2025-05-12 05:21:25,213,1,14323.4
3457,8829,2025-03-19 08:17:06,112,1,6810.44
3458,8832,2025-03-02 04:27:48,256,1,547.58
3459,8834,2025-04-09 02:03:58,412,2,5494.78
3460,8834,2025-04-28 14:37:43,384,1,4013.53
3461,8836,2025-06-08 05:17:11,270,2,1029.12
3462,8838,2025-01-20 11:20:08,467,1,82011.77
3463,8839,2025-03-10 15:10:45,495,1,13165.95
3464,8840,2025-05-29 18:57:33,184,1,2970.14
3465,8842,2025-03-11 04:02:54,150,1,19806.15
3466,8843,2025-05-05 06:52:52,262,2,74114.38
3467,8845,2025-03-19 04:39:27,193,3,99085.23
3468,8847,2025-03-06 10:13:44,153,1,1050.14
3469,8847,2025-04-18 01:22:40,75,1,12610.21
3470,8850,2025-05-14 15:03:40,442,1,27027.64
3471,8857,2025-04-21 14:14:52,264,1,4577.56
3472,8857,2025-04-27 09:27:30,38,1,12400.94
3473,8864,2025-05-09 19:16:43,486,1,5773.24
3474,8866,2025-02-19 22:21:35,316,1,5050.1
3475,8868,2025-03-23 14:57:10,202,1,2128.85
3476,8870,2025-05-15 10:25:02,499,1,3999.82
3477,8871,2025-05-29 20:13:25,377,1,6504.51
3478,8883,2025-04-28 20:52:36,272,2,23578.4
3479,8883,2025-05-14 21:07:29,376,1,14562.53
3480,8885,2025-04-05 00:32:54,455,2,6329.94
3481,8887,2025-01-29 22:21:44,306,1,4449.97
3482,8891,2025-05-03 12:16:39,164,3,302008.23
3483,8897,2025-01-28 15:12:29,28,1,10248.86
3484,8900,2025-05-21 13:55:33,139,1,1008.61
3485,8908,2025-02-15 14:45:49,389,1,3219.85
3486,8909,2025-05-28 16:27:26,439,2,70346.04
3487,8910,2025-04-21 16:18:08,34,1,2098.05
3488,8910,2025-05-02 22:50:06,75,1,12610.21
3489,8917,2025-05-23 17:10:44,263,1,38988.81
3490,8922,2025-06-21 17:59:43,330,1,3233.01
3491,8926,2025-06-11 14:02:45,120,1,19023.98
3492,8927,2025-03-04 16:09:40,283,1,38631.44
3493,8928,2025-06-27 03:11:07,204,1,3831.25
3494,8928,2025-06-30 14:51:41,260,2,27562.32
3495,8929,2025-03-29 06:50:53,95,1,14154.76
3496,8929,2025-04-04 21:44:33,498,1,13866.8
3497,8930,2025-03-28 01:13:52,85,1,67271.34
3498,8934,2025-06-09 07:55:00,294,1,34584.69
3499,8934,2025-06-24 05:20:59,166,1,15176.99
3500,8937,2025-06-30 02:48:14,72,2,87607.34
3501,8939,2025-01-30 22:35:56,498,2,27733.6
3502,8943,2025-01-26 11:22:32,303,1,1454.24
3503,8946,2025-05-30 16:59:31,240,1,29634.73
3504,8947,2025-05-14 20:07:19,8,1,2149.22
3505,8948,2025-05-14 14:52:30,489,1,8331.51
3506,8949,2025-02-24 14:17:58,424,1,14170.15
3507,8951,2025-04-22 22:53:51,74,2,48786.72
3508,8958,2025-01-16 13:52:29,478,1,37666.35
3509,8959,2025-03-14 12:43:43,111,1,1028.45
3510,8960,2025-01-30 03:19:14,204,2,7662.5
3511,8962,2025-06-01 08:35:58,362,1,539.2
3512,8967,2025-04-28 12:56:59,28,1,10248.86
3513,8973,2025-06-16 12:40:19,493,1,17276.96
3514,8975,2025-04-23 13:14:24,56,2,58310.66
3515,8977,2025-01-27 11:16:57,405,1,20089.63
3516,8978,2025-02-19 22:56:15,375,1,2797.37
3517,8980,2025-03-08 03:25:51,333,1,4180.46
3518,8983,2025-06-01 22:20:41,183,1,5734.14
3519,8986,2025-02-22 03:29:08,229,1,30697.88
3520,8987,2025-03-31 07:18:40,414,1,20297.26
3521,9002,2025-06-21 22:17:11,424,1,14170.15
3522,9005,2025-02-24 17:12:10,305,1,2454.31
3523,9017,2025-05-14 14:46:33,96,2,2803.18
3524,9022,2025-04-28 18:15:07,99,1,58745.84
3525,9030,2025-03-30 19:36:04,328,1,7767.1
3526,9031,2025-04-12 06:41:44,51,1,10465.17
3527,9034,2025-01-29 09:44:31,465,1,17429.18
3528,9036,2025-02-18 23:10:08,125,1,20320.95
3529,9038,2025-04-22 07:30:42,374,1,10459.29
3530,9038,2025-05-09 04:53:11,104,1,19691.24
3531,9040,2025-05-28 05:33:41,460,1,41328.67
3532,9043,2025-03-18 21:14:30,364,2,9749.96
3533,9043,2025-04-06 20:26:10,309,1,2510.1
3534,9051,2025-03-19 08:06:20,266,1,8000.62
3535,9058,2025-02-24 16:17:40,193,1,33028.41
3536,9060,2025-03-06 20:36:01,83,1,20559.25
3537,9062,2025-06-29 19:57:48,253,2,18523.54
3538,9068,2025-04-15 11:22:56,496,1,31539.91
3539,9068,2025-05-05 07:03:38,187,2,86684.62
3540,9068,2025-05-17 17:49:18,419,1,24719.61
3541,9070,2025-05-09 09:34:25,168,1,9504.82
3542,9071,2025-04-01 01:10:03,461,1,5690.14
3543,9073,2025-05-22 08:45:30,119,1,9009.08
3544,9074,2025-04-11 06:21:42,484,1,92913.94
3545,9075,2025-01-22 04:12:08,485,1,26241.01
3546,9077,2025-06-01 05:29:07,421,2,7826.78
3547,9077,2025-06-05 16:51:28,296,1,108127.41
3548,9078,2025-05-12 01:01:51,350,1,4462.47
3549,9078,2025-06-08 13:57:02,309,1,2510.1
3550,9084,2025-03-22 13:06:56,459,1,2696.03
3551,9087,2025-01-13 00:08:46,178,1,122025.22
3552,9087,2025-01-26 03:06:45,500,1,101175.55
3553,9088,2025-02-20 21:08:17,165,1,1732.53
3554,9090,2025-04-26 08:27:08,340,1,86475.35
3555,9092,2025-05-26 14:59:20,358,1,8037.68
3556,9093,2025-06-23 23:17:27,474,1,15410.11
3557,9098,2025-02-19 13:04:58,498,1,13866.8
3558,9099,2025-03-05 19:39:38,65,1,15098.74
3559,9099,2025-03-22 07:11:21,151,1,10165.09
3560,9103,2025-05-19 16:35:27,319,1,29688.49
3561,9105,2025-02-01 17:38:33,209,2,76822.74
3562,9105,2025-02-21 07:23:19,494,1,495.37
3563,9107,2025-05-30 19:13:16,84,1,2448.39
3564,9108,2025-01-24 02:09:23,401,3,35072.01
3565,9110,2025-02-15 22:24:47,62,1,20430.08
3566,9112,2025-04-16 21:35:07,447,1,1488.36
3567,9114,2025-03-19 03:14:09,387,1,28854.36
3568,9114,2025-04-05 12:04:26,308,1,10693.04
3569,9124,2025-03-27 19:06:26,108,1,5270.83
3570,9124,2025-04-08 03:00:57,140,2,99968.1
3571,9127,2025-01-10 21:17:54,212,1,105203.42
3572,9129,2025-02-06 13:29:38,286,1,3189.98
3573,9129,2025-02-27 13:23:42,192,1,33176.4
3574,9130,2025-06-27 17:57:15,87,1,23788.74
3575,9133,2025-06-20 02:00:20,240,1,29634.73
3576,9134,2025-05-09 23:50:01,55,1,24029.51
3577,9139,2025-02-03 01:13:46,362,1,539.2
3578,9146,2025-03-09 04:26:27,398,1,9488.31
3579,9146,2025-04-07 04:51:54,426,1,24723.16
3580,9147,2025-05-23 18:34:30,495,1,13165.95
3581,9153,2025-01-24 23:53:36,378,1,15995.17
3582,9157,2025-01-15 02:19:07,91,1,115829.28
3583,9158,2025-05-08 20:46:42,181,1,11869.76
3584,9165,2025-04-08 17:56:29,370,1,18904.41
3585,9167,2025-06-13 22:14:13,466,1,31559.05
3586,9171,2025-04-15 11:14:28,423,1,19615.97
3587,9173,2025-02-26 08:30:51,77,1,70509.53
3588,9175,2025-05-12 15:44:29,321,1,133685.08
3589,9176,2025-04-03 21:50:35,263,2,77977.62
3590,9177,2025-03-31 06:45:29,205,1,14938.64
3591,9179,2025-04-16 14:49:05,203,1,13023.16
3592,9183,2025-01-06 21:23:08,4,1,110986.96
3593,9186,2025-04-25 05:05:07,186,1,5082.83
3594,9186,2025-05-12 16:43:41,116,1,13895.24
3595,9186,2025-05-24 10:26:38,470,1,1252.58
3596,9188,2025-05-15 06:25:01,257,1,2435.84
3597,9191,2025-06-23 04:23:46,304,1,149568.6
3598,9203,2025-01-21 08:24:05,391,2,14962.12
3599,9205,2025-04-30 08:06:42,120,1,19023.98
3600,9206,2025-06-15 04:23:56,206,1,23007.56
3601,9206,2025-06-27 05:27:27,271,1,35581.83
3602,9207,2025-06-15 20:15:54,164,1,100669.41
3603,9211,2025-01-18 06:45:27,9,1,6572.8
3604,9213,2025-01-25 13:28:48,244,1,3774.78
3605,9216,2025-02-02 07:08:49,131,1,10203.73
3606,9217,2025-05-29 19:47:51,488,1,32780.58
3607,9220,2025-05-09 21:46:13,163,3,22914.57
3608,9221,2025-05-15 09:03:12,467,1,82011.77
3609,9229,2025-05-27 09:21:59,349,1,12041.93
3610,9229,2025-06-30 07:14:52,154,1,36463.8
3611,9231,2025-03-14 13:09:15,31,1,2221.64
3612,9233,2025-01-19 01:56:48,252,1,5818.59
3613,9239,2025-03-31 02:35:59,141,1,78006.44
3614,9240,2025-06-24 07:23:55,28,1,10248.86
3615,9242,2025-06-05 20:51:01,189,1,9592.2
3616,9247,2025-03-01 18:27:56,175,1,81468.72
3617,9261,2025-04-29 21:42:21,272,1,11789.2
3618,9262,2025-01-19 19:15:07,479,1,17062.05
3619,9263,2025-01-25 15:16:10,28,1,10248.86
3620,9282,2025-04-23 09:16:53,322,1,5485.52
3621,9283,2025-05-02 14:25:12,260,1,13781.16
3622,9284,2025-03-17 19:20:00,346,1,14000.92
3623,9288,2025-05-09 00:11:46,44,2,12264.32
3624,9290,2025-05-29 07:19:25,179,1,113736.5
3625,9290,2025-06-18 05:25:18,432,1,16557.1
3626,9290,2025-06-28 03:55:39,313,1,11749.91
3627,9291,2025-05-10 20:32:11,471,1,29952.23
3628,9291,2025-05-31 10:26:09,265,2,15025.74
3629,9293,2025-04-15 18:56:02,392,2,7862.62
3630,9293,2025-05-06 06:00:07,431,1,6259.3
3631,9295,2025-02-05 14:41:23,372,1,1314.03
3632,9297,2025-05-06 04:08:10,251,1,8328.29
3633,9303,2025-01-23 22:57:36,192,1,33176.4
3634,9306,2025-05-02 02:49:56,469,1,8458.92
3635,9309,2025-06-07 15:05:25,394,1,20682.69
3636,9311,2025-02-23 04:22:31,340,1,86475.35
3637,9312,2025-06-06 20:38:40,153,1,1050.14
3638,9313,2025-05-07 18:28:57,253,2,18523.54
3639,9314,2025-04-11 06:36:51,227,1,1864.51
3640,9322,2025-02-14 09:58:21,325,1,13982.87
3641,9322,2025-02-22 11:05:19,155,2,55578.78
3642,9326,2025-05-21 02:47:49,15,1,9205.01
3643,9327,2025-03-10 06:57:10,320,1,33560.76
3644,9330,2025-01-28 16:10:37,102,2,51584.02
3645,9330,2025-02-03 22:28:59,21,1,14166.0
3646,9331,2025-03-23 19:24:20,287,1,5328.56
3647,9333,2025-04-14 04:25:39,482,1,24845.6
3648,9336,2025-06-01 04:08:17,69,1,7709.45
3649,9339,2025-05-15 23:34:15,130,1,16268.89
3650,9341,2025-03-11 10:25:45,188,1,631.77
3651,9343,2025-05-28 13:54:53,484,1,92913.94
3652,9345,2025-05-16 12:41:04,473,1,1074.49
3653,9345,2025-05-25 01:23:01,443,1,19089.94
3654,9362,2025-04-05 03:44:04,235,1,42017.2
3655,9365,2025-04-21 17:40:06,385,1,347.25
3656,9366,2025-06-30 23:11:09,181,1,11869.76
3657,9371,2025-04-07 17:42:27,402,1,19649.25
3658,9373,2025-06-15 17:15:19,361,1,13985.68
3659,9374,2025-03-22 21:22:07,418,1,16621.38
3660,9376,2025-01-22 04:06:26,91,1,115829.28
3661,9383,2025-03-04 18:21:50,369,1,14392.59
3662,9384,2025-04-18 23:29:42,223,2,22606.14
3663,9384,2025-05-07 18:17:49,398,1,9488.31
3664,9384,2025-05-27 07:35:21,8,1,2149.22
3665,9385,2025-04-30 06:01:55,401,2,23381.34
3666,9388,2025-05-13 10:31:06,272,1,11789.2
3667,9390,2025-03-20 15:35:48,413,1,24752.33
3668,9390,2025-04-21 00:49:08,373,1,4993.75
3669,9394,2025-06-11 07:30:21,495,2,26331.9
3670,9398,2025-03-03 22:00:06,474,1,15410.11
3671,9399,2025-06-16 15:57:22,438,1,5413.4
3672,9401,2025-03-10 12:03:55,10,1,3952.37
3673,9401,2025-04-10 03:00:30,205,2,29877.28
3674,9401,2025-04-23 16:53:20,214,3,62619.57
3675,9404,2025-04-15 23:05:55,283,1,38631.44
3676,9406,2025-02-09 14:15:07,206,1,23007.56
3677,9407,2025-05-08 22:38:41,250,3,62402.94
3678,9409,2025-04-05 18:54:43,401,1,11690.67
3679,9410,2025-04-05 19:55:56,349,1,12041.93
3680,9418,2025-06-30 00:07:30,58,1,33150.95
3681,9420,2025-06-01 12:19:30,128,1,7580.95
3682,9423,2025-04-12 15:10:35,282,2,2226.6
3683,9425,2025-04-14 06:19:21,61,1,102219.65
3684,9428,2025-03-29 02:22:59,15,1,9205.01
3685,9429,2025-04-10 03:13:11,117,1,1496.44
3686,9432,2025-02-12 07:43:54,268,2,14775.66
3687,9434,2025-03-01 22:38:25,378,1,15995.17
3688,9437,2025-03-15 05:59:47,428,1,147572.66
3689,9440,2025-06-24 16:00:35,279,2,23561.4
3690,9446,2025-01-11 04:15:20,422,1,8047.95
3691,9448,2025-04-07 11:09:45,453,1,3275.21
3692,9452,2025-03-07 21:31:12,129,1,358.85
3693,9458,2025-04-19 02:31:49,321,2,267370.16
3694,9460,2025-06-03 08:33:46,251,1,8328.29
3695,9460,2025-06-13 20:44:46,191,1,36768.02
3696,9461,2025-04-03 05:12:01,307,1,22758.27
3697,9462,2025-01-29 11:16:40,269,2,231029.86
3698,9464,2025-06-25 23:55:08,143,2,26305.38
3699,9466,2025-06-23 04:23:37,212,1,105203.42
3700,9468,2025-05-12 06:53:28,159,1,30772.13
3701,9471,2025-06-15 11:25:30,374,1,10459.29
3702,9472,2025-01-15 05:57:20,224,1,14553.13
3703,9480,2025-03-05 17:35:40,428,1,147572.66
3704,9484,2025-05-10 04:28:10,290,1,4390.34
3705,9485,2025-06-20 22:39:22,368,1,49977.44
3706,9491,2025-02-14 05:16:34,413,1,24752.33
3707,9494,2025-05-15 16:01:21,322,1,5485.52
3708,9496,2025-03-05 18:21:14,98,2,25166.1
3709,9496,2025-04-22 22:53:18,44,3,18396.48
3710,9498,2025-04-23 16:28:56,191,1,36768.02
3711,9503,2025-02-22 02:25:30,256,1,547.58
3712,9504,2025-03-04 02:05:32,425,1,14314.74
3713,9505,2025-02-09 21:02:14,285,1,115911.82
3714,9507,2025-03-03 10:49:27,354,1,13893.05
3715,9511,2025-05-31 14:54:46,109,1,13239.59
3716,9511,2025-06-04 19:16:47,180,2,45239.26
3717,9511,2025-06-13 10:55:02,183,1,5734.14
3718,9516,2025-01-30 01:09:10,305,1,2454.31
3719,9517,2025-02-14 19:53:13,416,1,36650.72
3720,9518,2025-02-26 03:06:36,433,1,10765.07
3721,9523,2025-04-11 01:14:12,219,2,5071.08
3722,9523,2025-04-18 11:07:40,344,2,42215.88
3723,9524,2025-01-28 15:12:15,269,1,115514.93
3724,9525,2025-02-17 23:26:31,220,1,2583.92
3725,9531,2025-02-11 22:04:46,317,1,2354.88
3726,9532,2025-05-25 21:47:50,257,1,2435.84
3727,9533,2025-06-09 23:06:08,296,1,108127.41
3728,9535,2025-04-23 08:53:30,88,1,38903.03
3729,9535,2025-05-20 16:53:32,115,1,16709.38
3730,9537,2025-03-12 11:53:33,127,1,37875.42
3731,9538,2025-01-29 06:35:37,231,1,2920.42
3732,9543,2025-05-18 17:41:58,206,2,46015.12
3733,9546,2025-01-29 05:17:25,339,1,464.88
3734,9548,2025-04-03 12:21:41,286,1,3189.98
3735,9549,2025-06-26 09:15:06,304,1,149568.6
3736,9550,2025-06-26 08:16:14,211,2,62017.4
3737,9559,2025-06-07 03:31:06,121,2,17890.8
3738,9563,2025-06-01 07:39:42,444,1,148248.16
3739,9570,2025-03-02 10:45:22,240,1,29634.73
3740,9572,2025-06-15 11:39:01,277,2,268878.56
3741,9577,2025-06-08 12:21:14,466,2,63118.1
3742,9579,2025-01-25 17:42:00,154,1,36463.8
3743,9579,2025-02-16 02:51:26,296,2,216254.82
3744,9581,2025-05-28 23:18:43,103,1,42328.61
3745,9585,2025-01-27 01:48:07,249,1,2728.95
3746,9586,2025-01-28 04:23:41,122,1,24310.52
3747,9588,2025-06-06 21:52:18,341,2,8933.94
3748,9592,2025-01-30 23:23:13,197,1,1108.19
3749,9594,2025-03-03 19:24:12,254,2,32119.52
3750,9594,2025-03-14 03:37:02,450,1,7501.43
3751,9595,2025-06-16 21:13:48,32,2,14552.24
3752,9597,2025-06-17 16:58:11,408,1,8934.48
3753,9598,2025-06-01 14:34:10,96,1,1401.59
3754,9598,2025-06-18 01:51:41,325,1,13982.87
3755,9602,2025-02-20 03:22:03,407,1,1432.1
3756,9609,2025-04-22 00:40:47,87,1,23788.74
3757,9614,2025-05-17 06:56:55,153,1,1050.14
3758,9616,2025-06-04 18:36:28,461,1,5690.14
3759,9621,2025-04-16 12:40:57,25,1,2943.92
3760,9625,2025-02-12 19:36:47,138,1,6720.91
3761,9627,2025-04-04 12:35:37,266,2,16001.24
3762,9630,2025-02-04 13:04:36,412,1,2747.39
3763,9630,2025-02-18 12:35:41,65,1,15098.74
3764,9631,2025-04-03 21:06:05,277,1,134439.28
3765,9633,2025-03-21 08:28:25,374,2,20918.58
3766,9635,2025-05-03 14:49:40,361,1,13985.68
3767,9635,2025-05-14 04:34:12,448,1,18494.26
3768,9644,2025-03-08 14:02:05,457,2,64989.0
3769,9644,2025-03-31 20:33:23,148,1,129106.55
3770,9647,2025-01-23 21:26:21,230,1,3807.27
3771,9654,2025-04-08 02:52:12,421,1,3913.39
3772,9660,2025-04-04 07:42:42,301,1,44256.21
3773,9662,2025-01-13 01:04:31,424,1,14170.15
3774,9664,2025-02-13 02:22:17,154,1,36463.8
3775,9667,2025-05-19 22:03:18,433,1,10765.07
3776,9670,2025-03-26 21:24:00,226,2,2920.68
3777,9672,2025-06-05 22:59:50,161,1,49810.77
3778,9673,2025-03-15 21:55:01,327,1,8222.53
3779,9674,2025-04-30 05:14:56,381,1,9476.92
3780,9674,2025-05-13 22:42:34,209,3,115234.11
3781,9676,2025-02-15 15:35:30,126,2,31906.16
3782,9682,2025-06-02 06:26:55,204,1,3831.25
3783,9683,2025-05-05 18:11:27,161,1,49810.77
3784,9685,2025-05-02 05:15:28,194,1,1522.19
3785,9686,2025-01-23 04:15:29,66,2,15468.32
3786,9687,2025-05-02 07:47:49,445,1,1748.17
3787,9687,2025-06-16 15:36:01,489,2,16663.02
3788,9689,2025-04-03 16:39:38,170,1,2620.79
3789,9689,2025-04-08 00:22:10,244,2,7549.56
3790,9690,2025-03-12 12:18:35,224,1,14553.13
3791,9693,2025-06-10 15:18:51,406,3,73257.72
3792,9695,2025-02-05 10:53:00,297,1,17729.74
3793,9695,2025-02-14 00:19:17,372,1,1314.03
3794,9695,2025-02-28 20:36:52,71,2,8853.58
3795,9696,2025-03-02 10:51:55,441,1,1146.71
3796,9697,2025-03-23 18:42:50,431,1,6259.3
3797,9697,2025-04-11 04:35:35,290,1,4390.34
3798,9704,2025-05-31 01:03:32,117,1,1496.44
3799,9705,2025-06-16 20:13:42,276,2,9686.02
3800,9709,2025-05-09 04:49:07,34,1,2098.05
3801,9711,2025-02-10 14:07:58,393,3,39161.28
3802,9723,2025-06-11 20:31:24,173,1,3095.58
3803,9727,2025-04-12 06:40:02,313,1,11749.91
3804,9732,2025-04-26 08:19:34,113,1,7819.25
3805,9732,2025-05-06 09:26:01,289,1,116522.54
3806,9735,2025-02-10 04:09:09,453,2,6550.42
3807,9736,2025-05-27 23:00:17,464,2,56521.26
3808,9736,2025-06-18 00:28:16,497,1,4676.48
3809,9737,2025-06-20 11:39:54,338,1,88128.75
3810,9739,2025-03-03 19:07:47,179,1,113736.5
3811,9739,2025-03-23 19:51:03,289,1,116522.54
3812,9740,2025-04-28 09:04:21,332,1,502.68
3813,9748,2025-06-28 13:38:55,220,1,2583.92
3814,9754,2025-04-10 20:00:19,449,1,651.83
3815,9757,2025-02-25 14:35:18,113,2,15638.5
3816,9764,2025-01-25 22:17:44,332,1,502.68
3817,9771,2025-06-18 01:13:16,30,1,43984.69
3818,9774,2025-01-14 06:33:59,366,1,9798.21
3819,9776,2025-03-26 22:06:10,2,2,39140.0
3820,9778,2025-04-28 21:09:04,458,1,50236.06
3821,9781,2025-04-09 07:30:24,372,2,2628.06
3822,9789,2025-05-09 06:45:02,480,1,35487.49
3823,9791,2025-04-06 18:45:33,147,1,8701.96
3824,9792,2025-02-16 13:27:29,286,1,3189.98
3825,9795,2025-03-16 05:12:46,453,2,6550.42
3826,9803,2025-06-20 04:24:23,362,2,1078.4
3827,9806,2025-01-28 06:43:59,496,1,31539.91
3828,9809,2025-06-02 00:00:39,325,2,27965.74
3829,9810,2025-01-07 00:39:09,274,1,21627.09
3830,9810,2025-01-27 09:00:56,93,1,5774.03
3831,9814,2025-04-27 00:17:39,163,1,7638.19
3832,9815,2025-05-22 06:17:02,228,1,9440.11
3833,9815,2025-05-25 16:27:56,273,1,8130.43
3834,9818,2025-02-01 01:54:25,154,2,72927.6
3835,9820,2025-05-27 17:09:06,206,1,23007.56
3836,9822,2025-03-23 06:55:46,364,1,4874.98
3837,9822,2025-04-07 05:51:28,311,1,90815.28
3838,9824,2025-04-06 03:24:09,94,2,18755.0
3839,9824,2025-04-19 18:05:10,8,3,6447.66
3840,9826,2025-06-03 15:34:55,271,1,35581.83
3841,9828,2025-05-10 12:39:25,35,1,3087.93
3842,9830,2025-05-23 01:05:54,104,1,19691.24
3843,9838,2025-03-16 02:28:43,410,1,90198.25
3844,9841,2025-02-24 15:17:08,431,1,6259.3
3845,9847,2025-06-17 05:26:00,328,1,7767.1
3846,9849,2025-03-01 16:51:50,289,1,116522.54
3847,9851,2025-04-28 13:12:04,185,1,12990.29
3848,9851,2025-05-13 01:53:33,281,1,8575.04
3849,9853,2025-04-19 05:22:48,8,1,2149.22
3850,9853,2025-05-07 23:10:47,270,2,1029.12
3851,9858,2025-01-28 16:40:29,159,1,30772.13
3852,9864,2025-01-22 06:20:30,177,1,6007.88
3853,9864,2025-02-01 12:03:18,197,1,1108.19
3854,9865,2025-04-26 13:06:57,179,1,113736.5
3855,9869,2025-01-29 16:27:27,31,1,2221.64
3856,9871,2025-05-23 23:13:55,95,1,14154.76
3857,9874,2025-05-26 08:06:16,183,1,5734.14
3858,9875,2025-06-30 19:21:45,356,1,3337.9
3859,9882,2025-05-06 17:08:28,86,1,95739.09
3860,9884,2025-02-17 07:32:21,13,2,5385.04
3861,9885,2025-04-07 02:49:27,196,2,2359.12
3862,9888,2025-05-12 00:20:16,70,1,5458.68
3863,9893,2025-05-03 22:16:42,125,1,20320.95
3864,9893,2025-05-17 12:48:00,226,1,1460.34
3865,9906,2025-04-17 19:03:24,123,2,74879.18
3866,9910,2025-06-23 19:47:13,145,1,5753.8
3867,9915,2025-02-27 03:39:02,208,1,3468.77
3868,9917,2025-02-09 17:54:45,403,2,50781.24
3869,9917,2025-02-15 16:47:23,427,1,4312.66
3870,9918,2025-01-14 13:30:12,324,1,28001.07
3871,9919,2025-05-22 15:50:42,379,1,29755.14
3872,9921,2025-05-29 20:39:49,250,1,20800.98
3873,9926,2025-04-30 01:17:06,142,1,10287.19
3874,9930,2025-04-02 08:25:59,335,1,6200.21
3875,9931,2025-05-07 11:07:03,11,1,55867.12
3876,9935,2025-05-08 15:31:18,138,1,6720.91
3877,9935,2025-05-28 18:21:34,252,2,11637.18
3878,9938,2025-05-25 14:43:18,483,1,43632.67
3879,9938,2025-05-31 10:55:17,328,2,15534.2
3880,9944,2025-01-28 21:56:16,22,2,25180.76
3881,9945,2025-05-19 13:06:05,184,2,5940.28
3882,9946,2025-02-03 19:19:01,45,1,25096.16
3883,9950,2025-03-11 13:13:05,467,1,82011.77
3884,9955,2025-06-19 20:16:57,70,1,5458.68
3885,9956,2025-03-25 01:35:54,294,1,34584.69
3886,9969,2025-06-19 01:10:58,469,2,16917.84
3887,9974,2025-02-16 18:00:00,460,1,41328.67
3888,9974,2025-03-01 07:22:40,464,1,28260.63
3889,9984,2025-05-09 20:11:41,216,2,86566.52
3890,9987,2025-06-13 08:32:04,340,1,86475.35
3891,9995,2025-04-23 00:14:11,350,1,4462.47
3892,9995,2025-05-09 06:07:11,66,3,23202.48
3893,10001,2025-05-30 17:53:27,224,2,29106.26
3894,10003,2025-03-10 14:43:48,136,1,2438.57
3895,10003,2025-04-10 12:04:00,231,1,2920.42
3896,10004,2025-01-18 02:33:18,107,1,11847.57
3897,10004,2025-02-01 04:20:14,272,1,11789.2
3898,10005,2025-05-12 01:32:31,191,1,36768.02
3899,10009,2025-01-23 04:28:27,354,2,27786.1
3900,10009,2025-02-07 12:09:50,363,1,38026.37
3901,10017,2025-06-01 15:39:52,45,2,50192.32
3902,10018,2025-05-27 06:13:56,102,1,25792.01
3903,10018,2025-06-09 12:30:40,208,1,3468.77
3904,10022,2025-04-07 15:28:32,218,1,94208.34
3905,10024,2025-06-01 06:59:45,289,1,116522.54
3906,10036,2025-03-17 04:11:34,18,2,3693.32
3907,10036,2025-04-05 05:00:15,398,1,9488.31
3908,10036,2025-04-22 14:04:18,136,1,2438.57
3909,10036,2025-05-11 21:46:26,303,1,1454.24
3910,10039,2025-04-18 14:48:56,240,2,59269.46
3911,10043,2025-06-28 10:56:15,309,1,2510.1
3912,10046,2025-04-07 01:20:30,54,1,4159.48
3913,10053,2025-02-25 03:40:54,320,1,33560.76
3914,10058,2025-01-20 12:09:31,426,2,49446.32
3915,10059,2025-02-19 19:43:32,84,3,7345.17
3916,10059,2025-03-02 05:47:39,286,1,3189.98
3917,10068,2025-05-26 21:05:31,325,1,13982.87
3918,10068,2025-06-17 13:32:22,491,1,912.64
3919,10068,2025-06-26 19:45:38,215,2,61806.3
3920,10070,2025-04-26 14:42:32,331,1,10724.43
3921,10070,2025-05-11 22:11:37,339,1,464.88
3922,10071,2025-06-16 09:19:52,364,1,4874.98
3923,10080,2025-01-17 16:56:06,304,1,149568.6
3924,10080,2025-02-10 21:58:03,358,2,16075.36
3925,10081,2025-05-14 00:36:38,31,1,2221.64
3926,10082,2025-01-22 05:55:07,318,2,39103.18
3927,10086,2025-04-04 02:45:09,181,1,11869.76
3928,10087,2025-02-13 03:31:31,465,1,17429.18
3929,10088,2025-05-01 03:16:24,100,1,17574.95
3930,10090,2025-05-17 22:45:34,458,1,50236.06
3931,10099,2025-01-06 09:23:05,186,1,5082.83
3932,10102,2025-01-18 07:31:52,2,1,19570.0
3933,10106,2025-06-12 17:12:59,34,2,4196.1
3934,10113,2025-01-24 19:13:56,13,2,5385.04
3935,10113,2025-02-28 18:54:42,68,1,47179.0
3936,10117,2025-03-29 21:03:23,359,1,7693.07
3937,10119,2025-06-16 12:59:41,224,1,14553.13
3938,10121,2025-05-19 07:14:02,458,1,50236.06
3939,10121,2025-06-08 13:11:19,92,2,7477.02
3940,10124,2025-02-08 11:26:38,150,2,39612.3
3941,10126,2025-01-23 19:35:01,145,1,5753.8
3942,10126,2025-02-03 20:26:18,415,1,4695.16
3943,10126,2025-03-06 16:06:32,477,1,37353.59
3944,10127,2025-05-30 22:48:33,205,2,29877.28
3945,10132,2025-06-13 21:49:07,393,1,13053.76
3946,10135,2025-04-06 16:36:40,455,1,3164.97
3947,10136,2025-06-30 02:45:23,34,1,2098.05
3948,10137,2025-03-02 22:00:02,218,1,94208.34
3949,10139,2025-03-24 20:15:33,498,2,27733.6
3950,10139,2025-04-22 09:28:58,240,1,29634.73
3951,10144,2025-06-02 02:50:35,31,2,4443.28
3952,10146,2025-02-20 00:46:18,62,1,20430.08
3953,10146,2025-03-04 16:32:58,233,1,4628.25
3954,10147,2025-03-06 06:19:47,126,1,15953.08
3955,10149,2025-02-02 17:24:26,162,1,6647.03
3956,10149,2025-03-11 16:22:26,380,2,38985.32
3957,10156,2025-01-17 01:29:35,388,2,75217.0
3958,10156,2025-01-22 15:03:35,302,1,38776.55
3959,10157,2025-02-20 22:14:10,44,2,12264.32
3960,10160,2025-02-18 03:23:17,458,1,50236.06
3961,10164,2025-02-11 09:08:23,118,2,4150.14
3962,10168,2025-05-09 20:39:26,433,1,10765.07
3963,10168,2025-05-20 02:50:38,266,1,8000.62
3964,10169,2025-04-09 07:20:25,360,2,21556.04
3965,10170,2025-02-02 11:35:52,398,2,18976.62
3966,10171,2025-02-11 12:25:21,271,1,35581.83
3967,10176,2025-05-04 00:31:49,345,3,72738.6
3968,10180,2025-04-03 15:55:12,193,1,33028.41
3969,10184,2025-01-07 21:17:51,356,1,3337.9
3970,10185,2025-01-22 18:51:47,47,1,6372.46
3971,10187,2025-04-22 21:55:53,259,3,28648.47
3972,10188,2025-05-31 23:27:27,357,1,136130.58
3973,10188,2025-06-25 12:54:17,145,2,11507.6
3974,10192,2025-01-18 19:55:12,102,1,25792.01
3975,10195,2025-01-29 03:50:18,15,1,9205.01
3976,10196,2025-05-22 05:08:02,273,1,8130.43
3977,10196,2025-06-05 22:35:06,172,1,36415.92
3978,10196,2025-06-27 13:48:32,347,1,26954.74
3979,10201,2025-04-11 09:56:55,391,1,7481.06
3980,10209,2025-01-01 08:33:56,447,1,1488.36
3981,10210,2025-04-12 11:46:58,281,1,8575.04
3982,10212,2025-05-31 09:32:23,496,1,31539.91
3983,10214,2025-04-23 07:30:59,372,1,1314.03
3984,10216,2025-05-25 09:50:52,252,1,5818.59
3985,10223,2025-04-15 18:10:20,24,1,1604.34
3986,10223,2025-04-23 23:27:58,34,1,2098.05
3987,10225,2025-01-01 23:21:25,303,1,1454.24
3988,10228,2025-06-11 11:31:45,339,1,464.88
3989,10228,2025-06-20 21:53:27,187,1,43342.31
3990,10230,2025-04-11 06:25:25,496,1,31539.91
3991,10230,2025-04-29 14:21:13,311,2,181630.56
3992,10231,2025-01-31 03:03:35,95,1,14154.76
3993,10234,2025-04-12 18:25:09,269,2,231029.86
3994,10235,2025-03-06 06:12:22,384,1,4013.53
3995,10236,2025-05-27 15:31:40,165,2,3465.06
3996,10237,2025-03-01 21:45:50,34,1,2098.05
3997,10237,2025-03-09 14:33:24,311,1,90815.28
3998,10239,2025-01-12 09:14:32,170,1,2620.79
3999,10239,2025-01-17 01:48:58,344,1,21107.94
4000,10244,2025-04-14 05:08:10,472,1,47216.19
4001,10248,2025-06-13 11:41:24,467,1,82011.77
4002,10248,2025-06-28 02:55:49,19,3,8310.27
4003,10251,2025-06-01 19:17:37,317,1,2354.88
4004,10254,2025-02-16 02:23:26,379,1,29755.14
4005,10255,2025-02-07 09:38:28,189,1,9592.2
4006,10256,2025-04-25 19:09:55,54,2,8318.96
4007,10258,2025-03-17 23:45:04,6,1,4629.86
4008,10258,2025-03-30 09:39:00,306,2,8899.94
4009,10263,2025-03-18 05:22:22,109,1,13239.59
4010,10265,2025-02-02 11:24:39,266,1,8000.62
4011,10266,2025-05-23 18:04:06,350,1,4462.47
4012,10270,2025-01-20 17:31:44,125,2,40641.9
4013,10271,2025-06-21 08:47:53,23,1,24086.36
4014,10272,2025-05-04 20:17:42,467,1,82011.77
4015,10273,2025-04-10 13:13:14,166,2,30353.98
4016,10274,2025-05-30 14:04:26,102,1,25792.01
4017,10276,2025-02-09 18:30:13,395,1,30745.93
4018,10277,2025-01-10 08:30:04,396,1,110532.21
4019,10277,2025-01-25 21:34:22,336,2,23539.72
4020,10278,2025-02-07 18:51:54,349,1,12041.93
4021,10279,2025-01-06 02:12:10,427,1,4312.66
4022,10284,2025-03-17 00:50:05,459,1,2696.03
4023,10287,2025-04-15 12:48:18,127,1,37875.42
4024,10288,2025-05-06 04:10:03,387,1,28854.36
4025,10291,2025-04-21 07:51:31,445,1,1748.17
4026,10293,2025-06-14 01:07:07,492,3,26194.95
4027,10296,2025-01-11 05:25:27,26,2,21802.26
4028,10297,2025-03-08 16:45:21,428,1,147572.66
4029,10298,2025-01-25 15:30:09,189,3,28776.6
4030,10300,2025-06-30 23:14:21,25,1,2943.92
4031,10302,2025-01-23 19:47:39,456,1,19874.65
4032,10303,2025-03-27 22:16:43,154,1,36463.8
4033,10305,2025-02-18 16:23:49,133,1,30464.02
4034,10305,2025-02-23 22:39:12,71,2,8853.58
4035,10309,2025-04-13 08:43:52,7,1,1408.94
4036,10311,2025-05-26 16:50:27,285,1,115911.82
4037,10312,2025-06-19 23:53:00,49,1,3584.0
4038,10315,2025-01-29 01:36:20,184,1,2970.14
4039,10323,2025-02-09 04:03:12,463,1,6385.22
4040,10327,2025-04-03 09:26:33,89,1,115692.18
4041,10330,2025-05-02 11:08:24,440,3,9321.69
4042,10330,2025-05-14 23:11:16,490,2,25480.08
4043,10332,2025-02-17 10:44:42,318,1,19551.59
4044,10333,2025-06-27 12:40:30,274,2,43254.18
4045,10335,2025-02-02 05:48:27,441,1,1146.71
4046,10336,2025-01-04 11:54:05,423,1,19615.97
4047,10338,2025-05-04 19:12:07,80,1,124124.35
4048,10345,2025-04-06 10:50:47,279,1,11780.7
4049,10350,2025-01-27 04:46:33,459,2,5392.06
4050,10352,2025-06-08 12:26:54,176,1,15291.17
4051,10355,2025-04-21 11:29:58,328,1,7767.1
4052,10356,2025-06-02 03:49:22,362,2,1078.4
4053,10359,2025-02-15 15:48:53,376,1,14562.53
4054,10359,2025-03-14 10:13:11,480,1,35487.49
4055,10363,2025-04-13 23:15:14,465,2,34858.36
4056,10368,2025-05-24 09:45:57,265,1,7512.87
4057,10375,2025-02-03 23:33:56,6,1,4629.86
4058,10378,2025-06-07 04:16:02,445,1,1748.17
4059,10381,2025-01-29 15:25:03,328,2,15534.2
4060,10382,2025-06-10 04:09:56,169,1,2636.13
4061,10392,2025-05-30 03:11:00,160,1,13826.53
4062,10395,2025-02-05 11:03:55,334,1,4204.59
4063,10396,2025-03-30 05:12:06,180,1,22619.63
4064,10396,2025-04-24 17:52:13,356,1,3337.9
4065,10403,2025-06-03 16:47:03,497,3,14029.44
4066,10403,2025-06-18 16:17:17,296,1,108127.41
4067,10407,2025-04-05 16:26:06,184,2,5940.28
4068,10408,2025-06-15 03:30:57,160,1,13826.53
4069,10409,2025-02-03 01:26:52,457,1,32494.5
4070,10412,2025-04-12 12:10:43,281,1,8575.04
4071,10415,2025-01-12 06:19:42,200,2,15675.14
4072,10420,2025-05-10 10:16:03,364,1,4874.98
4073,10421,2025-05-03 14:15:32,53,1,67150.12
4074,10421,2025-05-13 23:01:35,183,1,5734.14
4075,10423,2025-03-04 06:46:48,357,1,136130.58
4076,10426,2025-06-28 14:25:10,266,1,8000.62
4077,10429,2025-04-17 13:50:09,39,1,19720.04
4078,10435,2025-03-16 23:35:32,172,1,36415.92
4079,10437,2025-04-05 01:10:55,26,1,10901.13
4080,10437,2025-04-24 09:06:34,362,1,539.2
4081,10441,2025-04-29 13:25:36,474,3,46230.33
4082,10447,2025-04-19 04:53:41,43,1,11732.3
4083,10447,2025-04-23 10:26:22,118,2,4150.14
4084,10449,2025-01-21 19:27:47,485,1,26241.01
4085,10450,2025-05-13 20:11:43,424,1,14170.15
4086,10450,2025-06-02 05:53:04,142,1,10287.19
4087,10452,2025-06-08 21:03:18,253,1,9261.77
4088,10453,2025-03-01 09:00:48,32,1,7276.12
4089,10457,2025-05-02 15:29:42,428,2,295145.32
4090,10461,2025-05-06 09:23:28,320,3,100682.28
4091,10463,2025-05-01 22:43:15,441,1,1146.71
4092,10464,2025-03-13 01:15:48,115,3,50128.14
4093,10470,2025-04-13 03:27:04,429,1,2789.86
4094,10475,2025-02-28 08:35:10,319,1,29688.49
4095,10480,2025-02-12 21:09:59,18,2,3693.32
4096,10480,2025-02-28 17:32:30,406,1,24419.24
4097,10481,2025-05-14 06:34:25,184,1,2970.14
4098,10482,2025-06-13 07:53:08,447,1,1488.36
4099,10483,2025-06-26 16:09:24,228,1,9440.11
4100,10484,2025-04-17 19:53:35,264,2,9155.12
4101,10484,2025-05-08 01:05:48,369,2,28785.18
4102,10485,2025-04-08 19:32:02,60,1,5108.13
4103,10492,2025-05-12 21:30:44,301,2,88512.42
4104,10494,2025-02-25 06:06:05,468,2,283156.62
4105,10496,2025-04-02 14:46:35,458,1,50236.06
4106,10497,2025-02-19 03:35:14,386,1,30141.47
4107,10503,2025-04-07 01:27:47,142,1,10287.19
4108,10510,2025-02-04 10:39:24,205,1,14938.64
4109,10512,2025-06-05 17:58:05,165,1,1732.53
4110,10513,2025-01-07 05:36:10,298,2,25386.44
4111,10513,2025-01-24 21:39:27,404,1,13845.68
4112,10515,2025-05-01 13:42:41,351,2,4078.34
4113,10516,2025-02-06 08:09:04,51,1,10465.17
4114,10519,2025-02-18 13:52:26,331,1,10724.43
4115,10521,2025-04-11 20:29:22,335,1,6200.21
4116,10522,2025-05-03 22:49:56,55,2,48059.02
4117,10523,2025-05-01 09:38:05,438,3,16240.2
4118,10530,2025-03-19 20:30:37,113,1,7819.25
4119,10532,2025-06-02 16:53:29,256,1,547.58
4120,10534,2025-03-24 12:12:22,146,1,9446.45
4121,10535,2025-03-24 20:20:12,337,1,138096.58
4122,10536,2025-01-21 19:05:20,161,1,49810.77
4123,10541,2025-04-04 18:48:11,497,1,4676.48
4124,10549,2025-01-24 17:47:30,472,1,47216.19
4125,10553,2025-02-14 20:45:12,179,2,227473.0
4126,10555,2025-04-13 17:09:51,261,1,19158.19
4127,10556,2025-02-10 16:45:47,106,2,8707.26
4128,10560,2025-04-02 05:47:31,242,2,18570.78
4129,10561,2025-05-21 11:57:55,399,2,35454.18
4130,10563,2025-06-06 11:21:28,77,2,141019.06
4131,10566,2025-03-07 04:17:52,397,1,38138.57
4132,10570,2025-05-22 03:47:42,282,1,1113.3
4133,10570,2025-06-04 04:53:00,450,1,7501.43
4134,10571,2025-04-28 12:19:12,46,2,230417.5
4135,10572,2025-01-15 15:32:50,150,1,19806.15
4136,10578,2025-05-03 05:04:39,65,1,15098.74
4137,10583,2025-03-06 05:53:39,54,2,8318.96
4138,10584,2025-06-25 03:48:47,76,1,513.56
4139,10585,2025-03-02 19:38:15,336,1,11769.86
4140,10586,2025-05-01 01:45:53,125,1,20320.95
4141,10587,2025-02-14 04:55:47,257,3,7307.52
4142,10587,2025-03-03 07:42:46,124,1,4288.14
4143,10595,2025-04-18 05:08:17,472,2,94432.38
4144,10596,2025-06-16 22:39:58,171,1,15094.37
4145,10598,2025-02-14 02:22:08,157,2,207091.52
4146,10599,2025-03-28 15:19:28,317,1,2354.88
4147,10601,2025-04-13 17:36:57,195,1,17742.05
4148,10602,2025-04-12 16:06:12,424,1,14170.15
4149,10602,2025-04-22 22:56:00,248,1,9420.12
4150,10602,2025-05-17 18:03:22,132,1,7791.77
4151,10602,2025-06-01 09:31:51,202,2,4257.7
4152,10604,2025-02-15 20:49:04,263,1,38988.81
4153,10604,2025-02-24 05:00:46,193,2,66056.82
4154,10605,2025-04-25 11:53:31,416,2,73301.44
4155,10607,2025-06-13 17:00:36,179,3,341209.5
4156,10609,2025-02-24 02:58:17,271,1,35581.83
4157,10611,2025-05-22 14:56:06,217,1,3789.89
4158,10612,2025-04-07 11:00:45,76,2,1027.12
4159,10618,2025-04-02 05:58:50,464,1,28260.63
4160,10619,2025-05-08 20:32:33,247,2,19795.5
4161,10622,2025-04-25 04:39:16,330,2,6466.02
4162,10622,2025-05-12 10:56:16,96,2,2803.18
4163,10629,2025-01-12 11:37:26,259,1,9549.49
4164,10630,2025-01-23 02:27:51,491,1,912.64
4165,10635,2025-01-10 14:08:27,208,2,6937.54
4166,10635,2025-01-17 23:21:11,496,1,31539.91
4167,10636,2025-03-24 07:26:59,369,1,14392.59
4168,10637,2025-04-14 06:15:44,494,1,495.37
4169,10640,2025-06-14 06:09:58,371,2,47095.06
4170,10642,2025-05-19 06:10:30,424,1,14170.15
4171,10644,2025-01-27 03:23:50,381,1,9476.92
4172,10645,2025-03-30 01:57:56,253,1,9261.77
4173,10646,2025-04-10 13:47:57,278,2,25853.4
4174,10648,2025-01-24 19:35:03,71,2,8853.58
4175,10650,2025-05-28 13:03:33,51,2,20930.34
4176,10662,2025-01-05 23:23:57,350,1,4462.47
4177,10671,2025-05-29 15:00:28,482,2,49691.2
4178,10671,2025-06-14 22:14:58,119,2,18018.16
4179,10672,2025-05-08 09:39:14,253,1,9261.77
4180,10673,2025-01-05 05:09:15,450,1,7501.43
4181,10675,2025-04-04 16:15:28,175,1,81468.72
4182,10678,2025-06-26 20:28:23,191,1,36768.02
4183,10679,2025-05-18 10:10:10,25,1,2943.92
4184,10679,2025-05-28 15:36:07,272,1,11789.2
4185,10680,2025-03-23 10:20:24,69,1,7709.45
4186,10681,2025-02-06 14:19:36,403,3,76171.86
4187,10683,2025-06-30 15:01:27,485,1,26241.01
4188,10687,2025-05-18 23:51:40,284,2,21340.64
4189,10689,2025-01-08 03:52:14,393,2,26107.52
4190,10691,2025-05-17 00:17:37,245,2,30798.3
4191,10697,2025-05-21 08:25:23,343,1,71441.06
4192,10698,2025-01-07 13:23:04,119,1,9009.08
4193,10704,2025-04-30 19:17:04,96,2,2803.18
4194,10704,2025-05-08 06:17:53,270,3,1543.68
4195,10722,2025-01-18 09:13:30,381,1,9476.92
4196,10723,2025-02-20 04:00:50,439,1,35173.02
4197,10727,2025-05-18 07:44:34,78,2,298965.4
4198,10734,2025-06-13 20:06:45,259,1,9549.49
4199,10736,2025-04-20 14:44:14,411,1,2755.99
4200,10739,2025-02-09 16:19:56,485,2,52482.02
4201,10741,2025-03-07 13:59:22,475,1,11694.47
4202,10743,2025-04-29 07:01:12,171,3,45283.11
4203,10746,2025-05-13 00:57:04,49,2,7168.0
4204,10747,2025-05-25 07:30:42,189,1,9592.2
4205,10747,2025-06-12 22:39:31,304,2,299137.2
4206,10747,2025-06-28 09:05:25,488,1,32780.58
4207,10750,2025-06-30 08:57:19,49,1,3584.0
4208,10756,2025-02-14 12:38:19,133,2,60928.04
4209,10757,2025-03-14 06:41:11,439,2,70346.04
4210,10758,2025-03-23 12:29:09,123,1,37439.59
4211,10766,2025-02-02 20:14:33,436,1,18344.93
4212,10769,2025-04-12 11:51:10,408,2,17868.96
4213,10772,2025-05-01 22:55:02,456,1,19874.65
4214,10773,2025-06-25 15:43:39,163,1,7638.19
4215,10778,2025-05-19 07:11:55,46,1,115208.75
4216,10778,2025-05-25 13:10:59,179,1,113736.5
4217,10778,2025-06-15 02:16:30,90,1,93514.94
4218,10782,2025-03-01 07:44:15,224,2,29106.26
4219,10782,2025-03-25 01:47:34,80,1,124124.35
4220,10784,2025-05-02 19:00:06,85,1,67271.34
4221,10784,2025-05-28 08:11:54,257,1,2435.84
4222,10785,2025-03-13 05:05:16,109,1,13239.59
4223,10786,2025-06-23 21:55:33,236,1,19589.44
4224,10792,2025-02-18 14:06:05,441,1,1146.71
4225,10796,2025-01-24 10:00:17,447,2,2976.72
4226,10798,2025-03-31 19:27:10,499,2,7999.64
4227,10799,2025-06-25 15:20:42,155,2,55578.78
4228,10801,2025-02-28 16:51:57,365,1,13691.92
4229,10803,2025-01-23 01:17:14,391,2,14962.12
4230,10805,2025-03-08 20:08:59,346,1,14000.92
4231,10805,2025-03-24 18:34:53,398,1,9488.31
4232,10807,2025-06-03 02:18:40,43,1,11732.3
4233,10807,2025-06-16 05:31:55,494,2,990.74
4234,10809,2025-04-10 13:41:05,447,1,1488.36
4235,10809,2025-04-19 19:33:32,437,1,1479.71
4236,10810,2025-01-31 05:22:49,127,1,37875.42
4237,10810,2025-03-24 00:02:25,489,3,24994.53
4238,10812,2025-02-23 10:48:47,377,1,6504.51
4239,10815,2025-02-20 05:50:09,423,2,39231.94
4240,10817,2025-04-13 18:06:56,476,1,2319.27
4241,10819,2025-05-16 22:24:54,405,2,40179.26
4242,10828,2025-03-08 00:51:26,184,2,5940.28
4243,10829,2025-02-06 10:32:34,125,2,40641.9
4244,10832,2025-06-28 12:14:26,325,1,13982.87
4245,10833,2025-06-06 01:21:31,136,1,2438.57
4246,10834,2025-02-22 13:49:53,435,1,4498.66
4247,10834,2025-03-10 01:40:25,459,1,2696.03
4248,10837,2025-05-07 07:02:02,3,1,10094.67
4249,10847,2025-04-26 06:25:39,446,1,136780.08
4250,10847,2025-05-06 19:40:29,252,3,17455.77
4251,10848,2025-05-10 06:52:50,260,2,27562.32
4252,10848,2025-06-24 04:07:37,441,1,1146.71
4253,10849,2025-05-27 04:00:45,402,2,39298.5
4254,10854,2025-03-31 10:23:41,21,1,14166.0
4255,10854,2025-04-05 20:49:38,152,1,7223.67
4256,10855,2025-03-23 04:44:07,486,1,5773.24
4257,10856,2025-04-22 00:41:51,174,1,2937.34
4258,10860,2025-03-11 23:25:57,332,2,1005.36
4259,10861,2025-02-04 06:25:33,29,1,73838.2
4260,10869,2025-06-28 06:39:06,236,1,19589.44
4261,10874,2025-03-31 00:05:28,126,1,15953.08
4262,10876,2025-05-18 03:17:01,278,1,12926.7
4263,10880,2025-04-14 14:59:02,478,3,112999.05
4264,10881,2025-02-26 13:14:48,195,2,35484.1
4265,10883,2025-02-18 21:30:11,395,1,30745.93
4266,10890,2025-02-17 00:19:55,296,1,108127.41
4267,10892,2025-02-23 08:59:05,390,1,3926.05
4268,10897,2025-01-26 03:21:22,438,1,5413.4
4269,10898,2025-03-27 21:01:20,62,1,20430.08
4270,10899,2025-03-13 19:28:34,441,2,2293.42
4271,10903,2025-04-30 14:15:48,395,3,92237.79
4272,10903,2025-06-12 03:15:54,213,1,14323.4
4273,10904,2025-05-18 05:41:17,24,1,1604.34
4274,10912,2025-05-03 19:13:46,263,1,38988.81
4275,10914,2025-04-15 19:00:43,157,1,103545.76
4276,10915,2025-03-10 16:04:37,230,1,3807.27
4277,10916,2025-02-01 04:32:18,44,2,12264.32
4278,10916,2025-02-04 05:44:19,478,1,37666.35
4279,10917,2025-06-28 08:07:15,370,2,37808.82
4280,10918,2025-01-06 05:52:40,85,1,67271.34
4281,10919,2025-04-04 06:03:08,493,1,17276.96
4282,10919,2025-04-08 13:17:18,315,1,33862.07
4283,10919,2025-04-12 16:34:48,189,1,9592.2
4284,10920,2025-04-29 06:24:16,464,2,56521.26
4285,10921,2025-06-13 22:01:43,89,2,231384.36
4286,10925,2025-02-22 22:08:05,314,1,6987.52
4287,10926,2025-01-01 14:10:00,202,1,2128.85
4288,10927,2025-05-31 17:49:44,267,1,20054.79
4289,10928,2025-04-24 10:22:58,74,1,24393.36
4290,10929,2025-04-23 13:39:41,418,1,16621.38
4291,10929,2025-05-09 21:38:45,416,1,36650.72
4292,10931,2025-06-12 04:13:54,386,1,30141.47
4293,10932,2025-05-30 11:41:37,168,1,9504.82
4294,10935,2025-06-30 17:03:41,395,2,61491.86
4295,10936,2025-03-11 11:36:19,418,1,16621.38
4296,10937,2025-05-30 08:01:56,172,2,72831.84
4297,10941,2025-06-12 02:16:38,432,1,16557.1
4298,10946,2025-03-27 04:27:19,291,1,1193.57
4299,10947,2025-03-21 16:02:45,295,1,13255.4
4300,10947,2025-04-09 12:00:31,262,2,74114.38
4301,10948,2025-06-11 07:36:12,342,1,11288.79
4302,10950,2025-05-23 12:07:56,214,1,20873.19
4303,10950,2025-06-12 17:05:07,353,2,29219.22
4304,10951,2025-04-07 05:54:02,408,1,8934.48
4305,10954,2025-02-11 23:16:45,84,1,2448.39
4306,10960,2025-03-22 13:31:49,424,2,28340.3
4307,10961,2025-05-01 04:15:40,436,1,18344.93
4308,10964,2025-04-04 16:11:00,397,1,38138.57
4309,10968,2025-02-06 16:38:42,395,1,30745.93
4310,10970,2025-05-22 17:41:38,364,1,4874.98
4311,10977,2025-03-09 11:57:01,129,1,358.85
4312,10979,2025-01-05 08:08:30,254,1,16059.76
4313,10982,2025-06-15 20:17:50,300,1,11130.88
4314,10984,2025-05-13 23:33:04,270,1,514.56
4315,10986,2025-01-20 21:13:47,36,1,17558.77
4316,10988,2025-04-09 09:36:55,74,1,24393.36
4317,10992,2025-04-29 07:15:44,30,1,43984.69
4318,10997,2025-05-10 23:45:29,286,1,3189.98
4319,10998,2025-03-19 11:48:40,41,1,8500.67
4320,10999,2025-03-22 09:31:25,222,1,8006.41
4321,11006,2025-03-17 12:51:18,222,2,16012.82
4322,11009,2025-03-09 06:11:59,499,1,3999.82
4323,11016,2025-03-18 15:00:43,432,1,16557.1
4324,11019,2025-03-29 06:26:46,282,1,1113.3
4325,11024,2025-04-07 06:25:56,49,1,3584.0
4326,11027,2025-06-08 11:37:48,403,1,25390.62
4327,11030,2025-06-06 10:11:32,61,1,102219.65
4328,11032,2025-03-23 00:42:20,205,1,14938.64
4329,11033,2025-02-04 21:17:43,393,1,13053.76
4330,11033,2025-02-16 05:32:54,470,1,1252.58
4331,11033,2025-03-28 01:09:05,229,1,30697.88
4332,11036,2025-04-30 13:42:19,36,2,35117.54
4333,11041,2025-04-19 23:46:50,430,1,24645.4
4334,11042,2025-06-19 11:17:18,496,1,31539.91
4335,11045,2025-01-16 21:54:44,217,1,3789.89
4336,11049,2025-01-25 11:33:31,77,1,70509.53
4337,11050,2025-01-02 16:57:35,212,2,210406.84
4338,11051,2025-03-28 23:19:20,28,1,10248.86
4339,11051,2025-04-05 11:47:44,459,1,2696.03
4340,11055,2025-03-29 11:40:53,13,1,2692.52
4341,11055,2025-04-09 03:58:28,383,1,110906.1
4342,11055,2025-04-12 05:33:52,392,1,3931.31
4343,11055,2025-05-02 15:51:53,456,1,19874.65
4344,11056,2025-02-25 17:23:03,133,2,60928.04
4345,11060,2025-05-05 19:53:30,59,2,86933.94
4346,11060,2025-05-16 02:42:00,353,3,43828.83
4347,11060,2025-05-21 19:01:02,217,1,3789.89
4348,11067,2025-04-05 07:55:49,201,2,26205.44
4349,11067,2025-04-21 23:18:55,390,1,3926.05
4350,11068,2025-03-05 18:33:44,101,2,38173.66
4351,11070,2025-04-06 19:29:21,124,1,4288.14
4352,11073,2025-06-27 23:14:21,445,1,1748.17
4353,11076,2025-05-17 23:40:03,70,1,5458.68
4354,11079,2025-06-05 08:43:36,358,2,16075.36
4355,11087,2025-03-05 08:49:14,133,2,60928.04
4356,11089,2025-05-06 02:55:02,311,2,181630.56
4357,11095,2025-05-13 15:26:00,387,1,28854.36
4358,11097,2025-03-04 14:05:31,287,1,5328.56
4359,11099,2025-02-04 06:21:52,458,1,50236.06
4360,11105,2025-01-13 11:49:57,89,2,231384.36
4361,11108,2025-03-02 05:03:49,384,2,8027.06
4362,11108,2025-03-13 14:24:25,57,1,55100.21
4363,11114,2025-04-26 07:11:30,119,2,18018.16
4364,11118,2025-06-21 11:09:59,130,1,16268.89
4365,11121,2025-05-14 17:12:59,125,1,20320.95
4366,11123,2025-05-16 07:15:55,78,2,298965.4
4367,11124,2025-06-11 02:50:58,332,1,502.68
4368,11129,2025-05-01 20:04:20,256,1,547.58
4369,11130,2025-01-04 04:22:13,63,1,8572.39
4370,11130,2025-01-19 19:28:45,51,1,10465.17
4371,11132,2025-02-27 18:59:22,9,1,6572.8
4372,11134,2025-04-26 14:06:57,307,1,22758.27
4373,11143,2025-02-08 15:22:40,149,2,20632.22
4374,11144,2025-01-25 03:48:59,59,3,130400.91
4375,11152,2025-03-01 20:33:08,144,1,21135.77
4376,11155,2025-05-06 09:26:15,134,1,3801.47
4377,11156,2025-01-31 21:54:48,312,1,24505.73
4378,11158,2025-02-22 11:36:26,169,1,2636.13
4379,11160,2025-05-02 23:30:46,86,3,287217.27
4380,11163,2025-01-20 08:30:09,491,2,1825.28
4381,11168,2025-03-11 10:25:20,116,1,13895.24
4382,11172,2025-06-15 09:34:51,418,1,16621.38
4383,11176,2025-03-19 13:23:35,14,2,7805.74
4384,11176,2025-03-26 23:26:35,373,1,4993.75
4385,11179,2025-05-14 01:25:51,318,1,19551.59
4386,11180,2025-03-17 15:54:19,60,1,5108.13
4387,11180,2025-03-22 09:39:43,18,1,1846.66
4388,11181,2025-01-20 05:37:59,210,1,12877.08
4389,11186,2025-01-31 01:43:00,383,1,110906.1
4390,11187,2025-01-03 06:54:19,164,1,100669.41
4391,11191,2025-03-17 04:18:43,327,1,8222.53
4392,11191,2025-04-09 10:23:44,472,1,47216.19
4393,11198,2025-02-08 12:42:49,66,1,7734.16
4394,11202,2025-04-11 21:18:15,245,1,15399.15
4395,11203,2025-02-13 07:50:58,125,1,20320.95
4396,11204,2025-06-11 02:23:47,278,1,12926.7
4397,11208,2025-04-19 19:51:22,330,1,3233.01
4398,11211,2025-06-25 02:57:28,191,2,73536.04
4399,11212,2025-04-13 17:13:34,115,1,16709.38
4400,11216,2025-05-30 07:09:33,45,1,25096.16
4401,11218,2025-06-03 05:47:14,141,2,156012.88
4402,11219,2025-06-19 15:24:32,356,1,3337.9
4403,11221,2025-03-24 10:07:19,245,3,46197.45
4404,11221,2025-04-03 02:33:33,357,1,136130.58
4405,11225,2025-02-10 04:24:07,350,1,4462.47
4406,11230,2025-04-07 21:03:35,37,1,884.45
4407,11233,2025-05-22 03:16:43,34,1,2098.05
4408,11233,2025-06-11 10:37:28,332,1,502.68
4409,11240,2025-04-13 22:34:37,430,1,24645.4
4410,11244,2025-05-18 12:32:03,172,1,36415.92
4411,11246,2025-01-19 00:10:28,439,1,35173.02
4412,11247,2025-06-01 10:57:25,480,1,35487.49
4413,11249,2025-02-17 22:05:30,132,1,7791.77
4414,11253,2025-05-18 11:39:07,296,2,216254.82
4415,11253,2025-06-02 19:53:46,335,1,6200.21
4416,11254,2025-02-16 19:19:23,250,1,20800.98
4417,11255,2025-05-21 20:25:39,93,3,17322.09
4418,11255,2025-05-28 15:58:26,480,1,35487.49
4419,11263,2025-05-31 10:20:14,186,1,5082.83
4420,11266,2025-01-22 11:55:48,500,1,101175.55
4421,11266,2025-01-28 00:23:28,42,1,35405.28
4422,11274,2025-02-22 20:33:37,355,2,8768.9
4423,11282,2025-04-02 12:03:31,464,1,28260.63
4424,11287,2025-01-16 08:00:25,145,1,5753.8
4425,11293,2025-06-02 00:07:02,64,1,23300.53
4426,11296,2025-04-28 00:49:21,119,2,18018.16
4427,11297,2025-02-10 23:41:31,381,1,9476.92
4428,11297,2025-02-18 06:03:07,218,3,282625.02
4429,11302,2025-05-28 11:52:41,320,1,33560.76
4430,11305,2025-01-21 11:09:15,81,1,47864.88
4431,11308,2025-05-28 05:41:56,13,1,2692.52
4432,11308,2025-06-13 12:51:10,204,1,3831.25
4433,11309,2025-02-23 05:24:15,107,1,11847.57
4434,11314,2025-06-19 07:37:54,23,3,72259.08
4435,11316,2025-06-12 07:39:39,13,1,2692.52
4436,11327,2025-01-06 17:17:55,165,1,1732.53
4437,11327,2025-01-17 04:27:46,34,1,2098.05
4438,11328,2025-04-14 20:33:58,58,1,33150.95
4439,11328,2025-04-29 03:50:37,41,2,17001.34
4440,11333,2025-02-06 11:13:09,78,1,149482.7
4441,11335,2025-06-20 10:10:48,289,1,116522.54
4442,11338,2025-05-24 01:23:27,220,1,2583.92
4443,11339,2025-02-03 06:16:20,66,1,7734.16
4444,11340,2025-06-29 20:04:05,61,1,102219.65
4445,11341,2025-02-18 16:41:30,258,1,4584.18
4446,11345,2025-05-19 17:59:31,421,1,3913.39
4447,11350,2025-02-05 20:02:26,468,1,141578.31
4448,11351,2025-04-10 21:54:54,428,1,147572.66
4449,11355,2025-06-13 02:55:29,111,1,1028.45
4450,11359,2025-02-12 22:09:15,279,1,11780.7
4451,11362,2025-03-28 07:12:33,162,1,6647.03
4452,11363,2025-02-10 08:16:21,331,1,10724.43
4453,11365,2025-03-03 04:59:20,72,1,43803.67
4454,11366,2025-01-28 16:20:54,474,1,15410.11
4455,11369,2025-05-01 00:25:04,434,1,94224.67
4456,11371,2025-04-13 22:52:42,495,1,13165.95
4457,11371,2025-05-07 08:14:06,217,1,3789.89
4458,11373,2025-03-19 12:57:54,422,2,16095.9
4459,11376,2025-04-22 12:05:25,449,1,651.83
4460,11378,2025-01-08 00:56:31,323,1,21377.29
4461,11378,2025-01-18 00:42:47,230,1,3807.27
4462,11379,2025-01-23 14:58:10,8,1,2149.22
4463,11384,2025-03-11 02:28:05,299,1,9185.44
4464,11389,2025-05-14 22:05:58,306,1,4449.97
4465,11389,2025-05-25 10:13:36,108,1,5270.83
4466,11392,2025-02-13 06:21:39,224,1,14553.13
4467,11400,2025-01-27 21:26:48,170,1,2620.79
4468,11409,2025-05-20 11:15:11,316,3,15150.3
4469,11414,2025-03-27 21:18:11,135,1,13650.75
4470,11418,2025-01-24 03:48:29,458,2,100472.12
4471,11419,2025-01-25 05:30:22,143,1,13152.69
4472,11423,2025-05-18 13:26:06,12,2,20797.7
4473,11432,2025-02-15 16:35:52,391,1,7481.06
4474,11434,2025-02-09 12:37:54,331,1,10724.43
4475,11435,2025-04-27 06:02:37,351,2,4078.34
4476,11439,2025-02-23 05:50:05,307,1,22758.27
4477,11440,2025-06-15 02:23:12,152,1,7223.67
4478,11442,2025-05-28 06:23:33,449,1,651.83
4479,11445,2025-06-05 19:58:31,320,1,33560.76
4480,11448,2025-04-23 14:41:30,34,2,4196.1
4481,11448,2025-04-30 08:12:19,61,1,102219.65
4482,11451,2025-05-30 18:48:05,99,1,58745.84
4483,11452,2025-06-06 00:27:58,370,1,18904.41
4484,11453,2025-06-12 17:06:32,417,1,32512.83
4485,11453,2025-06-24 04:34:35,46,1,115208.75
4486,11454,2025-05-07 01:33:16,283,1,38631.44
4487,11455,2025-03-19 02:28:31,317,1,2354.88
4488,11457,2025-04-10 13:13:16,245,1,15399.15
4489,11458,2025-05-11 16:13:08,10,2,7904.74
4490,11459,2025-04-29 05:37:26,460,1,41328.67
4491,11460,2025-03-21 02:58:32,28,3,30746.58
4492,11461,2025-04-05 12:01:52,374,1,10459.29
4493,11462,2025-05-05 02:59:30,386,1,30141.47
4494,11463,2025-02-27 21:32:36,36,3,52676.31
4495,11466,2025-03-31 07:13:23,220,1,2583.92
4496,11466,2025-04-20 18:26:09,329,2,22429.6
4497,11468,2025-03-02 18:08:55,180,1,22619.63
4498,11470,2025-04-13 03:36:50,147,1,8701.96
4499,11472,2025-02-22 05:52:36,91,2,231658.56
4500,11473,2025-05-03 16:09:55,456,1,19874.65
4501,11475,2025-01-20 14:46:35,433,1,10765.07
4502,11477,2025-05-25 02:44:28,72,1,43803.67
4503,11478,2025-01-12 23:25:33,126,2,31906.16
4504,11485,2025-03-16 01:08:51,399,1,17727.09
4505,11485,2025-04-03 08:51:29,351,1,2039.17
4506,11486,2025-05-12 17:19:26,149,2,20632.22
4507,11487,2025-05-19 01:39:19,142,3,30861.57
4508,11490,2025-03-03 17:20:26,105,1,7627.67
4509,11490,2025-03-25 02:35:54,493,1,17276.96
4510,11493,2025-01-26 19:21:00,16,1,4159.96
4511,11503,2025-02-09 03:26:53,142,1,10287.19
4512,11503,2025-02-19 05:09:28,355,1,4384.45
4513,11504,2025-03-13 07:02:20,366,1,9798.21
4514,11507,2025-04-09 21:50:54,382,1,17566.23
4515,11508,2025-04-22 08:58:20,40,1,1173.14
4516,11512,2025-06-14 03:28:00,194,1,1522.19
4517,11518,2025-01-14 05:51:17,429,1,2789.86
4518,11520,2025-06-27 17:49:40,317,1,2354.88
4519,11527,2025-04-20 18:12:25,123,1,37439.59
4520,11538,2025-06-21 20:19:00,146,1,9446.45
4521,11543,2025-02-12 13:24:15,156,1,8339.09
4522,11544,2025-03-05 07:09:25,218,3,282625.02
4523,11547,2025-04-19 23:06:06,58,1,33150.95
4524,11550,2025-05-03 18:37:49,476,2,4638.54
4525,11550,2025-05-20 14:21:58,96,1,1401.59
4526,11556,2025-05-02 14:55:45,361,1,13985.68
4527,11558,2025-04-24 08:19:08,262,2,74114.38
4528,11562,2025-02-01 17:27:26,110,1,18441.82
4529,11563,2025-05-02 08:10:48,3,3,30284.01
4530,11564,2025-01-18 00:30:54,430,1,24645.4
4531,11568,2025-04-25 23:32:23,241,1,11168.82
4532,11570,2025-05-21 18:56:26,347,1,26954.74
4533,11584,2025-06-08 02:42:40,111,1,1028.45
4534,11587,2025-01-06 16:07:15,33,1,17762.94
4535,11589,2025-06-24 18:10:55,499,1,3999.82
4536,11590,2025-05-03 20:00:02,486,1,5773.24
4537,11593,2025-01-19 05:27:05,323,2,42754.58
4538,11596,2025-03-16 11:10:21,259,1,9549.49
4539,11602,2025-02-21 21:32:22,323,3,64131.87
4540,11603,2025-02-16 02:54:18,399,1,17727.09
4541,11604,2025-05-17 20:14:53,337,1,138096.58
4542,11606,2025-05-15 20:53:46,239,1,1734.95
4543,11606,2025-05-19 17:56:57,125,1,20320.95
4544,11608,2025-06-27 13:24:51,128,1,7580.95
4545,11611,2025-06-19 05:42:55,190,2,54634.2
4546,11612,2025-03-04 19:08:03,430,1,24645.4
4547,11615,2025-02-02 15:45:29,80,1,124124.35
4548,11624,2025-04-24 14:29:07,159,2,61544.26
4549,11628,2025-02-28 06:15:48,482,2,49691.2
4550,11631,2025-04-03 15:41:36,346,1,14000.92
4551,11631,2025-05-29 04:27:47,148,1,129106.55
4552,11637,2025-04-05 04:48:59,262,1,37057.19
4553,11638,2025-03-07 16:03:15,319,1,29688.49
4554,11641,2025-06-20 14:37:46,107,1,11847.57
4555,11643,2025-01-27 06:28:35,445,1,1748.17
4556,11644,2025-06-19 19:09:07,57,1,55100.21
4557,11646,2025-02-16 11:09:25,74,2,48786.72
4558,11646,2025-03-03 00:30:24,223,1,11303.07
4559,11647,2025-03-10 11:35:35,456,1,19874.65
4560,11650,2025-06-14 13:31:22,39,1,19720.04
4561,11654,2025-02-05 07:12:40,276,1,4843.01
4562,11658,2025-04-17 06:05:53,183,2,11468.28
4563,11660,2025-04-07 12:37:38,178,1,122025.22
4564,11663,2025-06-21 19:48:05,474,2,30820.22
4565,11665,2025-06-16 12:36:27,122,2,48621.04
4566,11666,2025-06-22 20:46:34,347,1,26954.74
4567,11670,2025-03-05 00:19:37,92,1,3738.51
4568,11672,2025-03-17 08:06:21,325,1,13982.87
4569,11674,2025-03-23 17:57:52,358,2,16075.36
4570,11677,2025-05-03 04:26:48,381,1,9476.92
4571,11683,2025-01-26 01:29:37,40,1,1173.14
4572,11685,2025-03-21 08:01:26,489,2,16663.02
4573,11688,2025-04-23 00:47:13,304,2,299137.2
4574,11694,2025-03-12 19:49:36,186,1,5082.83
4575,11696,2025-01-15 13:01:19,34,1,2098.05
4576,11698,2025-06-29 05:52:03,318,1,19551.59
4577,11699,2025-03-01 11:29:30,413,1,24752.33
4578,11700,2025-04-11 16:10:17,292,2,19573.52
4579,11701,2025-06-21 05:51:04,190,1,27317.1
4580,11703,2025-03-30 13:34:44,217,2,7579.78
4581,11709,2025-05-04 07:03:08,5,1,111884.19
4582,11710,2025-02-21 01:02:12,262,1,37057.19
4583,11715,2025-06-05 08:22:09,63,2,17144.78
4584,11717,2025-02-08 14:01:59,272,1,11789.2
4585,11719,2025-01-04 05:45:32,290,1,4390.34
4586,11719,2025-01-22 17:24:12,179,1,113736.5
4587,11726,2025-04-08 15:05:24,435,1,4498.66
4588,11728,2025-05-28 03:12:46,148,1,129106.55
4589,11730,2025-06-01 23:24:58,159,1,30772.13
4590,11731,2025-04-01 09:14:28,256,2,1095.16
4591,11732,2025-02-23 21:59:19,170,1,2620.79
4592,11733,2025-05-07 20:53:43,443,1,19089.94
4593,11737,2025-06-28 04:23:56,382,1,17566.23
4594,11738,2025-05-31 14:52:14,188,1,631.77
4595,11738,2025-06-27 03:17:55,79,1,14294.87
4596,11747,2025-03-19 21:50:28,21,1,14166.0
4597,11754,2025-06-11 16:36:12,130,1,16268.89
4598,11754,2025-06-28 12:51:55,128,1,7580.95
4599,11755,2025-02-28 14:18:25,378,1,15995.17
4600,11757,2025-03-29 23:15:35,301,1,44256.21
4601,11757,2025-04-19 14:20:58,187,1,43342.31
4602,11759,2025-03-24 16:10:27,37,1,884.45
4603,11759,2025-04-02 13:59:15,39,1,19720.04
4604,11763,2025-01-15 00:06:19,6,1,4629.86
4605,11765,2025-03-10 18:32:35,345,1,24246.2
4606,11767,2025-04-05 02:48:20,221,1,14298.27
4607,11768,2025-03-18 06:35:39,24,1,1604.34
4608,11773,2025-02-20 09:01:02,24,2,3208.68
4609,11774,2025-05-17 01:18:01,469,1,8458.92
4610,11775,2025-04-28 15:05:54,119,1,9009.08
4611,11776,2025-02-18 07:09:46,420,1,3770.66
4612,11779,2025-01-24 03:34:48,313,1,11749.91
4613,11791,2025-03-24 09:37:15,306,2,8899.94
4614,11795,2025-02-20 02:37:17,440,1,3107.23
4615,11796,2025-02-01 20:23:43,227,2,3729.02
4616,11796,2025-02-12 09:35:57,355,1,4384.45
4617,11803,2025-03-15 19:01:18,49,2,7168.0
4618,11805,2025-05-19 01:04:35,465,1,17429.18
4619,11814,2025-01-18 04:42:38,290,1,4390.34
4620,11819,2025-04-27 19:53:47,128,1,7580.95
4621,11820,2025-03-24 14:33:59,439,1,35173.02
4622,11824,2025-04-02 04:44:40,78,1,149482.7
4623,11826,2025-03-25 07:56:17,326,1,81782.53
4624,11828,2025-05-11 10:47:13,13,1,2692.52
4625,11843,2025-05-09 16:30:35,227,1,1864.51
4626,11846,2025-06-07 10:51:21,232,1,3213.9
4627,11848,2025-03-02 08:32:17,353,1,14609.61
4628,11848,2025-03-28 12:45:46,108,1,5270.83
4629,11855,2025-06-03 05:43:29,120,1,19023.98
4630,11855,2025-06-15 11:45:44,44,3,18396.48
4631,11861,2025-06-18 04:53:08,264,1,4577.56
4632,11864,2025-05-29 16:36:59,178,1,122025.22
4633,11864,2025-06-11 18:29:32,194,1,1522.19
4634,11868,2025-03-13 17:05:21,142,1,10287.19
4635,11874,2025-03-28 09:49:50,329,2,22429.6
4636,11880,2025-04-09 22:19:15,210,1,12877.08
4637,11881,2025-04-17 20:01:38,105,1,7627.67
4638,11882,2025-03-17 10:21:30,14,3,11708.61
4639,11882,2025-04-02 00:56:03,315,1,33862.07
4640,11884,2025-02-13 13:40:31,214,1,20873.19
4641,11887,2025-03-27 06:26:01,303,2,2908.48
4642,11889,2025-05-20 06:47:36,213,2,28646.8
4643,11892,2025-06-27 16:59:07,7,1,1408.94
4644,11894,2025-02-05 04:36:44,369,1,14392.59
4645,11895,2025-03-13 05:08:12,290,2,8780.68
4646,11898,2025-03-14 21:36:11,1,1,7205.01
4647,11907,2025-06-03 11:37:48,245,1,15399.15
4648,11908,2025-05-12 06:55:18,216,1,43283.26
4649,11909,2025-06-06 04:23:57,234,2,139295.18
4650,11911,2025-05-18 06:41:32,452,1,17758.26
4651,11913,2025-06-04 07:59:56,41,1,8500.67
4652,11915,2025-03-04 15:30:26,265,1,7512.87
4653,11921,2025-06-27 19:03:01,289,1,116522.54
4654,11922,2025-03-19 00:13:47,320,1,33560.76
4655,11922,2025-04-01 16:56:09,197,2,2216.38
4656,11925,2025-05-14 03:00:36,160,1,13826.53
4657,11930,2025-06-16 19:54:12,94,1,9377.5
4658,11931,2025-03-28 09:26:35,483,1,43632.67
4659,11931,2025-04-05 03:00:59,392,1,3931.31
4660,11932,2025-03-17 10:46:37,77,2,141019.06
4661,11940,2025-06-10 10:43:10,229,3,92093.64
4662,11941,2025-06-10 03:31:56,28,3,30746.58
4663,11944,2025-02-17 14:23:24,269,3,346544.79
4664,11952,2025-06-27 16:30:50,61,2,204439.3
4665,11953,2025-06-08 10:45:08,90,2,187029.88
4666,11955,2025-05-09 01:15:11,462,1,22303.0
4667,11956,2025-03-23 22:33:13,91,2,231658.56
4668,11959,2025-03-09 18:57:46,110,2,36883.64
4669,11964,2025-04-20 08:00:47,55,1,24029.51
4670,11967,2025-03-23 11:53:26,232,1,3213.9
4671,11974,2025-06-29 23:28:46,136,2,4877.14
4672,11975,2025-06-16 11:25:32,372,1,1314.03
4673,11975,2025-06-19 15:13:04,37,1,884.45
4674,11980,2025-03-06 07:54:52,221,1,14298.27
4675,11982,2025-01-20 19:54:58,355,1,4384.45
4676,11984,2025-03-24 19:25:47,270,1,514.56
4677,11999,2025-05-14 13:23:50,448,3,55482.78
4678,12000,2025-03-28 03:04:14,30,1,43984.69
4679,12002,2025-05-06 12:30:56,465,1,17429.18
4680,12002,2025-05-16 13:45:37,298,1,12693.22
4681,12004,2025-01-01 22:29:50,317,1,2354.88
4682,12006,2025-02-11 11:02:01,121,1,8945.4
4683,12012,2025-01-23 20:00:52,78,1,149482.7
4684,12013,2025-02-07 20:38:45,231,2,5840.84
4685,12015,2025-04-18 16:42:40,160,1,13826.53
4686,12017,2025-06-21 00:14:57,428,1,147572.66
4687,12020,2025-05-29 19:10:45,96,1,1401.59
4688,12021,2025-01-27 11:24:45,401,3,35072.01
4689,12024,2025-05-14 20:50:32,367,1,5745.57
4690,12037,2025-06-13 05:51:06,280,1,16802.32
4691,12038,2025-03-21 06:58:56,150,1,19806.15
4692,12042,2025-02-07 21:09:20,273,1,8130.43
4693,12044,2025-03-24 21:22:58,409,1,6296.47
4694,12046,2025-03-18 12:48:16,148,1,129106.55
4695,12046,2025-04-20 09:40:29,472,1,47216.19
4696,12048,2025-03-22 22:02:59,249,1,2728.95
4697,12053,2025-01-22 18:17:14,66,1,7734.16
4698,12055,2025-06-29 05:45:59,60,2,10216.26
4699,12068,2025-02-02 22:22:16,326,1,81782.53
4700,12070,2025-03-19 04:10:59,227,1,1864.51
4701,12074,2025-02-27 12:59:04,409,1,6296.47
4702,12075,2025-03-06 16:53:28,164,2,201338.82
4703,12077,2025-03-30 11:04:28,58,2,66301.9
4704,12077,2025-04-07 11:29:57,219,1,2535.54
4705,12080,2025-01-24 21:01:39,325,1,13982.87
4706,12080,2025-02-15 11:45:07,262,1,37057.19
4707,12084,2025-04-18 05:11:56,105,1,7627.67
4708,12087,2025-04-13 16:51:47,268,1,7387.83
4709,12091,2025-01-27 13:39:59,225,1,3052.25
4710,12093,2025-05-26 11:39:14,197,2,2216.38
4711,12098,2025-06-01 00:35:36,425,1,14314.74
4712,12101,2025-05-26 00:27:40,391,1,7481.06
4713,12103,2025-03-16 22:56:46,272,1,11789.2
4714,12105,2025-03-26 02:31:41,235,3,126051.6
4715,12107,2025-02-11 21:50:33,213,1,14323.4
4716,12107,2025-02-19 21:17:19,410,1,90198.25
4717,12109,2025-02-18 14:07:28,148,1,129106.55
4718,12113,2025-05-24 22:50:05,88,2,77806.06
4719,12113,2025-05-28 21:50:42,444,1,148248.16
4720,12119,2025-01-29 17:28:40,93,1,5774.03
4721,12121,2025-03-01 11:09:20,125,1,20320.95
4722,12131,2025-05-07 23:34:34,160,2,27653.06
4723,12132,2025-03-30 02:55:35,92,1,3738.51
4724,12136,2025-02-08 01:18:19,150,1,19806.15
4725,12136,2025-02-13 06:14:32,264,2,9155.12
4726,12137,2025-06-22 19:52:39,30,1,43984.69
4727,12138,2025-03-05 13:10:48,152,1,7223.67
4728,12139,2025-05-22 22:50:32,278,1,12926.7
4729,12140,2025-03-26 09:52:04,348,1,11453.57
4730,12143,2025-06-07 20:21:04,243,1,2252.58
4731,12143,2025-06-24 13:18:46,112,3,20431.32
4732,12146,2025-03-31 21:10:38,212,1,105203.42
4733,12147,2025-05-26 19:32:05,45,1,25096.16
4734,12152,2025-04-22 12:01:53,364,1,4874.98
4735,12153,2025-01-12 07:01:25,116,1,13895.24
4736,12154,2025-01-12 01:40:00,277,1,134439.28
4737,12160,2025-05-05 14:32:35,348,1,11453.57
4738,12162,2025-06-08 09:04:39,127,1,37875.42
4739,12162,2025-06-25 17:51:49,98,2,25166.1
4740,12163,2025-05-11 23:13:17,136,1,2438.57
4741,12165,2025-05-26 14:55:45,2,3,58710.0
4742,12166,2025-06-10 03:41:53,177,1,6007.88
4743,12168,2025-01-05 15:52:33,91,2,231658.56
4744,12168,2025-01-22 19:35:46,336,2,23539.72
4745,12170,2025-05-12 19:11:26,398,1,9488.31
4746,12172,2025-03-22 12:11:49,72,1,43803.67
4747,12173,2025-03-01 14:15:46,288,1,11259.13
4748,12178,2025-06-23 16:22:40,66,1,7734.16
4749,12179,2025-04-24 20:31:03,486,2,11546.48
4750,12180,2025-02-17 15:37:51,77,1,70509.53
4751,12182,2025-02-18 11:13:56,416,1,36650.72
4752,12185,2025-04-15 06:23:30,133,1,30464.02
4753,12185,2025-05-21 03:07:12,426,1,24723.16
4754,12187,2025-04-04 22:55:17,181,1,11869.76
4755,12188,2025-06-27 19:04:35,351,1,2039.17
4756,12189,2025-05-03 01:48:46,41,1,8500.67
4757,12195,2025-04-02 09:29:24,457,1,32494.5
4758,12196,2025-02-15 05:25:39,109,1,13239.59
4759,12199,2025-03-09 14:07:03,153,1,1050.14
4760,12202,2025-04-28 11:34:57,397,1,38138.57
4761,12203,2025-06-19 21:13:20,439,1,35173.02
4762,12205,2025-02-24 07:04:57,254,1,16059.76
4763,12207,2025-03-19 17:08:25,214,1,20873.19
4764,12209,2025-03-28 03:14:39,228,2,18880.22
4765,12209,2025-04-11 16:55:42,203,2,26046.32
4766,12210,2025-03-01 21:29:59,415,1,4695.16
4767,12211,2025-06-25 16:55:31,478,1,37666.35
4768,12214,2025-05-25 02:25:53,236,1,19589.44
4769,12215,2025-06-14 08:30:42,448,1,18494.26
4770,12219,2025-04-25 16:05:31,468,2,283156.62
4771,12226,2025-04-20 02:15:55,159,2,61544.26
4772,12228,2025-02-20 20:05:19,445,1,1748.17
4773,12229,2025-04-26 06:55:21,192,1,33176.4
4774,12232,2025-05-26 00:21:21,32,1,7276.12
4775,12237,2025-02-14 04:34:05,318,1,19551.59
4776,12238,2025-01-29 18:14:08,120,1,19023.98
4777,12241,2025-02-18 22:37:14,146,1,9446.45
4778,12244,2025-02-27 07:40:25,466,2,63118.1
4779,12248,2025-04-02 16:35:32,83,3,61677.75
4780,12249,2025-02-10 01:06:52,282,2,2226.6
4781,12249,2025-02-17 00:46:08,1,1,7205.01
4782,12251,2025-04-07 11:31:53,21,3,42498.0
4783,12254,2025-03-18 21:48:22,196,2,2359.12
4784,12254,2025-03-25 17:04:50,485,1,26241.01
4785,12257,2025-04-08 07:37:30,126,1,15953.08
4786,12262,2025-06-14 19:22:52,401,1,11690.67
4787,12269,2025-06-21 20:34:25,69,3,23128.35
4788,12269,2025-06-26 20:19:28,406,1,24419.24
4789,12271,2025-02-05 08:07:43,205,1,14938.64
4790,12273,2025-02-15 10:28:44,458,1,50236.06
4791,12274,2025-06-23 22:59:20,396,2,221064.42
4792,12278,2025-04-27 13:17:47,203,1,13023.16
4793,12278,2025-05-02 17:21:53,45,2,50192.32
4794,12278,2025-06-02 21:28:21,90,2,187029.88
4795,12283,2025-04-24 19:13:29,243,2,4505.16
4796,12286,2025-06-01 00:57:02,48,2,10814.48
4797,12294,2025-04-10 17:58:13,126,1,15953.08
4798,12294,2025-04-19 02:39:32,336,1,11769.86
4799,12295,2025-05-25 03:20:28,336,1,11769.86
4800,12296,2025-01-22 01:45:43,228,1,9440.11
4801,12298,2025-03-11 06:29:06,449,2,1303.66
4802,12298,2025-03-26 12:51:44,460,2,82657.34
4803,12298,2025-04-14 01:51:04,114,1,3834.0
4804,12300,2025-03-04 08:12:43,470,2,2505.16
4805,12301,2025-05-27 10:45:31,405,2,40179.26
4806,12302,2025-05-20 21:59:09,285,3,347735.46
4807,12304,2025-03-18 01:10:22,493,1,17276.96
4808,12309,2025-03-16 22:04:27,348,1,11453.57
4809,12310,2025-02-13 06:42:59,391,1,7481.06
4810,12311,2025-01-06 02:23:41,187,1,43342.31
4811,12313,2025-05-01 14:28:34,337,1,138096.58
4812,12313,2025-05-14 09:49:38,228,1,9440.11
4813,12314,2025-06-12 01:39:28,239,1,1734.95
4814,12315,2025-06-22 22:22:41,18,2,3693.32
4815,12316,2025-05-16 15:13:59,273,2,16260.86
4816,12318,2025-04-06 00:18:59,16,2,8319.92
4817,12325,2025-01-21 15:43:42,5,1,111884.19
4818,12326,2025-05-09 04:40:09,170,2,5241.58
4819,12327,2025-05-04 04:18:42,83,1,20559.25
4820,12328,2025-04-05 22:43:19,470,1,1252.58
4821,12329,2025-03-06 19:21:59,321,2,267370.16
4822,12330,2025-06-03 15:43:48,127,1,37875.42
4823,12333,2025-06-04 10:03:18,484,1,92913.94
4824,12334,2025-04-21 17:00:58,369,2,28785.18
4825,12335,2025-01-26 21:19:01,7,1,1408.94
4826,12340,2025-05-08 15:04:59,253,1,9261.77
4827,12343,2025-06-27 08:49:05,325,1,13982.87
4828,12347,2025-04-20 18:52:42,191,1,36768.02
4829,12349,2025-03-19 08:52:28,372,1,1314.03
4830,12350,2025-02-01 06:19:03,289,1,116522.54
4831,12356,2025-06-19 08:00:21,328,1,7767.1
4832,12357,2025-03-20 01:31:48,83,1,20559.25
4833,12358,2025-01-18 08:17:40,356,1,3337.9
4834,12358,2025-02-20 20:17:14,376,1,14562.53
4835,12359,2025-01-19 03:10:31,34,1,2098.05
4836,12360,2025-06-16 08:38:21,255,1,3001.4
4837,12360,2025-06-22 01:19:04,203,1,13023.16
4838,12363,2025-03-20 03:55:39,150,1,19806.15
4839,12366,2025-02-25 04:47:19,282,1,1113.3
4840,12367,2025-05-26 15:36:42,330,1,3233.01
4841,12370,2025-02-13 02:19:59,180,2,45239.26
4842,12373,2025-04-21 08:55:43,160,1,13826.53
4843,12375,2025-04-12 08:22:34,470,1,1252.58
4844,12375,2025-04-19 07:21:29,108,1,5270.83
4845,12377,2025-06-29 12:56:41,354,2,27786.1
4846,12382,2025-05-16 12:48:33,460,2,82657.34
4847,12383,2025-02-04 09:47:45,187,1,43342.31
4848,12384,2025-03-20 15:16:38,2,1,19570.0
4849,12385,2025-05-17 02:48:39,179,1,113736.5
4850,12390,2025-02-09 06:42:23,102,2,51584.02
4851,12392,2025-03-29 18:02:21,373,1,4993.75
4852,12392,2025-04-25 03:20:49,369,1,14392.59
4853,12394,2025-03-18 02:50:31,122,1,24310.52
4854,12396,2025-02-23 16:49:03,444,3,444744.48
4855,12402,2025-04-07 10:12:23,301,3,132768.63
4856,12403,2025-06-07 04:18:15,326,1,81782.53
4857,12404,2025-03-20 01:48:32,271,1,35581.83
4858,12405,2025-05-11 16:08:44,45,2,50192.32
4859,12408,2025-05-06 00:15:45,150,3,59418.45
4860,12409,2025-03-24 18:18:45,214,1,20873.19
4861,12412,2025-05-15 19:54:53,422,1,8047.95
4862,12421,2025-04-28 00:15:04,102,1,25792.01
4863,12426,2025-01-24 11:37:04,486,1,5773.24
4864,12430,2025-01-16 04:49:13,251,1,8328.29
4865,12432,2025-06-08 17:13:43,169,2,5272.26
4866,12433,2025-04-04 01:17:03,422,1,8047.95
4867,12434,2025-03-11 12:14:21,156,3,25017.27
4868,12435,2025-02-05 15:26:47,391,1,7481.06
4869,12435,2025-02-23 12:27:17,61,1,102219.65
4870,12435,2025-03-09 10:19:17,120,1,19023.98
4871,12436,2025-02-01 07:26:37,72,1,43803.67
4872,12445,2025-05-02 09:49:12,260,2,27562.32
4873,12447,2025-04-18 20:13:20,179,1,113736.5
4874,12450,2025-02-02 21:37:08,314,1,6987.52
4875,12450,2025-03-11 17:02:31,336,1,11769.86
4876,12451,2025-04-10 20:34:01,72,1,43803.67
4877,12454,2025-03-24 23:29:44,163,1,7638.19
4878,12454,2025-03-31 22:14:59,343,1,71441.06
4879,12456,2025-01-20 22:47:59,100,1,17574.95
4880,12458,2025-05-12 21:53:44,134,1,3801.47
4881,12459,2025-05-21 16:06:20,305,2,4908.62
4882,12459,2025-06-09 06:30:44,209,1,38411.37
4883,12460,2025-04-25 23:09:44,31,1,2221.64
4884,12464,2025-02-22 02:00:49,410,1,90198.25
4885,12466,2025-01-19 15:58:06,261,1,19158.19
4886,12466,2025-01-27 04:02:39,327,1,8222.53
4887,12467,2025-06-02 17:18:56,133,1,30464.02
4888,12471,2025-05-27 09:18:56,90,2,187029.88
4889,12472,2025-05-12 09:24:17,110,1,18441.82
4890,12472,2025-05-21 17:03:46,186,1,5082.83
4891,12474,2025-02-05 18:46:23,124,1,4288.14
4892,12479,2025-01-12 16:56:49,102,1,25792.01
4893,12479,2025-02-09 19:59:37,149,1,10316.11
4894,12480,2025-01-20 17:56:06,433,1,10765.07
4895,12487,2025-05-24 01:09:43,462,2,44606.0
4896,12488,2025-05-01 16:56:50,359,1,7693.07
4897,12498,2025-06-10 18:30:47,250,3,62402.94
4898,12500,2025-02-11 06:35:04,246,1,4485.92
4899,12506,2025-06-20 09:00:42,144,1,21135.77
4900,12509,2025-04-02 19:11:14,299,1,9185.44
4901,12510,2025-04-17 13:15:16,87,1,23788.74
4902,12512,2025-01-16 16:13:57,180,1,22619.63
4903,12513,2025-03-19 07:01:05,285,1,115911.82
4904,12514,2025-01-24 23:04:52,239,1,1734.95
4905,12517,2025-05-08 14:15:55,458,1,50236.06
4906,12518,2025-05-16 00:15:13,304,1,149568.6
4907,12519,2025-04-14 04:47:50,96,1,1401.59
4908,12520,2025-06-26 04:01:27,349,2,24083.86
4909,12523,2025-05-08 21:58:00,193,2,66056.82
4910,12527,2025-04-12 21:49:27,383,1,110906.1
4911,12529,2025-05-05 20:35:36,302,1,38776.55
4912,12529,2025-05-18 16:36:21,272,3,35367.6
4913,12529,2025-05-21 18:26:39,261,1,19158.19
4914,12529,2025-06-08 01:51:50,351,1,2039.17
4915,12531,2025-04-30 09:11:31,440,1,3107.23
4916,12534,2025-06-30 08:52:00,276,1,4843.01
4917,12545,2025-01-23 17:57:48,473,2,2148.98
4918,12546,2025-06-08 23:58:06,357,3,408391.74
4919,12547,2025-01-15 00:46:19,490,1,12740.04
4920,12548,2025-05-30 08:23:58,39,1,19720.04
4921,12550,2025-06-17 02:17:10,168,2,19009.64
4922,12552,2025-02-19 07:35:18,233,1,4628.25
4923,12553,2025-04-04 10:32:20,231,1,2920.42
4924,12553,2025-04-15 15:46:14,190,1,27317.1
4925,12561,2025-06-16 08:23:12,274,1,21627.09
4926,12562,2025-06-11 10:22:02,471,1,29952.23
4927,12571,2025-04-06 15:00:31,44,2,12264.32
4928,12574,2025-02-05 00:42:24,395,1,30745.93
4929,12575,2025-06-26 23:49:13,89,1,115692.18
4930,12576,2025-02-02 12:35:54,249,1,2728.95
4931,12577,2025-06-14 01:56:33,320,1,33560.76
4932,12577,2025-06-23 15:53:25,494,1,495.37
4933,12583,2025-06-17 05:01:53,309,2,5020.2
4934,12586,2025-03-21 02:29:30,384,1,4013.53
4935,12587,2025-02-16 13:47:06,229,1,30697.88
4936,12588,2025-03-14 16:14:30,174,1,2937.34
4937,12591,2025-06-14 16:42:53,183,2,11468.28
4938,12592,2025-03-25 13:30:03,343,1,71441.06
4939,12593,2025-01-17 21:57:30,241,1,11168.82
4940,12595,2025-01-18 21:12:22,1,1,7205.01
4941,12598,2025-06-19 10:29:34,145,2,11507.6
4942,12604,2025-06-15 19:22:58,481,1,3800.46
4943,12607,2025-05-25 02:45:58,46,1,115208.75
4944,12612,2025-03-26 16:43:24,306,1,4449.97
4945,12612,2025-04-16 03:25:01,56,2,58310.66
4946,12612,2025-04-20 03:55:32,128,2,15161.9
4947,12622,2025-04-08 17:59:39,327,1,8222.53
4948,12622,2025-04-29 19:01:05,270,1,514.56
4949,12623,2025-02-24 07:04:28,328,2,15534.2
4950,12624,2025-05-20 04:11:18,102,2,51584.02
4951,12625,2025-01-13 09:28:20,364,1,4874.98
4952,12627,2025-01-11 09:17:17,453,1,3275.21
4953,12628,2025-04-10 14:19:31,444,1,148248.16
4954,12628,2025-04-22 11:20:48,385,1,347.25
4955,12629,2025-05-06 23:11:25,287,2,10657.12
4956,12633,2025-03-01 05:42:14,147,1,8701.96
4957,12636,2025-04-06 04:49:02,352,1,29524.41
4958,12636,2025-04-26 08:13:21,437,1,1479.71
4959,12639,2025-01-26 01:40:29,66,1,7734.16
4960,12646,2025-04-03 01:53:08,282,1,1113.3
4961,12647,2025-01-05 21:21:48,377,2,13009.02
4962,12654,2025-04-10 08:33:20,381,1,9476.92
4963,12655,2025-02-18 21:00:55,414,1,20297.26
4964,12657,2025-02-15 16:03:55,443,1,19089.94
4965,12659,2025-06-29 08:53:23,35,2,6175.86
4966,12662,2025-06-29 09:16:31,106,2,8707.26
4967,12665,2025-06-20 09:12:50,359,1,7693.07
4968,12668,2025-04-01 00:58:43,301,3,132768.63
4969,12668,2025-04-13 11:46:52,183,2,11468.28
4970,12668,2025-04-28 03:11:24,329,1,11214.8
4971,12668,2025-05-12 03:45:43,460,1,41328.67
4972,12671,2025-03-01 01:09:33,145,1,5753.8
4973,12671,2025-03-19 22:44:10,342,2,22577.58
4974,12675,2025-03-29 17:14:39,458,1,50236.06
4975,12676,2025-06-19 20:21:23,304,1,149568.6
4976,12676,2025-06-23 12:49:50,330,2,6466.02
4977,12682,2025-04-10 02:14:06,490,1,12740.04
4978,12683,2025-06-06 06:13:59,269,1,115514.93
4979,12688,2025-03-01 14:30:41,482,1,24845.6
4980,12690,2025-06-07 01:05:40,447,1,1488.36
4981,12694,2025-01-29 13:25:57,75,1,12610.21
4982,12700,2025-01-30 06:13:00,148,1,129106.55
4983,12701,2025-06-07 09:08:42,308,1,10693.04
4984,12702,2025-03-22 00:29:05,220,2,5167.84
4985,12702,2025-03-31 20:01:09,296,1,108127.41
4986,12705,2025-02-18 02:55:16,323,1,21377.29
4987,12709,2025-02-18 10:35:50,15,1,9205.01
4988,12711,2025-06-21 19:32:54,6,2,9259.72
4989,12712,2025-02-21 02:41:49,307,1,22758.27
4990,12714,2025-05-13 11:00:11,169,1,2636.13
4991,12714,2025-05-23 10:11:35,322,1,5485.52
4992,12714,2025-05-28 12:19:59,107,1,11847.57
4993,12715,2025-02-01 08:59:49,88,1,38903.03
4994,12715,2025-02-08 00:40:05,323,1,21377.29
4995,12715,2025-03-20 04:33:29,165,2,3465.06
4996,12721,2025-01-10 15:28:08,499,1,3999.82
4997,12721,2025-01-22 11:50:15,391,3,22443.18
4998,12728,2025-03-06 03:13:10,246,1,4485.92
4999,12739,2025-06-21 01:22:59,381,2,18953.84
5000,12742,2025-02-22 01:53:49,74,1,24393.36
5001,12745,2025-06-16 10:46:19,324,1,28001.07
5002,12746,2025-05-27 20:33:16,177,1,6007.88
5003,12751,2025-01-21 10:45:03,323,2,42754.58
5004,12753,2025-01-17 05:45:28,83,1,20559.25
5005,12753,2025-01-29 22:28:25,274,1,21627.09
5006,12756,2025-06-24 20:40:25,242,1,9285.39
5007,12757,2025-05-03 07:43:08,186,1,5082.83
5008,12759,2025-05-27 09:46:33,335,1,6200.21
5009,12761,2025-01-24 05:50:49,140,1,49984.05
5010,12762,2025-06-04 17:30:33,281,1,8575.04
5011,12766,2025-06-30 18:28:34,177,1,6007.88
5012,12771,2025-04-23 08:57:11,47,1,6372.46
5013,12773,2025-02-09 16:42:42,97,2,1247.02
5014,12774,2025-05-10 18:33:20,167,1,26417.09
5015,12775,2025-01-23 08:32:56,237,2,46242.54
5016,12781,2025-06-08 17:05:33,445,1,1748.17
5017,12782,2025-03-05 08:25:40,180,1,22619.63
5018,12783,2025-05-25 21:26:31,482,1,24845.6
5019,12784,2025-03-27 07:27:27,347,1,26954.74
5020,12784,2025-04-15 17:03:52,215,1,30903.15
5021,12785,2025-05-28 00:54:27,223,1,11303.07
5022,12785,2025-06-10 13:42:30,70,1,5458.68
5023,12786,2025-04-09 13:49:34,432,1,16557.1
5024,12792,2025-05-20 10:20:51,130,1,16268.89
5025,12799,2025-03-19 20:44:35,292,3,29360.28
5026,12800,2025-04-10 06:00:16,368,1,49977.44
5027,12802,2025-06-02 01:30:28,49,1,3584.0
5028,12807,2025-06-10 16:50:40,160,1,13826.53
5029,12807,2025-06-21 04:12:31,157,3,310637.28
5030,12808,2025-04-02 01:34:43,193,2,66056.82
5031,12811,2025-04-14 09:59:43,491,2,1825.28
5032,12812,2025-02-03 11:25:54,124,1,4288.14
5033,12813,2025-01-18 11:45:10,314,2,13975.04
5034,12813,2025-01-27 14:58:34,470,1,1252.58
5035,12813,2025-02-14 03:55:26,19,1,2770.09
5036,12814,2025-03-13 14:37:49,314,1,6987.52
5037,12815,2025-05-05 23:08:49,425,1,14314.74
5038,12818,2025-04-11 12:15:59,464,1,28260.63
5039,12820,2025-05-10 13:23:01,250,1,20800.98
5040,12823,2025-02-02 21:43:10,376,1,14562.53
5041,12827,2025-03-26 23:06:31,286,1,3189.98
5042,12828,2025-06-09 16:02:39,156,1,8339.09
5043,12835,2025-03-24 22:14:03,279,1,11780.7
5044,12839,2025-05-11 03:30:57,291,1,1193.57
5045,12839,2025-05-30 00:34:34,6,2,9259.72
5046,12840,2025-06-04 07:05:31,230,3,11421.81
5047,12841,2025-05-14 17:46:02,383,1,110906.1
5048,12844,2025-03-28 02:04:22,268,1,7387.83
5049,12844,2025-04-14 23:25:44,460,1,41328.67
5050,12846,2025-05-30 08:56:31,102,1,25792.01
5051,12847,2025-01-16 06:35:03,113,1,7819.25
5052,12854,2025-03-15 07:46:05,222,1,8006.41
5053,12854,2025-04-03 23:20:55,275,1,3307.48
5054,12854,2025-04-19 04:24:53,215,1,30903.15
5055,12855,2025-03-19 07:41:56,499,1,3999.82
5056,12858,2025-03-28 00:00:21,78,1,149482.7
5057,12859,2025-01-15 07:41:28,32,1,7276.12
5058,12859,2025-02-18 21:20:25,141,2,156012.88
5059,12860,2025-03-19 09:54:02,296,1,108127.41
5060,12863,2025-05-16 13:22:58,436,3,55034.79
5061,12869,2025-01-25 18:02:42,414,2,40594.52
5062,12872,2025-06-19 00:50:36,90,3,280544.82
5063,12875,2025-05-15 18:38:17,377,1,6504.51
5064,12880,2025-05-18 06:35:03,122,1,24310.52
5065,12881,2025-05-24 01:59:25,480,1,35487.49
5066,12882,2025-04-23 08:21:33,28,1,10248.86
5067,12885,2025-06-04 19:03:39,73,1,3184.93
5068,12886,2025-06-12 14:11:42,391,1,7481.06
5069,12889,2025-03-15 07:40:53,187,1,43342.31
5070,12891,2025-06-25 00:14:48,492,2,17463.3
5071,12898,2025-06-08 17:58:56,389,1,3219.85
5072,12908,2025-05-10 14:52:45,404,1,13845.68
5073,12912,2025-06-29 08:55:12,27,1,1626.81
5074,12915,2025-05-30 19:56:08,496,1,31539.91
5075,12917,2025-06-03 09:40:53,22,1,12590.38
5076,12922,2025-01-27 17:54:15,461,2,11380.28
5077,12923,2025-04-16 09:12:23,367,2,11491.14
5078,12923,2025-04-27 18:28:47,170,1,2620.79
5079,12924,2025-03-20 21:48:59,266,2,16001.24
5080,12927,2025-06-07 13:29:37,338,1,88128.75
5081,12932,2025-04-23 22:12:15,372,1,1314.03
5082,12935,2025-01-22 18:37:25,229,1,30697.88
5083,12938,2025-03-16 23:10:43,341,1,4466.97
5084,12938,2025-03-30 14:25:07,364,1,4874.98
5085,12939,2025-05-05 03:06:25,85,2,134542.68
5086,12941,2025-05-29 13:58:55,48,1,5407.24
5087,12946,2025-06-29 21:50:57,461,3,17070.42
5088,12948,2025-04-18 03:20:46,400,1,24109.01
5089,12950,2025-04-03 09:00:05,356,2,6675.8
5090,12951,2025-02-17 23:02:19,315,1,33862.07
5091,12951,2025-03-12 13:13:31,360,1,10778.02
5092,12951,2025-03-20 16:51:46,187,2,86684.62
5093,12954,2025-03-12 19:11:40,455,1,3164.97
5094,12955,2025-05-25 04:29:20,192,1,33176.4
5095,12964,2025-05-09 01:19:27,484,1,92913.94
5096,12971,2025-02-20 09:14:22,436,1,18344.93
5097,12972,2025-03-29 16:29:55,58,3,99452.85
5098,12975,2025-05-25 10:36:32,162,1,6647.03
5099,12982,2025-05-12 02:33:34,192,2,66352.8
5100,12987,2025-06-06 03:24:07,190,2,54634.2
5101,12989,2025-06-13 02:12:58,466,2,63118.1
5102,12994,2025-02-26 06:22:40,459,1,2696.03
5103,12997,2025-06-11 14:30:16,387,1,28854.36
5104,12998,2025-05-22 01:51:00,114,1,3834.0
5105,12998,2025-05-30 02:45:14,39,1,19720.04
5106,13001,2025-02-04 10:20:26,244,1,3774.78
5107,13002,2025-05-20 12:23:10,59,2,86933.94
5108,13007,2025-01-21 18:28:28,436,3,55034.79
5109,13010,2025-04-27 16:59:00,237,1,23121.27
5110,13013,2025-06-24 01:25:08,492,1,8731.65
5111,13016,2025-01-20 19:46:57,224,2,29106.26
5112,13019,2025-03-31 08:50:41,494,2,990.74
5113,13020,2025-06-10 09:49:51,455,1,3164.97
5114,13021,2025-04-12 15:40:54,402,1,19649.25
5115,13022,2025-01-19 04:34:50,396,1,110532.21
5116,13022,2025-01-27 18:43:12,449,1,651.83
5117,13024,2025-01-16 07:51:38,295,1,13255.4
5118,13027,2025-01-26 08:56:32,61,1,102219.65
5119,13031,2025-01-17 17:20:22,37,1,884.45
5120,13036,2025-04-28 15:25:18,53,1,67150.12
5121,13037,2025-04-24 15:22:22,405,2,40179.26
5122,13039,2025-06-02 03:14:13,372,1,1314.03
5123,13040,2025-04-03 01:22:26,117,2,2992.88
5124,13043,2025-05-23 08:41:50,249,1,2728.95
5125,13047,2025-05-04 05:02:14,220,1,2583.92
5126,13051,2025-03-29 22:09:12,220,1,2583.92
5127,13053,2025-03-03 01:15:00,253,2,18523.54
5128,13054,2025-02-10 18:28:03,252,1,5818.59
5129,13057,2025-04-19 10:44:41,341,1,4466.97
5130,13058,2025-05-19 01:52:26,204,1,3831.25
5131,13060,2025-01-27 00:00:45,3,1,10094.67
5132,13062,2025-05-28 04:07:12,59,2,86933.94
5133,13068,2025-04-06 12:43:06,441,1,1146.71
5134,13069,2025-04-09 01:32:55,395,1,30745.93
5135,13070,2025-01-14 19:19:13,183,2,11468.28
5136,13071,2025-05-28 18:11:22,360,1,10778.02
5137,13071,2025-06-12 17:12:04,220,1,2583.92
5138,13087,2025-02-16 18:28:40,79,2,28589.74
5139,13090,2025-03-08 22:32:48,187,1,43342.31
5140,13099,2025-06-09 19:13:57,198,1,7794.51
5141,13105,2025-06-23 06:24:51,218,1,94208.34
5142,13110,2025-05-25 16:43:38,439,1,35173.02
5143,13113,2025-02-16 07:51:02,445,1,1748.17
5144,13117,2025-06-22 23:53:33,255,1,3001.4
5145,13123,2025-04-21 01:18:55,225,1,3052.25
5146,13124,2025-05-09 18:59:48,392,1,3931.31
5147,13127,2025-06-02 23:18:44,68,1,47179.0
5148,13127,2025-06-16 16:28:37,281,1,8575.04
5149,13131,2025-06-02 22:14:55,89,1,115692.18
5150,13133,2025-04-29 13:56:39,170,1,2620.79
5151,13133,2025-05-13 07:07:02,321,2,267370.16
5152,13135,2025-06-14 20:43:32,173,1,3095.58
5153,13136,2025-01-30 17:44:19,221,1,14298.27
5154,13136,2025-02-21 02:57:06,306,1,4449.97
5155,13139,2025-04-01 14:12:37,412,2,5494.78
5156,13140,2025-06-10 20:29:30,337,1,138096.58
5157,13141,2025-04-15 04:15:24,382,2,35132.46
5158,13145,2025-06-19 12:36:19,369,1,14392.59
5159,13149,2025-06-05 21:05:52,491,2,1825.28
5160,13154,2025-03-24 01:37:13,442,1,27027.64
5161,13156,2025-06-25 04:31:07,235,1,42017.2
5162,13164,2025-05-23 21:28:24,455,1,3164.97
5163,13167,2025-01-19 00:21:12,101,3,57260.49
5164,13167,2025-02-12 22:03:53,443,1,19089.94
5165,13175,2025-06-06 10:15:25,206,2,46015.12
5166,13178,2025-05-07 03:47:31,422,1,8047.95
5167,13184,2025-02-21 17:30:21,87,2,47577.48
5168,13185,2025-05-04 11:40:59,466,1,31559.05
5169,13191,2025-04-26 12:06:25,36,2,35117.54
5170,13193,2025-06-02 07:48:55,346,1,14000.92
5171,13196,2025-06-27 01:48:15,144,1,21135.77
5172,13202,2025-01-04 10:13:04,438,1,5413.4
5173,13202,2025-01-14 09:27:00,374,1,10459.29
5174,13205,2025-02-09 02:06:22,73,1,3184.93
5175,13207,2025-06-11 16:03:50,316,1,5050.1
5176,13207,2025-06-29 13:59:57,28,1,10248.86
5177,13211,2025-04-26 06:49:01,215,1,30903.15
5178,13215,2025-04-15 16:21:40,425,1,14314.74
5179,13218,2025-03-27 14:06:42,40,1,1173.14
5180,13218,2025-03-30 22:34:54,347,1,26954.74
5181,13219,2025-04-25 13:20:22,266,1,8000.62
5182,13222,2025-06-20 19:38:07,213,1,14323.4
5183,13223,2025-01-12 11:03:36,16,1,4159.96
5184,13232,2025-03-17 03:41:18,462,1,22303.0
5185,13236,2025-01-27 17:32:33,8,1,2149.22
5186,13237,2025-04-19 02:37:10,422,1,8047.95
5187,13242,2025-02-20 21:31:02,186,2,10165.66
5188,13246,2025-03-11 18:28:00,113,2,15638.5
5189,13247,2025-03-28 11:27:48,328,1,7767.1
5190,13252,2025-03-08 00:22:45,315,1,33862.07
5191,13252,2025-03-13 14:57:46,97,1,623.51
5192,13254,2025-02-08 03:51:09,430,1,24645.4
5193,13255,2025-05-26 22:02:12,159,1,30772.13
5194,13255,2025-06-03 02:33:46,163,1,7638.19
5195,13262,2025-04-18 06:18:11,220,1,2583.92
5196,13263,2025-06-26 05:41:11,203,2,26046.32
5197,13270,2025-01-18 14:12:48,320,2,67121.52
5198,13276,2025-02-22 20:08:54,112,1,6810.44
5199,13278,2025-04-16 01:30:47,243,1,2252.58
5200,13279,2025-06-07 13:23:17,97,1,623.51
5201,13279,2025-06-23 17:07:36,29,1,73838.2
5202,13287,2025-05-22 01:46:01,5,1,111884.19
5203,13288,2025-03-24 10:42:06,425,1,14314.74
5204,13290,2025-04-26 16:03:44,44,3,18396.48
5205,13293,2025-05-07 02:31:06,484,1,92913.94
5206,13304,2025-06-29 18:50:17,327,2,16445.06
5207,13306,2025-05-21 08:03:51,201,2,26205.44
5208,13307,2025-06-16 16:51:57,404,1,13845.68
5209,13308,2025-01-28 12:41:34,301,1,44256.21
5210,13308,2025-02-07 09:34:55,453,1,3275.21
5211,13313,2025-01-25 03:37:52,414,1,20297.26
5212,13317,2025-03-24 20:51:51,259,1,9549.49
5213,13321,2025-04-18 07:40:11,173,1,3095.58
5214,13322,2025-02-05 01:19:48,450,1,7501.43
5215,13331,2025-01-08 15:35:12,101,1,19086.83
5216,13331,2025-02-02 06:24:28,165,1,1732.53
5217,13333,2025-04-04 06:39:12,303,1,1454.24
5218,13333,2025-04-14 20:16:01,156,1,8339.09
5219,13334,2025-06-11 09:45:40,177,1,6007.88
5220,13334,2025-06-27 19:47:58,434,2,188449.34
5221,13343,2025-03-10 16:58:23,336,1,11769.86
5222,13345,2025-02-18 19:44:28,287,1,5328.56
5223,13347,2025-06-04 02:45:47,59,2,86933.94
5224,13348,2025-03-22 19:44:18,151,1,10165.09
5225,13348,2025-03-29 09:55:42,217,1,3789.89
5226,13351,2025-05-04 13:56:59,123,1,37439.59
5227,13355,2025-04-11 05:53:48,496,1,31539.91
5228,13355,2025-04-24 16:46:54,29,1,73838.2
5229,13363,2025-03-03 11:13:53,276,1,4843.01
5230,13363,2025-03-09 07:25:16,468,1,141578.31
5231,13365,2025-03-25 13:23:47,277,1,134439.28
5232,13369,2025-01-31 12:11:36,218,1,94208.34
5233,13370,2025-05-22 08:39:45,89,1,115692.18
5234,13370,2025-05-31 10:31:50,272,2,23578.4
5235,13372,2025-02-24 09:22:29,274,1,21627.09
5236,13374,2025-03-25 00:39:32,381,1,9476.92
5237,13382,2025-03-27 15:05:30,146,2,18892.9
5238,13383,2025-05-31 01:20:28,321,1,133685.08
5239,13389,2025-03-15 18:58:54,107,1,11847.57
5240,13389,2025-03-28 13:07:00,152,2,14447.34
5241,13394,2025-04-01 21:03:54,443,2,38179.88
5242,13395,2025-04-28 05:39:52,498,1,13866.8
5243,13399,2025-05-20 22:45:20,63,3,25717.17
5244,13409,2025-05-14 07:32:41,87,2,47577.48
5245,13410,2025-02-10 17:49:26,158,3,6590.28
5246,13413,2025-06-24 12:07:52,153,3,3150.42
5247,13415,2025-05-27 16:59:26,344,1,21107.94
5248,13418,2025-04-01 16:26:38,488,1,32780.58
5249,13425,2025-02-03 01:49:22,109,2,26479.18
5250,13429,2025-06-14 19:48:59,60,1,5108.13
5251,13431,2025-05-18 02:28:33,44,1,6132.16
5252,13431,2025-06-03 11:14:01,303,2,2908.48
5253,13435,2025-03-17 19:32:26,203,3,39069.48
5254,13439,2025-05-15 15:01:50,71,1,4426.79
5255,13441,2025-03-26 08:58:12,456,1,19874.65
5256,13446,2025-06-09 22:55:15,170,1,2620.79
5257,13448,2025-01-28 03:56:07,468,1,141578.31
5258,13449,2025-04-01 09:41:54,264,1,4577.56
5259,13450,2025-04-10 14:38:00,397,3,114415.71
5260,13451,2025-02-10 06:16:48,358,1,8037.68
5261,13461,2025-06-02 06:24:21,110,1,18441.82
5262,13466,2025-05-07 11:20:04,395,1,30745.93
5263,13467,2025-05-03 06:02:26,147,2,17403.92
5264,13467,2025-05-19 07:32:01,107,1,11847.57
5265,13468,2025-03-01 11:21:40,7,2,2817.88
5266,13469,2025-06-07 14:14:34,175,1,81468.72
5267,13473,2025-04-13 06:27:23,4,1,110986.96
5268,13473,2025-05-08 16:24:50,449,1,651.83
5269,13474,2025-04-02 14:07:25,388,3,112825.5
5270,13476,2025-03-22 21:35:50,399,2,35454.18
5271,13476,2025-04-03 13:50:06,136,1,2438.57
5272,13478,2025-06-26 18:11:22,299,1,9185.44
5273,13480,2025-06-22 10:32:55,249,1,2728.95
5274,13481,2025-05-05 14:07:56,455,1,3164.97
5275,13482,2025-03-06 18:35:33,448,2,36988.52
5276,13484,2025-02-11 21:43:54,143,1,13152.69
5277,13486,2025-05-05 10:48:05,196,1,1179.56
5278,13486,2025-05-25 15:10:47,441,1,1146.71
5279,13487,2025-03-21 08:26:38,179,1,113736.5
5280,13489,2025-06-25 03:09:17,365,1,13691.92
5281,13490,2025-03-09 05:52:10,471,2,59904.46
5282,13492,2025-04-22 20:43:47,193,1,33028.41
5283,13495,2025-05-07 03:20:15,447,1,1488.36
5284,13501,2025-05-13 04:49:23,36,1,17558.77
5285,13503,2025-05-05 12:23:19,281,1,8575.04
5286,13509,2025-01-13 01:04:07,293,1,3662.24
5287,13510,2025-01-28 21:25:03,361,1,13985.68
5288,13510,2025-02-16 13:04:51,277,1,134439.28
5289,13510,2025-02-20 00:25:07,488,2,65561.16
5290,13512,2025-04-22 11:18:00,430,1,24645.4
5291,13514,2025-03-02 04:45:38,168,1,9504.82
5292,13516,2025-04-30 22:06:53,186,1,5082.83
5293,13520,2025-02-14 16:33:08,265,1,7512.87
5294,13528,2025-02-26 00:35:37,268,1,7387.83
5295,13528,2025-03-16 06:39:24,82,1,12391.54
5296,13529,2025-05-16 15:07:41,16,1,4159.96
5297,13530,2025-05-08 03:17:43,471,1,29952.23
5298,13538,2025-01-25 11:28:24,261,1,19158.19
5299,13541,2025-03-26 16:05:36,193,1,33028.41
5300,13546,2025-05-13 19:52:24,106,1,4353.63
5301,13547,2025-04-11 23:19:34,402,1,19649.25
5302,13549,2025-04-08 23:50:54,383,1,110906.1
5303,13553,2025-01-09 17:05:59,466,1,31559.05
5304,13557,2025-02-01 14:06:43,183,1,5734.14
5305,13567,2025-03-25 17:07:30,347,1,26954.74
5306,13569,2025-06-21 07:59:55,203,1,13023.16
5307,13571,2025-06-09 02:31:10,375,2,5594.74
5308,13571,2025-06-22 21:00:49,349,1,12041.93
5309,13574,2025-03-05 08:33:38,329,2,22429.6
5310,13578,2025-06-28 05:05:50,379,1,29755.14
5311,13580,2025-02-25 10:36:47,175,1,81468.72
5312,13583,2025-04-15 03:26:39,451,1,6674.43
5313,13584,2025-01-14 03:57:44,373,1,4993.75
5314,13599,2025-02-27 16:40:23,431,1,6259.3
5315,13601,2025-04-03 01:42:23,475,2,23388.94
5316,13605,2025-01-29 08:24:04,152,1,7223.67
5317,13605,2025-02-14 10:41:30,334,1,4204.59
5318,13612,2025-06-23 00:33:55,220,1,2583.92
5319,13613,2025-05-04 17:05:58,181,1,11869.76
5320,13613,2025-05-14 11:20:10,430,1,24645.4
5321,13615,2025-03-30 21:54:53,398,1,9488.31
5322,13616,2025-06-05 23:53:07,125,3,60962.85
5323,13617,2025-02-01 09:44:42,184,1,2970.14
5324,13618,2025-05-09 21:59:40,476,1,2319.27
5325,13619,2025-03-31 16:25:21,272,1,11789.2
5326,13622,2025-01-24 18:28:51,416,1,36650.72
5327,13623,2025-02-20 06:33:57,229,1,30697.88
5328,13627,2025-03-09 11:19:23,316,1,5050.1
5329,13633,2025-02-14 11:04:22,10,2,7904.74
5330,13637,2025-03-27 04:54:15,126,1,15953.08
5331,13639,2025-03-16 03:53:39,429,1,2789.86
5332,13641,2025-05-05 06:23:13,125,1,20320.95
5333,13642,2025-03-25 10:18:33,339,2,929.76
5334,13651,2025-03-19 15:18:32,268,2,14775.66
5335,13651,2025-05-01 22:53:03,442,1,27027.64
5336,13655,2025-05-27 21:27:00,9,1,6572.8
5337,13655,2025-06-16 05:59:51,401,1,11690.67
5338,13656,2025-03-21 06:43:15,18,1,1846.66
5339,13657,2025-03-13 19:53:09,277,1,134439.28
5340,13660,2025-06-09 23:53:52,309,1,2510.1
5341,13661,2025-05-09 02:26:17,345,1,24246.2
5342,13661,2025-05-24 03:44:05,297,1,17729.74
5343,13666,2025-04-01 01:17:45,91,1,115829.28
5344,13667,2025-06-07 22:30:57,380,1,19492.66
5345,13671,2025-05-15 05:28:27,289,1,116522.54
5346,13672,2025-01-27 08:04:32,476,1,2319.27
5347,13675,2025-05-26 12:52:52,139,1,1008.61
5348,13676,2025-06-03 00:01:53,70,1,5458.68
5349,13678,2025-04-25 10:07:14,362,1,539.2
5350,13680,2025-03-12 07:21:52,295,1,13255.4
5351,13683,2025-02-17 16:02:46,21,2,28332.0
5352,13685,2025-01-06 02:11:20,240,1,29634.73
5353,13689,2025-05-03 08:13:44,478,3,112999.05
5354,13689,2025-05-17 20:03:41,104,3,59073.72
5355,13694,2025-04-25 18:18:22,389,1,3219.85
5356,13696,2025-05-04 01:12:16,10,1,3952.37
5357,13698,2025-02-20 12:56:12,214,1,20873.19
5358,13702,2025-05-22 06:30:46,457,1,32494.5
5359,13704,2025-04-04 04:18:58,481,1,3800.46
5360,13707,2025-01-27 09:48:09,275,1,3307.48
5361,13708,2025-06-07 06:28:28,32,1,7276.12
5362,13713,2025-04-27 23:29:13,6,1,4629.86
5363,13717,2025-06-15 15:35:06,256,1,547.58
5364,13718,2025-03-14 19:15:06,444,1,148248.16
5365,13724,2025-02-12 02:29:05,349,1,12041.93
5366,13730,2025-02-26 12:40:35,137,1,47310.53
5367,13732,2025-01-03 05:31:34,314,2,13975.04
5368,13732,2025-01-08 10:23:59,348,1,11453.57
5369,13732,2025-01-13 20:27:07,461,1,5690.14
5370,13735,2025-05-11 13:05:51,223,1,11303.07
5371,13737,2025-01-29 10:07:04,379,2,59510.28
5372,13744,2025-06-22 11:49:49,484,1,92913.94
5373,13751,2025-06-29 09:42:19,53,1,67150.12
5374,13752,2025-02-23 10:03:11,284,1,10670.32
5375,13753,2025-06-02 13:12:55,173,2,6191.16
5376,13753,2025-06-20 08:13:36,308,1,10693.04
5377,13761,2025-04-08 23:04:49,219,1,2535.54
5378,13762,2025-05-04 07:17:16,416,1,36650.72
5379,13762,2025-05-14 13:30:38,253,1,9261.77
5380,13762,2025-06-06 02:26:40,463,1,6385.22
5381,13766,2025-04-26 10:19:32,351,1,2039.17
5382,13770,2025-03-03 18:45:19,115,3,50128.14
5383,13770,2025-04-02 03:01:15,96,2,2803.18
5384,13772,2025-03-08 23:09:41,483,1,43632.67
5385,13776,2025-06-24 23:34:16,333,1,4180.46
5386,13777,2025-06-11 13:02:13,64,1,23300.53
5387,13778,2025-06-26 02:35:55,273,1,8130.43
5388,13779,2025-01-10 05:41:15,316,1,5050.1
5389,13784,2025-05-08 12:49:30,288,3,33777.39
5390,13784,2025-05-18 02:30:25,82,1,12391.54
5391,13785,2025-02-20 07:30:08,101,1,19086.83
5392,13792,2025-04-05 10:06:23,215,1,30903.15
5393,13792,2025-04-17 02:34:59,334,1,4204.59
5394,13792,2025-05-05 16:26:19,1,1,7205.01
5395,13794,2025-06-06 09:11:25,485,2,52482.02
5396,13802,2025-02-06 12:08:13,380,2,38985.32
5397,13803,2025-06-29 03:54:22,224,1,14553.13
5398,13806,2025-02-01 04:39:26,430,1,24645.4
5399,13807,2025-01-18 23:46:19,211,1,31008.7
5400,13809,2025-01-13 04:22:13,366,1,9798.21
5401,13809,2025-01-24 19:08:58,256,1,547.58
5402,13814,2025-03-28 12:43:09,495,1,13165.95
5403,13814,2025-04-23 06:00:28,6,1,4629.86
5404,13818,2025-06-27 16:29:58,222,1,8006.41
5405,13819,2025-06-05 18:34:26,112,1,6810.44
5406,13822,2025-01-16 02:10:41,401,1,11690.67
5407,13823,2025-02-11 05:01:37,47,1,6372.46
5408,13824,2025-02-15 19:50:41,445,1,1748.17
5409,13830,2025-05-21 10:10:58,91,1,115829.28
5410,13836,2025-02-04 02:18:39,30,1,43984.69
5411,13836,2025-02-10 00:24:46,343,2,142882.12
5412,13844,2025-01-08 04:13:28,395,1,30745.93
5413,13847,2025-01-28 16:06:58,332,1,502.68
5414,13847,2025-02-14 13:42:04,273,1,8130.43
5415,13854,2025-02-11 04:25:31,236,3,58768.32
5416,13857,2025-03-01 16:39:06,479,1,17062.05
5417,13864,2025-06-06 07:02:14,295,1,13255.4
5418,13865,2025-05-03 03:08:45,19,1,2770.09
5419,13866,2025-06-24 15:00:23,181,1,11869.76
5420,13868,2025-06-27 15:42:37,485,2,52482.02
5421,13870,2025-01-13 23:33:05,146,1,9446.45
5422,13871,2025-01-31 01:43:28,178,1,122025.22
5423,13872,2025-01-30 03:12:44,160,1,13826.53
5424,13872,2025-02-06 06:40:40,235,1,42017.2
5425,13873,2025-06-28 17:02:32,31,1,2221.64
5426,13874,2025-06-29 13:38:45,461,3,17070.42
5427,13879,2025-04-15 17:10:39,431,2,12518.6
5428,13883,2025-03-17 01:41:50,189,1,9592.2
5429,13885,2025-04-08 21:53:32,261,3,57474.57
5430,13889,2025-01-16 19:22:29,257,1,2435.84
5431,13890,2025-05-30 05:25:54,221,1,14298.27
5432,13891,2025-05-20 11:49:48,486,1,5773.24
5433,13894,2025-06-18 14:53:38,295,1,13255.4
5434,13899,2025-03-12 16:35:56,138,2,13441.82
5435,13903,2025-06-07 09:20:22,423,1,19615.97
5436,13905,2025-06-19 18:30:05,222,1,8006.41
5437,13911,2025-04-18 22:57:19,297,1,17729.74
5438,13913,2025-05-25 22:49:42,160,2,27653.06
5439,13914,2025-02-04 12:10:39,90,1,93514.94
5440,13915,2025-06-02 18:05:23,213,1,14323.4
5441,13919,2025-04-30 20:53:47,101,1,19086.83
5442,13920,2025-01-21 15:31:06,230,1,3807.27
5443,13921,2025-02-22 08:48:29,257,1,2435.84
5444,13922,2025-04-09 09:25:07,366,1,9798.21
5445,13923,2025-03-17 10:41:57,335,1,6200.21
5446,13924,2025-05-27 22:19:15,446,2,273560.16
5447,13924,2025-06-02 05:19:36,242,1,9285.39
5448,13926,2025-05-12 01:07:28,215,1,30903.15
5449,13927,2025-05-26 11:13:13,408,1,8934.48
5450,13928,2025-05-12 02:50:49,367,1,5745.57
5451,13929,2025-04-03 15:29:14,322,2,10971.04
5452,13929,2025-04-07 08:40:05,134,1,3801.47
5453,13930,2025-04-10 15:32:07,6,2,9259.72
5454,13931,2025-04-18 19:53:01,4,3,332960.88
5455,13933,2025-02-07 01:52:07,221,1,14298.27
5456,13937,2025-04-30 04:32:40,208,2,6937.54
5457,13938,2025-05-16 09:57:47,383,1,110906.1
5458,13939,2025-04-05 11:22:27,394,1,20682.69
5459,13939,2025-04-26 11:25:41,417,1,32512.83
5460,13940,2025-05-20 17:10:01,40,2,2346.28
5461,13944,2025-04-27 14:34:47,259,2,19098.98
5462,13945,2025-04-10 03:49:56,58,1,33150.95
5463,13948,2025-06-04 13:06:03,458,2,100472.12
5464,13955,2025-03-06 08:43:04,253,1,9261.77
5465,13957,2025-06-20 12:28:28,494,2,990.74
5466,13960,2025-02-12 17:34:00,13,1,2692.52
5467,13961,2025-03-02 03:17:54,94,1,9377.5
5468,13964,2025-03-15 12:57:34,348,1,11453.57
5469,13964,2025-03-28 16:29:09,402,2,39298.5
5470,13968,2025-03-21 23:27:58,188,3,1895.31
5471,13972,2025-02-10 16:07:24,460,1,41328.67
5472,13974,2025-02-02 12:16:59,361,1,13985.68
5473,13977,2025-04-12 11:42:17,479,1,17062.05
5474,13978,2025-04-07 00:50:30,39,2,39440.08
5475,13981,2025-01-09 22:14:27,194,1,1522.19
5476,13990,2025-03-30 05:34:55,254,2,32119.52
5477,13997,2025-01-28 02:43:23,285,1,115911.82
5478,13998,2025-02-18 20:35:10,141,1,78006.44
5479,13998,2025-02-27 11:04:57,210,1,12877.08
5480,13998,2025-03-13 08:19:28,338,3,264386.25
5481,14001,2025-02-22 14:16:37,378,1,15995.17
5482,14003,2025-01-18 17:25:58,311,1,90815.28
5483,14004,2025-03-19 05:50:16,278,2,25853.4
5484,14006,2025-02-27 23:56:36,246,1,4485.92
5485,14009,2025-04-27 23:15:35,267,1,20054.79
5486,14010,2025-04-13 17:04:46,150,1,19806.15
5487,14011,2025-04-20 19:30:12,187,1,43342.31
5488,14016,2025-06-30 05:06:23,143,2,26305.38
5489,14021,2025-03-14 00:39:06,258,1,4584.18
5490,14027,2025-06-03 19:32:58,3,3,30284.01
5491,14034,2025-05-20 07:16:00,178,1,122025.22
5492,14036,2025-02-24 21:34:10,141,1,78006.44
5493,14037,2025-02-08 01:47:56,152,1,7223.67
5494,14039,2025-06-17 08:56:12,114,3,11502.0
5495,14041,2025-06-19 23:56:57,390,1,3926.05
5496,14047,2025-03-07 17:33:53,324,1,28001.07
5497,14048,2025-01-16 19:34:36,134,1,3801.47
5498,14049,2025-06-17 16:56:26,337,1,138096.58
5499,14050,2025-03-03 18:50:26,204,1,3831.25
5500,14052,2025-06-23 11:01:10,329,1,11214.8
5501,14055,2025-03-23 01:12:26,199,3,390027.9
5502,14070,2025-02-22 18:41:38,267,2,40109.58
5503,14071,2025-06-04 07:50:22,277,1,134439.28
5504,14076,2025-04-11 14:30:38,111,1,1028.45
5505,14078,2025-06-02 13:46:05,414,1,20297.26
5506,14080,2025-06-04 05:57:31,217,1,3789.89
5507,14083,2025-06-25 04:34:04,304,2,299137.2
5508,14086,2025-06-04 03:58:03,226,2,2920.68
5509,14089,2025-06-26 14:13:20,84,1,2448.39
5510,14090,2025-02-09 22:02:54,340,2,172950.7
5511,14091,2025-04-01 15:08:27,402,1,19649.25
5512,14093,2025-06-04 06:12:38,23,2,48172.72
5513,14096,2025-03-28 03:43:27,497,1,4676.48
5514,14096,2025-04-05 16:14:12,434,2,188449.34
5515,14097,2025-04-05 19:38:42,206,2,46015.12
5516,14106,2025-03-02 09:59:01,233,1,4628.25
5517,14106,2025-03-15 11:22:10,149,2,20632.22
5518,14106,2025-04-05 04:43:13,489,2,16663.02
5519,14113,2025-03-23 19:34:20,363,1,38026.37
5520,14113,2025-04-09 19:46:34,127,1,37875.42
5521,14116,2025-03-24 22:32:55,11,1,55867.12
5522,14117,2025-03-25 15:02:43,8,1,2149.22
5523,14128,2025-01-06 11:23:30,311,1,90815.28
5524,14129,2025-05-05 18:24:48,163,1,7638.19
5525,14131,2025-01-21 04:12:37,148,1,129106.55
5526,14131,2025-02-18 00:30:41,248,1,9420.12
5527,14136,2025-04-21 22:17:10,155,2,55578.78
5528,14137,2025-05-06 19:00:05,225,1,3052.25
5529,14145,2025-03-17 09:41:04,175,2,162937.44
5530,14147,2025-03-31 11:34:24,169,1,2636.13
5531,14147,2025-04-12 12:28:24,194,1,1522.19
5532,14149,2025-04-15 10:51:46,67,2,6491.1
5533,14149,2025-04-19 03:35:33,12,1,10398.85
5534,14151,2025-02-06 12:41:41,343,1,71441.06
5535,14167,2025-06-27 22:51:37,420,1,3770.66
5536,14168,2025-06-02 00:32:47,322,2,10971.04
5537,14169,2025-05-04 19:30:44,101,1,19086.83
5538,14173,2025-02-11 12:02:49,174,1,2937.34
5539,14176,2025-03-17 19:52:29,383,1,110906.1
5540,14177,2025-02-25 22:22:19,384,2,8027.06
5541,14181,2025-05-17 03:56:04,115,1,16709.38
5542,14185,2025-01-13 09:45:44,457,1,32494.5
5543,14185,2025-01-27 15:09:37,23,1,24086.36
5544,14185,2025-02-17 10:20:53,183,2,11468.28
5545,14189,2025-02-03 19:34:29,442,2,54055.28
5546,14189,2025-02-21 13:36:23,20,1,1778.75
5547,14190,2025-03-20 22:36:48,363,1,38026.37
5548,14194,2025-04-01 15:59:28,10,1,3952.37
5549,14198,2025-04-23 23:09:42,445,2,3496.34
5550,14201,2025-05-25 12:46:45,424,1,14170.15
5551,14201,2025-05-29 15:43:32,339,1,464.88
5552,14210,2025-03-16 14:50:56,106,1,4353.63
5553,14210,2025-03-27 21:53:04,23,2,48172.72
5554,14218,2025-04-22 08:35:56,466,1,31559.05
5555,14219,2025-03-25 03:58:45,189,1,9592.2
5556,14221,2025-03-06 07:46:54,12,2,20797.7
5557,14223,2025-05-23 05:23:40,371,1,23547.53
5558,14224,2025-05-16 21:34:14,91,1,115829.28
5559,14225,2025-04-01 12:31:38,245,1,15399.15
5560,14225,2025-04-06 08:58:09,372,1,1314.03
5561,14226,2025-02-24 05:29:20,57,2,110200.42
5562,14228,2025-01-16 01:10:01,192,1,33176.4
5563,14229,2025-02-04 23:57:12,206,1,23007.56
5564,14232,2025-06-11 15:43:22,172,2,72831.84
5565,14235,2025-06-07 14:35:54,202,1,2128.85
5566,14238,2025-03-12 08:24:36,271,1,35581.83
5567,14238,2025-04-02 22:00:59,119,1,9009.08
5568,14242,2025-04-22 13:25:34,488,1,32780.58
5569,14243,2025-04-01 03:20:47,138,1,6720.91
5570,14246,2025-01-11 01:42:39,463,1,6385.22
5571,14249,2025-03-03 16:22:29,130,1,16268.89
5572,14250,2025-05-09 06:29:43,145,1,5753.8
5573,14250,2025-05-13 23:53:51,241,1,11168.82
5574,14253,2025-04-12 15:02:53,333,1,4180.46
5575,14254,2025-03-10 02:37:06,376,2,29125.06
5576,14256,2025-06-30 19:45:46,193,1,33028.41
5577,14258,2025-06-04 08:02:50,440,1,3107.23
5578,14260,2025-03-20 09:37:01,21,1,14166.0
5579,14265,2025-02-26 05:26:29,480,1,35487.49
5580,14266,2025-03-23 06:21:30,147,2,17403.92
5581,14269,2025-06-24 08:45:04,294,1,34584.69
5582,14273,2025-04-13 14:46:43,464,1,28260.63
5583,14274,2025-03-19 17:52:24,199,2,260018.6
5584,14280,2025-01-26 09:33:51,45,1,25096.16
5585,14282,2025-05-19 10:56:35,184,1,2970.14
5586,14287,2025-02-14 00:59:02,178,1,122025.22
5587,14289,2025-06-24 20:13:06,447,1,1488.36
5588,14291,2025-04-22 13:37:27,101,1,19086.83
5589,14300,2025-02-12 04:49:57,30,3,131954.07
5590,14306,2025-01-25 19:42:23,489,1,8331.51
5591,14307,2025-03-20 06:45:56,480,2,70974.98
5592,14307,2025-04-09 13:43:36,431,1,6259.3
5593,14310,2025-02-25 18:13:49,251,2,16656.58
5594,14313,2025-06-02 19:39:38,40,2,2346.28
5595,14322,2025-04-07 00:25:47,131,2,20407.46
5596,14328,2025-06-02 00:47:41,281,3,25725.12
5597,14328,2025-06-13 02:24:32,148,1,129106.55
5598,14331,2025-03-30 07:59:27,366,1,9798.21
5599,14332,2025-05-28 10:00:28,64,1,23300.53
5600,14334,2025-06-17 19:06:52,461,1,5690.14
5601,14334,2025-06-26 20:43:56,4,1,110986.96
5602,14349,2025-04-01 05:11:12,212,1,105203.42
5603,14357,2025-02-04 19:55:52,180,2,45239.26
5604,14357,2025-02-27 11:11:45,49,1,3584.0
5605,14358,2025-04-03 15:38:40,107,1,11847.57
5606,14362,2025-02-08 11:02:55,82,2,24783.08
5607,14363,2025-02-06 14:29:17,253,2,18523.54
5608,14364,2025-06-19 06:36:40,95,1,14154.76
5609,14367,2025-02-03 03:03:41,118,1,2075.07
5610,14368,2025-02-07 13:53:18,118,1,2075.07
5611,14372,2025-05-31 17:06:07,68,1,47179.0
5612,14374,2025-03-10 15:40:13,252,1,5818.59
5613,14378,2025-01-17 15:01:45,61,1,102219.65
5614,14380,2025-03-12 06:06:01,254,1,16059.76
5615,14383,2025-03-25 04:21:28,211,1,31008.7
5616,14386,2025-06-02 12:04:14,59,1,43466.97
5617,14386,2025-06-12 20:25:29,366,1,9798.21
5618,14390,2025-04-19 20:44:55,295,1,13255.4
5619,14395,2025-06-12 07:32:10,159,1,30772.13
5620,14398,2025-04-23 08:54:01,435,1,4498.66
5621,14398,2025-05-23 18:09:43,247,1,9897.75
5622,14399,2025-05-05 09:16:34,158,1,2196.76
5623,14399,2025-05-12 13:05:49,296,1,108127.41
5624,14405,2025-03-31 10:04:17,303,2,2908.48
5625,14407,2025-03-01 16:48:13,225,1,3052.25
5626,14408,2025-04-16 02:44:15,401,1,11690.67
5627,14409,2025-01-18 01:27:22,412,1,2747.39
5628,14411,2025-01-12 22:58:30,146,1,9446.45
5629,14414,2025-03-18 04:10:10,18,1,1846.66
5630,14415,2025-06-19 15:41:17,22,1,12590.38
5631,14416,2025-02-10 20:40:52,313,2,23499.82
5632,14416,2025-02-26 17:56:43,279,1,11780.7
5633,14416,2025-03-17 13:57:58,70,1,5458.68
5634,14417,2025-02-18 01:55:50,49,1,3584.0
5635,14418,2025-03-15 05:50:17,192,1,33176.4
5636,14419,2025-06-27 13:20:21,208,1,3468.77
5637,14424,2025-04-15 12:38:32,461,1,5690.14
5638,14427,2025-03-28 17:56:41,102,1,25792.01
5639,14430,2025-05-20 16:13:06,240,2,59269.46
5640,14434,2025-06-22 03:30:17,103,1,42328.61
5641,14436,2025-06-05 01:07:00,369,1,14392.59
5642,14439,2025-05-10 16:34:43,263,1,38988.81
5643,14441,2025-05-22 12:44:32,97,1,623.51
5644,14441,2025-05-26 15:04:41,203,1,13023.16
5645,14441,2025-06-09 10:56:36,83,1,20559.25
5646,14447,2025-06-15 04:21:15,325,2,27965.74
5647,14452,2025-02-11 13:23:51,114,2,7668.0
5648,14457,2025-04-09 07:22:46,398,1,9488.31
5649,14459,2025-02-18 22:26:14,93,2,11548.06
5650,14459,2025-02-22 19:56:12,13,1,2692.52
5651,14459,2025-03-02 04:17:23,244,2,7549.56
5652,14462,2025-04-01 14:52:16,297,2,35459.48
5653,14464,2025-02-06 06:01:46,266,1,8000.62
5654,14466,2025-03-27 23:45:49,78,1,149482.7
5655,14468,2025-03-04 20:18:39,407,1,1432.1
5656,14470,2025-03-24 05:06:45,69,1,7709.45
5657,14472,2025-04-14 04:28:24,17,1,20450.91
5658,14473,2025-02-12 18:30:26,347,1,26954.74
5659,14474,2025-01-14 12:08:40,434,1,94224.67
5660,14475,2025-05-08 13:52:14,167,1,26417.09
5661,14476,2025-06-08 09:42:07,339,1,464.88
5662,14479,2025-05-03 23:18:21,155,1,27789.39
5663,14482,2025-01-25 17:49:25,246,1,4485.92
5664,14485,2025-03-24 01:38:10,333,1,4180.46
5665,14486,2025-03-07 08:24:40,133,1,30464.02
5666,14490,2025-02-03 22:06:12,463,2,12770.44
5667,14491,2025-05-22 18:50:59,367,1,5745.57
5668,14491,2025-05-27 11:18:57,462,1,22303.0
5669,14492,2025-04-16 20:21:41,165,2,3465.06
5670,14493,2025-06-24 05:51:09,464,1,28260.63
5671,14497,2025-02-17 13:09:02,266,1,8000.62
5672,14499,2025-01-22 00:35:54,14,1,3902.87
5673,14499,2025-02-26 22:01:37,18,1,1846.66
5674,14503,2025-06-09 09:35:26,142,1,10287.19
5675,14504,2025-04-01 09:45:17,1,1,7205.01
5676,14510,2025-03-07 23:47:47,207,2,61432.06
5677,14516,2025-03-03 19:41:12,424,1,14170.15
5678,14516,2025-03-17 09:19:39,108,2,10541.66
5679,14520,2025-01-15 12:33:04,57,1,55100.21
5680,14520,2025-01-30 06:56:26,468,2,283156.62
5681,14521,2025-03-07 23:55:44,461,1,5690.14
5682,14521,2025-03-30 13:34:58,254,3,48179.28
5683,14525,2025-04-27 00:25:15,445,1,1748.17
5684,14532,2025-04-08 21:01:38,229,1,30697.88
5685,14537,2025-01-08 11:00:22,343,1,71441.06
5686,14537,2025-01-19 09:38:27,473,1,1074.49
5687,14539,2025-06-18 07:46:38,362,1,539.2
5688,14539,2025-06-23 13:29:12,258,3,13752.54
5689,14556,2025-02-02 14:41:33,185,1,12990.29
5690,14556,2025-02-06 08:26:46,485,3,78723.03
5691,14556,2025-02-19 11:49:19,298,1,12693.22
5692,14558,2025-02-10 22:13:42,402,1,19649.25
5693,14558,2025-02-25 17:20:03,13,1,2692.52
5694,14559,2025-05-12 10:21:34,285,1,115911.82
5695,14560,2025-01-22 09:32:32,395,1,30745.93
5696,14565,2025-03-29 06:45:23,368,3,149932.32
5697,14565,2025-04-14 06:33:32,111,1,1028.45
5698,14574,2025-05-29 01:06:57,179,1,113736.5
5699,14576,2025-05-01 06:40:22,374,3,31377.87
5700,14578,2025-03-22 11:04:33,104,1,19691.24
5701,14581,2025-03-01 15:33:30,134,2,7602.94
5702,14582,2025-05-29 20:15:22,205,1,14938.64
5703,14585,2025-06-17 10:05:14,193,1,33028.41
5704,14585,2025-06-30 00:15:25,138,1,6720.91
5705,14589,2025-02-20 19:41:51,343,2,142882.12
5706,14590,2025-03-02 11:44:00,218,1,94208.34
5707,14592,2025-01-28 19:39:59,327,1,8222.53
5708,14595,2025-05-17 21:34:36,419,1,24719.61
5709,14598,2025-06-03 11:19:44,314,1,6987.52
5710,14598,2025-06-07 18:57:05,7,1,1408.94
5711,14600,2025-05-31 22:03:18,48,3,16221.72
5712,14601,2025-02-27 17:36:53,269,1,115514.93
5713,14601,2025-03-17 00:29:57,200,1,7837.57
5714,14601,2025-04-14 19:41:53,203,1,13023.16
5715,14604,2025-04-15 17:05:44,295,1,13255.4
5716,14609,2025-05-03 06:02:47,466,2,63118.1
5717,14610,2025-01-09 15:59:56,404,1,13845.68
5718,14610,2025-01-21 21:16:05,229,1,30697.88
5719,14610,2025-02-11 11:41:11,391,1,7481.06
5720,14613,2025-04-27 16:06:47,188,2,1263.54
5721,14621,2025-02-03 18:28:36,31,1,2221.64
5722,14621,2025-02-15 00:58:45,223,1,11303.07
5723,14623,2025-05-03 08:40:36,464,1,28260.63
5724,14626,2025-06-07 12:53:52,254,2,32119.52
5725,14627,2025-02-09 17:24:25,303,3,4362.72
5726,14627,2025-02-20 01:33:49,219,3,7606.62
5727,14628,2025-02-18 14:57:46,35,1,3087.93
5728,14633,2025-04-22 09:09:46,423,1,19615.97
5729,14635,2025-02-01 12:50:19,239,1,1734.95
5730,14641,2025-04-29 17:59:56,438,1,5413.4
5731,14645,2025-04-25 21:28:44,68,1,47179.0
5732,14649,2025-03-01 02:26:15,481,1,3800.46
5733,14651,2025-06-14 19:17:35,264,1,4577.56
5734,14654,2025-03-25 00:51:14,133,1,30464.02
5735,14656,2025-04-07 13:21:38,114,1,3834.0
5736,14661,2025-04-12 21:12:31,430,2,49290.8
5737,14662,2025-06-03 21:33:51,187,1,43342.31
5738,14663,2025-05-26 02:04:58,243,1,2252.58
5739,14670,2025-01-28 09:00:33,378,3,47985.51
5740,14670,2025-02-14 12:21:26,498,1,13866.8
5741,14673,2025-04-03 23:51:22,110,1,18441.82
5742,14675,2025-01-20 16:21:33,6,1,4629.86
5743,14676,2025-06-22 04:26:16,410,1,90198.25
5744,14681,2025-04-15 17:35:41,442,2,54055.28
5745,14683,2025-04-18 18:17:05,39,1,19720.04
5746,14684,2025-05-25 01:59:37,450,2,15002.86
5747,14685,2025-02-11 20:15:56,1,3,21615.03
5748,14689,2025-03-01 06:56:25,232,2,6427.8
5749,14690,2025-03-31 12:35:29,191,1,36768.02
5750,14692,2025-03-15 00:22:43,72,1,43803.67
5751,14696,2025-01-28 10:31:50,138,1,6720.91
5752,14698,2025-01-28 13:11:35,328,1,7767.1
5753,14699,2025-06-06 17:22:08,403,1,25390.62
5754,14702,2025-02-03 07:01:51,206,1,23007.56
5755,14704,2025-02-06 01:35:51,480,1,35487.49
5756,14708,2025-04-26 06:49:03,396,1,110532.21
5757,14710,2025-06-12 10:25:17,160,1,13826.53
5758,14711,2025-04-04 07:00:54,116,1,13895.24
5759,14713,2025-03-20 08:18:08,108,1,5270.83
5760,14713,2025-04-08 09:25:25,80,2,248248.7
5761,14714,2025-06-30 09:07:29,249,1,2728.95
5762,14721,2025-03-11 08:41:03,330,1,3233.01
5763,14722,2025-05-06 06:31:39,426,1,24723.16
5764,14731,2025-04-21 06:17:32,191,1,36768.02
5765,14731,2025-05-05 15:24:04,500,1,101175.55
5766,14731,2025-05-12 17:37:52,349,3,36125.79
5767,14734,2025-05-29 07:15:18,169,1,2636.13
5768,14737,2025-06-06 09:19:40,194,1,1522.19
5769,14739,2025-05-27 12:00:00,340,3,259426.05
5770,14742,2025-04-09 05:47:15,152,1,7223.67
5771,14742,2025-04-14 19:29:08,427,2,8625.32
5772,14747,2025-04-01 00:33:54,197,1,1108.19
5773,14750,2025-05-07 22:20:55,11,1,55867.12
5774,14751,2025-03-23 19:29:54,490,1,12740.04
5775,14754,2025-05-26 06:27:56,450,1,7501.43
5776,14754,2025-06-04 14:20:26,491,1,912.64
5777,14767,2025-06-20 16:59:11,115,3,50128.14
5778,14769,2025-01-30 05:25:32,158,1,2196.76
5779,14775,2025-02-22 02:37:30,136,2,4877.14
5780,14777,2025-05-20 21:46:27,314,1,6987.52
5781,14782,2025-02-16 14:24:02,203,2,26046.32
5782,14784,2025-05-30 12:18:47,1,1,7205.01
5783,14785,2025-02-01 01:31:10,129,1,358.85
5784,14794,2025-01-30 03:53:03,450,2,15002.86
5785,14795,2025-04-12 14:18:13,223,1,11303.07
5786,14797,2025-02-24 23:54:26,376,3,43687.59
5787,14800,2025-03-18 00:38:13,390,1,3926.05
5788,14802,2025-03-27 04:19:29,37,1,884.45
5789,14802,2025-04-23 17:46:59,236,1,19589.44
5790,14807,2025-04-24 10:59:27,461,1,5690.14
5791,14811,2025-05-18 19:01:01,148,2,258213.1
5792,14813,2025-05-24 20:32:47,308,1,10693.04
5793,14815,2025-05-28 20:28:18,142,1,10287.19
5794,14818,2025-06-11 16:38:19,83,3,61677.75
5795,14819,2025-06-21 13:27:49,483,2,87265.34
5796,14827,2025-06-08 05:33:38,339,2,929.76
5797,14827,2025-06-28 05:26:23,77,1,70509.53
5798,14828,2025-01-29 01:55:11,492,1,8731.65
5799,14830,2025-06-07 21:53:05,128,3,22742.85
5800,14832,2025-06-02 14:17:44,142,1,10287.19
5801,14834,2025-05-17 06:46:43,113,2,15638.5
5802,14835,2025-03-02 07:22:29,340,1,86475.35
5803,14838,2025-06-15 23:28:22,344,2,42215.88
5804,14838,2025-06-19 18:26:52,371,1,23547.53
5805,14839,2025-04-06 21:09:33,365,1,13691.92
5806,14841,2025-01-26 10:06:49,87,1,23788.74
5807,14844,2025-05-19 20:18:07,396,1,110532.21
5808,14845,2025-03-30 03:40:10,273,2,16260.86
5809,14850,2025-06-06 18:14:41,390,1,3926.05
5810,14854,2025-03-28 05:20:40,296,1,108127.41
5811,14856,2025-05-20 14:00:37,446,1,136780.08
5812,14859,2025-04-17 23:15:31,197,2,2216.38
5813,14862,2025-01-22 20:00:38,38,1,12400.94
5814,14862,2025-02-12 00:23:55,494,1,495.37
5815,14864,2025-04-26 19:52:41,435,1,4498.66
5816,14867,2025-02-09 17:10:44,280,2,33604.64
5817,14868,2025-02-28 12:34:57,82,3,37174.62
5818,14871,2025-02-08 09:39:59,333,1,4180.46
5819,14873,2025-06-12 07:09:06,175,2,162937.44
5820,14874,2025-02-14 21:27:28,392,1,3931.31
5821,14876,2025-06-28 17:53:21,282,2,2226.6
5822,14879,2025-03-30 14:16:47,477,3,112060.77
5823,14882,2025-05-03 08:56:50,451,2,13348.86
5824,14891,2025-02-05 06:16:40,346,1,14000.92
5825,14893,2025-01-20 04:34:09,354,1,13893.05
5826,14899,2025-04-19 06:08:10,416,1,36650.72
5827,14899,2025-05-10 19:50:14,14,1,3902.87
5828,14905,2025-03-06 23:28:36,449,1,651.83
5829,14907,2025-01-09 13:34:52,69,1,7709.45
5830,14907,2025-01-19 20:24:56,325,1,13982.87
5831,14910,2025-06-04 09:30:09,383,1,110906.1
5832,14913,2025-02-11 20:00:06,84,1,2448.39
5833,14914,2025-04-13 23:23:18,304,2,299137.2
5834,14917,2025-03-28 00:58:15,204,2,7662.5
5835,14922,2025-04-15 11:57:52,137,3,141931.59
5836,14922,2025-05-15 19:45:20,191,1,36768.02
5837,14926,2025-05-11 19:57:10,145,2,11507.6
5838,14926,2025-05-15 15:19:43,209,2,76822.74
5839,14926,2025-06-07 02:19:54,136,2,4877.14
5840,14927,2025-03-28 07:17:39,135,1,13650.75
5841,14931,2025-06-23 06:41:25,31,1,2221.64
5842,14932,2025-03-19 11:12:33,434,1,94224.67
5843,14940,2025-05-22 17:26:40,381,1,9476.92
5844,14942,2025-03-24 18:50:56,188,1,631.77
5845,14943,2025-06-22 05:03:18,253,1,9261.77
5846,14944,2025-03-09 08:49:54,309,1,2510.1
5847,14946,2025-02-03 01:04:17,59,1,43466.97
5848,14949,2025-06-22 08:52:32,85,2,134542.68
5849,14950,2025-05-23 02:00:11,268,2,14775.66
5850,14954,2025-06-25 00:50:25,356,1,3337.9
5851,14956,2025-02-10 15:07:14,280,1,16802.32
5852,14959,2025-02-07 15:36:02,146,1,9446.45
5853,14961,2025-04-17 19:40:41,418,2,33242.76
5854,14961,2025-05-07 09:30:14,249,2,5457.9
5855,14964,2025-05-29 20:12:03,106,1,4353.63
5856,14974,2025-04-13 05:02:33,215,2,61806.3
5857,14977,2025-02-07 22:34:58,475,1,11694.47
5858,14978,2025-01-02 06:55:36,200,2,15675.14
5859,14978,2025-01-25 07:00:56,348,2,22907.14
5860,14987,2025-06-13 22:57:48,49,2,7168.0
5861,14992,2025-02-16 08:14:59,66,1,7734.16
5862,14992,2025-03-04 04:46:27,164,1,100669.41
5863,14997,2025-04-29 23:41:55,477,1,37353.59
5864,14998,2025-06-17 09:24:52,41,1,8500.67
5865,15005,2025-05-17 18:24:26,149,1,10316.11
5866,15005,2025-06-13 07:57:09,469,1,8458.92
5867,15008,2025-06-06 09:30:00,462,1,22303.0
5868,15009,2025-03-30 01:07:35,15,1,9205.01
5869,15009,2025-04-02 18:27:07,500,1,101175.55
5870,15011,2025-04-29 20:31:56,343,1,71441.06
5871,15012,2025-02-14 07:33:39,162,1,6647.03
5872,15014,2025-01-28 13:43:13,345,1,24246.2
5873,15016,2025-04-12 18:37:26,258,1,4584.18
5874,15019,2025-06-03 00:59:09,393,2,26107.52
5875,15026,2025-06-07 10:32:14,65,1,15098.74
5876,15030,2025-05-25 19:35:28,139,2,2017.22
5877,15030,2025-06-16 06:35:16,159,1,30772.13
5878,15031,2025-04-18 01:21:48,357,1,136130.58
5879,15032,2025-06-19 08:35:13,164,1,100669.41
5880,15040,2025-04-29 09:21:03,343,1,71441.06
5881,15041,2025-02-19 03:08:22,239,1,1734.95
5882,15044,2025-02-06 05:28:26,189,1,9592.2
5883,15044,2025-02-16 02:19:52,164,1,100669.41
5884,15056,2025-03-19 04:24:54,255,1,3001.4
5885,15057,2025-06-14 21:59:19,94,1,9377.5
5886,15062,2025-05-11 11:18:57,495,1,13165.95
5887,15065,2025-05-18 18:27:46,447,1,1488.36
5888,15067,2025-05-17 07:09:20,228,1,9440.11
5889,15071,2025-05-19 17:15:02,450,3,22504.29
5890,15073,2025-04-13 14:12:25,57,1,55100.21
5891,15075,2025-06-18 18:14:18,53,1,67150.12
5892,15076,2025-05-16 03:35:36,33,1,17762.94
5893,15078,2025-06-21 00:04:17,26,1,10901.13
5894,15080,2025-05-27 21:03:20,97,1,623.51
5895,15081,2025-05-30 09:54:03,28,1,10248.86
5896,15083,2025-05-22 15:16:46,259,2,19098.98
5897,15089,2025-05-29 23:28:38,498,1,13866.8
5898,15090,2025-05-28 00:23:27,126,1,15953.08
5899,15091,2025-05-26 22:22:54,458,1,50236.06
5900,15094,2025-06-02 15:19:12,68,1,47179.0
5901,15099,2025-04-02 11:20:02,154,1,36463.8
5902,15100,2025-06-09 04:12:42,406,1,24419.24
5903,15104,2025-02-19 12:02:31,201,1,13102.72
5904,15110,2025-06-15 04:00:23,92,1,3738.51
5905,15110,2025-06-29 00:10:54,196,1,1179.56
5906,15120,2025-03-18 19:08:32,207,1,30716.03
5907,15121,2025-04-24 19:27:31,465,2,34858.36
5908,15122,2025-06-07 01:54:10,218,2,188416.68
5909,15127,2025-05-09 19:13:34,55,1,24029.51
5910,15129,2025-06-21 09:35:52,256,1,547.58
5911,15130,2025-03-18 13:54:34,319,1,29688.49
5912,15130,2025-04-07 19:28:54,444,1,148248.16
5913,15130,2025-04-14 05:54:01,237,1,23121.27
5914,15133,2025-05-31 05:20:21,42,1,35405.28
5915,15135,2025-06-11 14:51:47,258,1,4584.18
5916,15135,2025-06-20 04:11:05,443,1,19089.94
5917,15137,2025-06-07 18:16:27,201,2,26205.44
5918,15137,2025-06-11 05:31:57,79,1,14294.87
5919,15138,2025-01-25 22:35:37,328,2,15534.2
5920,15141,2025-05-04 17:02:27,39,1,19720.04
5921,15141,2025-05-08 22:03:42,398,1,9488.31
5922,15141,2025-05-23 03:44:22,466,1,31559.05
5923,15143,2025-02-20 12:04:15,431,3,18777.9
5924,15145,2025-04-01 18:41:06,213,1,14323.4
5925,15147,2025-04-22 20:17:53,417,1,32512.83
5926,15148,2025-06-15 14:23:41,251,1,8328.29
5927,15149,2025-04-01 02:35:31,64,1,23300.53
5928,15151,2025-02-12 15:50:39,121,1,8945.4
5929,15152,2025-06-29 21:42:51,500,1,101175.55
5930,15161,2025-03-03 11:52:02,180,1,22619.63
5931,15163,2025-05-29 00:32:29,340,1,86475.35
5932,15167,2025-06-10 21:00:02,85,3,201814.02
5933,15176,2025-03-03 15:19:25,291,1,1193.57
5934,15178,2025-05-25 06:16:57,130,3,48806.67
5935,15180,2025-04-06 01:17:23,417,2,65025.66
5936,15182,2025-06-13 07:13:03,169,1,2636.13
5937,15184,2025-04-08 02:42:26,470,1,1252.58
5938,15184,2025-04-26 05:39:11,138,1,6720.91
5939,15184,2025-05-15 01:03:52,194,1,1522.19
5940,15189,2025-06-21 14:40:46,492,1,8731.65
5941,15191,2025-01-30 14:20:31,15,2,18410.02
5942,15192,2025-06-24 19:02:45,416,1,36650.72
5943,15193,2025-05-23 08:15:31,6,1,4629.86
5944,15203,2025-06-18 00:46:22,252,1,5818.59
5945,15203,2025-06-21 04:52:41,77,1,70509.53
5946,15204,2025-06-07 23:03:05,164,1,100669.41
5947,15206,2025-06-23 15:04:31,312,1,24505.73
5948,15209,2025-04-02 19:11:47,389,2,6439.7
5949,15211,2025-06-19 12:30:00,378,1,15995.17
5950,15211,2025-06-27 03:58:46,384,1,4013.53
5951,15215,2025-02-14 08:43:49,40,1,1173.14
5952,15216,2025-01-05 12:02:33,65,1,15098.74
5953,15218,2025-04-14 15:44:51,131,1,10203.73
5954,15220,2025-03-31 13:19:30,44,1,6132.16
5955,15221,2025-06-02 05:39:08,120,1,19023.98
5956,15221,2025-06-23 11:59:26,456,2,39749.3
5957,15241,2025-03-27 11:46:50,185,1,12990.29
5958,15243,2025-06-17 15:46:49,306,1,4449.97
5959,15245,2025-06-19 10:05:15,386,2,60282.94
5960,15246,2025-06-28 22:37:53,320,2,67121.52
5961,15248,2025-06-29 13:36:03,320,1,33560.76
5962,15251,2025-04-06 19:27:22,371,2,47095.06
5963,15252,2025-05-15 14:49:59,210,1,12877.08
5964,15252,2025-06-01 05:42:57,406,2,48838.48
5965,15254,2025-05-11 21:53:57,168,1,9504.82
5966,15258,2025-04-07 02:50:17,184,2,5940.28
5967,15261,2025-02-01 00:19:24,201,2,26205.44
5968,15261,2025-02-07 20:03:08,224,1,14553.13
5969,15261,2025-02-12 17:27:56,4,3,332960.88
5970,15267,2025-06-08 15:11:09,109,1,13239.59
5971,15268,2025-05-21 01:43:48,395,2,61491.86
5972,15275,2025-05-13 03:43:37,192,1,33176.4
5973,15275,2025-06-09 13:42:54,313,2,23499.82
5974,15280,2025-04-05 12:41:20,374,2,20918.58
5975,15281,2025-05-19 11:19:38,386,2,60282.94
5976,15287,2025-03-14 14:15:25,255,1,3001.4
5977,15292,2025-04-12 07:02:13,273,1,8130.43
5978,15292,2025-04-15 09:05:39,291,1,1193.57
5979,15299,2025-05-28 13:43:17,468,1,141578.31
5980,15305,2025-04-06 15:29:11,182,1,5001.59
5981,15307,2025-03-07 17:25:04,108,1,5270.83
5982,15309,2025-05-28 23:39:46,365,1,13691.92
5983,15312,2025-05-28 18:50:18,258,1,4584.18
5984,15313,2025-03-31 13:25:34,316,3,15150.3
5985,15323,2025-06-09 14:48:30,160,2,27653.06
5986,15323,2025-06-30 10:17:12,229,1,30697.88
5987,15327,2025-05-06 03:06:25,160,2,27653.06
5988,15327,2025-05-17 05:58:56,478,2,75332.7
5989,15329,2025-03-31 21:12:17,123,1,37439.59
5990,15333,2025-03-21 07:11:54,443,1,19089.94
5991,15336,2025-04-12 07:50:25,241,2,22337.64
5992,15341,2025-02-20 06:02:30,415,3,14085.48
5993,15344,2025-04-29 02:59:53,225,1,3052.25
5994,15346,2025-04-04 19:16:17,378,1,15995.17
5995,15348,2025-05-18 19:45:17,190,2,54634.2
5996,15348,2025-05-30 22:12:47,312,1,24505.73
5997,15350,2025-01-20 04:50:06,3,1,10094.67
5998,15351,2025-06-25 18:43:59,416,1,36650.72
5999,15352,2025-05-14 04:05:14,114,1,3834.0
6000,15355,2025-04-05 06:50:55,319,2,59376.98
6001,15359,2025-02-28 14:39:58,15,1,9205.01
6002,15359,2025-03-04 18:07:24,175,1,81468.72
6003,15362,2025-01-21 08:08:12,212,1,105203.42
6004,15362,2025-02-05 12:17:59,393,2,26107.52
6005,15364,2025-02-03 07:37:03,112,1,6810.44
6006,15369,2025-04-15 14:18:52,156,1,8339.09
6007,15370,2025-02-12 19:01:43,321,1,133685.08
6008,15370,2025-03-02 01:49:54,389,1,3219.85
6009,15377,2025-06-09 04:48:15,287,1,5328.56
6010,15379,2025-06-08 17:23:52,500,1,101175.55
6011,15383,2025-01-14 03:07:59,282,2,2226.6
6012,15383,2025-02-17 13:17:57,223,2,22606.14
6013,15387,2025-05-11 22:23:11,46,1,115208.75
6014,15388,2025-05-25 08:30:24,400,1,24109.01
6015,15396,2025-05-11 18:37:03,282,1,1113.3
6016,15399,2025-02-10 21:23:24,454,2,7488.62
6017,15405,2025-05-10 00:13:27,237,1,23121.27
6018,15406,2025-03-31 19:03:07,412,1,2747.39
6019,15410,2025-01-11 16:23:29,110,1,18441.82
6020,15411,2025-01-26 17:13:20,246,2,8971.84
6021,15411,2025-02-02 20:16:19,407,2,2864.2
6022,15413,2025-02-16 02:09:23,375,1,2797.37
6023,15417,2025-04-23 20:43:16,142,2,20574.38
6024,15423,2025-02-01 05:14:38,165,2,3465.06
6025,15423,2025-02-14 22:32:12,326,2,163565.06
6026,15424,2025-04-09 10:27:29,329,1,11214.8
6027,15429,2025-03-24 16:49:39,127,2,75750.84
6028,15431,2025-02-03 11:45:36,462,1,22303.0
6029,15433,2025-03-03 05:56:09,39,1,19720.04
6030,15434,2025-01-10 20:59:48,227,1,1864.51
6031,15437,2025-06-09 16:39:33,53,1,67150.12
6032,15439,2025-05-09 09:21:26,356,1,3337.9
6033,15442,2025-01-29 05:19:13,74,2,48786.72
6034,15445,2025-05-27 05:20:02,13,1,2692.52
6035,15454,2025-05-14 03:50:40,298,1,12693.22
6036,15457,2025-06-10 23:41:38,242,3,27856.17
6037,15459,2025-03-07 14:07:07,422,2,16095.9
6038,15468,2025-06-05 08:50:46,59,1,43466.97
6039,15471,2025-04-28 19:30:38,234,1,69647.59
6040,15473,2025-03-09 02:51:03,91,2,231658.56
6041,15476,2025-05-04 22:29:25,258,2,9168.36
6042,15476,2025-05-15 17:07:19,152,1,7223.67
6043,15478,2025-02-12 13:00:39,233,1,4628.25
6044,15479,2025-05-01 05:59:44,387,1,28854.36
6045,15480,2025-03-05 02:15:28,243,1,2252.58
6046,15486,2025-03-20 23:33:52,67,1,3245.55
6047,15486,2025-04-08 04:02:16,471,3,89856.69
6048,15487,2025-04-17 04:27:22,18,1,1846.66
6049,15487,2025-04-30 14:34:17,186,2,10165.66
6050,15489,2025-03-07 05:19:56,172,1,36415.92
6051,15489,2025-03-11 21:58:39,43,1,11732.3
6052,15489,2025-03-26 01:43:44,234,1,69647.59
6053,15489,2025-04-06 13:16:28,229,1,30697.88
6054,15490,2025-05-26 21:31:43,476,1,2319.27
6055,15494,2025-04-16 04:16:42,84,1,2448.39
6056,15496,2025-01-28 17:14:36,112,1,6810.44
6057,15496,2025-02-16 05:39:38,310,1,1082.78
6058,15496,2025-03-08 13:12:55,356,1,3337.9
6059,15499,2025-02-25 05:05:50,8,1,2149.22
6060,15500,2025-05-06 01:23:06,436,1,18344.93
6061,15503,2025-02-19 17:10:07,288,2,22518.26
6062,15504,2025-05-26 03:38:19,320,1,33560.76
6063,15505,2025-04-04 22:30:40,224,1,14553.13
6064,15505,2025-04-25 21:54:34,34,1,2098.05
6065,15508,2025-05-09 17:42:35,179,1,113736.5
6066,15512,2025-02-14 22:31:52,122,1,24310.52
6067,15516,2025-04-02 19:30:26,165,1,1732.53
6068,15517,2025-06-03 16:03:52,9,2,13145.6
6069,15517,2025-06-17 12:11:23,201,1,13102.72
6070,15517,2025-06-24 18:21:27,473,1,1074.49
6071,15524,2025-02-22 01:15:11,153,1,1050.14
6072,15524,2025-02-27 10:40:28,116,1,13895.24
6073,15532,2025-03-12 18:20:47,251,1,8328.29
6074,15540,2025-02-01 12:58:33,467,2,164023.54
6075,15542,2025-06-27 19:46:51,460,3,123986.01
6076,15543,2025-02-16 11:15:05,470,1,1252.58
6077,15543,2025-03-22 15:35:32,288,1,11259.13
6078,15544,2025-02-24 09:35:23,432,1,16557.1
6079,15545,2025-01-16 17:30:04,87,2,47577.48
6080,15549,2025-03-16 20:13:18,450,2,15002.86
6081,15551,2025-06-02 02:05:40,342,1,11288.79
6082,15551,2025-06-17 00:08:02,179,1,113736.5
6083,15556,2025-05-22 18:21:21,145,2,11507.6
6084,15556,2025-06-12 02:59:13,325,1,13982.87
6085,15561,2025-06-06 18:20:30,362,1,539.2
6086,15563,2025-01-22 12:21:30,23,1,24086.36
6087,15567,2025-04-22 08:30:25,134,1,3801.47
6088,15571,2025-02-23 06:27:22,73,1,3184.93
6089,15575,2025-02-15 01:18:46,428,1,147572.66
6090,15580,2025-02-06 00:29:07,339,1,464.88
6091,15581,2025-03-21 10:20:22,155,1,27789.39
6092,15585,2025-06-06 09:02:07,207,1,30716.03
6093,15585,2025-06-11 17:42:18,401,1,11690.67
6094,15586,2025-04-17 00:20:16,63,1,8572.39
6095,15592,2025-04-18 17:29:14,200,1,7837.57
6096,15594,2025-01-25 07:35:57,430,3,73936.2
6097,15604,2025-03-15 09:26:08,119,1,9009.08
6098,15615,2025-02-19 02:59:48,157,1,103545.76
6099,15622,2025-04-10 20:57:42,29,1,73838.2
6100,15623,2025-04-06 03:33:22,281,1,8575.04
6101,15624,2025-06-26 04:50:36,171,1,15094.37
6102,15631,2025-05-21 17:29:56,294,1,34584.69
6103,15638,2025-06-30 03:37:31,40,1,1173.14
6104,15645,2025-01-21 04:48:34,440,1,3107.23
6105,15646,2025-05-16 12:27:51,181,2,23739.52
6106,15648,2025-01-22 04:46:19,469,1,8458.92
6107,15649,2025-05-29 17:50:56,346,1,14000.92
6108,15650,2025-03-07 01:12:08,306,1,4449.97
6109,15654,2025-01-12 03:19:42,92,1,3738.51
6110,15655,2025-01-24 18:14:37,458,1,50236.06
6111,15658,2025-04-21 23:30:01,95,2,28309.52
6112,15659,2025-04-09 03:32:16,210,1,12877.08
6113,15659,2025-05-09 08:29:20,402,1,19649.25
6114,15660,2025-06-19 06:25:56,120,1,19023.98
6115,15664,2025-05-19 06:42:23,330,1,3233.01
6116,15664,2025-06-09 10:40:20,42,1,35405.28
6117,15666,2025-06-05 20:40:30,273,1,8130.43
6118,15667,2025-02-12 23:01:45,380,1,19492.66
6119,15670,2025-04-12 04:55:18,326,1,81782.53
6120,15678,2025-01-03 11:14:29,16,2,8319.92
6121,15678,2025-01-14 23:49:50,79,1,14294.87
6122,15681,2025-06-29 14:05:52,117,1,1496.44
6123,15683,2025-06-01 11:45:36,241,1,11168.82
6124,15685,2025-06-11 14:34:36,145,3,17261.4
6125,15686,2025-04-22 03:52:08,161,1,49810.77
6126,15688,2025-04-26 01:52:22,78,1,149482.7
6127,15691,2025-02-18 13:16:17,249,2,5457.9
6128,15691,2025-03-09 00:44:11,221,1,14298.27
6129,15694,2025-06-29 04:38:52,385,1,347.25
6130,15695,2025-06-09 09:55:20,376,1,14562.53
6131,15699,2025-04-29 23:32:55,310,1,1082.78
6132,15709,2025-02-25 04:52:51,230,1,3807.27
6133,15709,2025-03-10 16:35:01,146,1,9446.45
6134,15717,2025-01-16 23:42:54,16,1,4159.96
6135,15718,2025-04-07 15:42:09,473,2,2148.98
6136,15719,2025-04-08 19:40:13,153,1,1050.14
6137,15721,2025-02-10 06:46:45,72,1,43803.67
6138,15729,2025-05-13 18:54:32,476,1,2319.27
6139,15730,2025-06-16 04:37:49,352,1,29524.41
6140,15731,2025-06-01 11:47:31,363,2,76052.74
6141,15732,2025-06-21 10:36:37,81,2,95729.76
6142,15735,2025-02-28 04:04:49,181,1,11869.76
6143,15738,2025-02-28 00:46:46,56,1,29155.33
6144,15739,2025-03-05 20:22:02,282,2,2226.6
6145,15740,2025-01-08 03:52:44,146,1,9446.45
6146,15740,2025-01-25 02:24:27,391,2,14962.12
6147,15741,2025-06-14 15:29:07,260,2,27562.32
6148,15742,2025-05-17 18:28:13,167,2,52834.18
6149,15743,2025-04-22 10:33:42,438,1,5413.4
6150,15744,2025-03-28 13:41:54,452,3,53274.78
6151,15745,2025-02-26 00:45:38,138,1,6720.91
6152,15749,2025-04-11 00:36:28,313,2,23499.82
6153,15750,2025-06-21 14:45:31,495,2,26331.9
6154,15751,2025-06-24 13:15:18,204,1,3831.25
6155,15754,2025-06-24 13:18:58,480,1,35487.49
6156,15755,2025-05-26 04:11:16,112,1,6810.44
6157,15755,2025-05-29 05:09:18,408,1,8934.48
6158,15756,2025-06-17 01:33:46,322,1,5485.52
6159,15759,2025-03-25 17:39:35,77,1,70509.53
6160,15760,2025-01-11 01:00:19,353,1,14609.61
6161,15761,2025-05-03 23:06:28,357,1,136130.58
6162,15761,2025-05-20 08:49:21,61,1,102219.65
6163,15763,2025-03-20 06:11:48,342,1,11288.79
6164,15764,2025-03-13 20:10:04,291,1,1193.57
6165,15767,2025-01-05 08:50:24,348,1,11453.57
6166,15771,2025-02-13 02:33:39,75,1,12610.21
6167,15772,2025-03-23 13:06:08,292,1,9786.76
6168,15774,2025-01-02 22:41:12,438,1,5413.4
6169,15775,2025-02-13 03:43:20,430,1,24645.4
6170,15780,2025-05-03 11:47:45,353,3,43828.83
6171,15792,2025-02-19 04:10:13,182,2,10003.18
6172,15793,2025-02-20 08:50:40,441,3,3440.13
6173,15796,2025-04-19 20:48:00,484,1,92913.94
6174,15798,2025-03-13 22:58:02,107,2,23695.14
6175,15798,2025-04-03 14:45:32,164,1,100669.41
6176,15802,2025-04-18 12:02:47,185,1,12990.29
6177,15803,2025-06-10 18:12:51,318,1,19551.59
6178,15806,2025-04-13 07:34:41,121,1,8945.4
6179,15807,2025-06-07 14:04:06,71,1,4426.79
6180,15809,2025-04-09 22:45:24,78,2,298965.4
6181,15810,2025-02-02 08:34:23,87,1,23788.74
6182,15814,2025-04-15 10:58:49,133,1,30464.02
6183,15816,2025-03-25 03:36:53,269,1,115514.93
6184,15822,2025-02-06 06:55:30,309,1,2510.1
6185,15824,2025-01-15 01:00:00,381,2,18953.84
6186,15825,2025-02-13 08:15:34,362,2,1078.4
6187,15825,2025-02-17 18:43:08,174,1,2937.34
6188,15831,2025-02-02 11:06:28,289,2,233045.08
6189,15834,2025-03-09 15:35:46,64,2,46601.06
6190,15835,2025-04-27 02:12:58,367,1,5745.57
6191,15837,2025-02-22 14:07:53,370,1,18904.41
6192,15838,2025-01-31 19:15:59,262,1,37057.19
6193,15840,2025-04-12 00:56:02,3,1,10094.67
6194,15843,2025-06-16 11:26:47,285,1,115911.82
6195,15844,2025-05-20 18:05:35,318,1,19551.59
6196,15845,2025-06-07 06:45:50,190,1,27317.1
6197,15847,2025-03-06 02:16:58,486,1,5773.24
6198,15848,2025-05-29 09:44:51,350,2,8924.94
6199,15850,2025-06-08 07:32:34,478,1,37666.35
6200,15858,2025-06-13 15:07:57,180,1,22619.63
6201,15860,2025-02-02 04:53:57,9,1,6572.8
6202,15862,2025-03-05 13:15:56,161,1,49810.77
6203,15865,2025-02-01 04:47:21,480,1,35487.49
6204,15865,2025-02-14 23:28:27,243,1,2252.58
6205,15867,2025-03-24 17:16:54,86,1,95739.09
6206,15867,2025-04-08 07:54:08,46,2,230417.5
6207,15873,2025-01-18 07:15:31,493,1,17276.96
6208,15876,2025-03-19 19:13:41,450,2,15002.86
6209,15882,2025-04-05 22:28:40,281,2,17150.08
6210,15885,2025-04-08 18:30:24,425,1,14314.74
6211,15892,2025-05-25 03:51:33,466,1,31559.05
6212,15892,2025-06-11 17:28:15,285,1,115911.82
6213,15893,2025-04-23 07:42:34,481,1,3800.46
6214,15896,2025-02-27 01:37:38,136,1,2438.57
6215,15898,2025-01-23 10:41:38,406,1,24419.24
6216,15899,2025-06-20 03:47:23,389,3,9659.55
6217,15903,2025-05-20 03:27:00,441,1,1146.71
6218,15904,2025-06-10 09:29:49,239,1,1734.95
6219,15905,2025-03-28 19:35:50,398,1,9488.31
6220,15906,2025-02-22 23:33:34,290,1,4390.34
6221,15920,2025-05-03 20:18:30,309,1,2510.1
6222,15921,2025-05-21 18:00:02,241,2,22337.64
6223,15924,2025-01-31 17:39:43,31,2,4443.28
6224,15926,2025-03-25 14:25:19,147,1,8701.96
6225,15931,2025-03-25 15:55:25,265,1,7512.87
6226,15932,2025-01-07 11:24:54,450,1,7501.43
6227,15933,2025-05-14 00:50:08,309,2,5020.2
6228,15944,2025-03-09 14:58:08,389,1,3219.85
6229,15944,2025-03-26 05:04:32,216,1,43283.26
6230,15945,2025-02-16 11:57:54,78,1,149482.7
6231,15953,2025-01-31 02:05:15,423,1,19615.97
6232,15955,2025-01-23 08:23:05,377,1,6504.51
6233,15958,2025-03-05 05:36:22,459,1,2696.03
6234,15960,2025-05-22 18:51:53,395,1,30745.93
6235,15963,2025-03-11 12:26:16,167,1,26417.09
6236,15964,2025-06-23 13:22:54,60,1,5108.13
6237,15965,2025-01-11 12:33:58,496,1,31539.91
6238,15965,2025-01-21 01:05:49,219,2,5071.08
6239,15965,2025-01-27 21:18:00,346,1,14000.92
6240,15968,2025-01-25 21:33:41,320,1,33560.76
6241,15969,2025-02-14 02:56:18,480,1,35487.49
6242,15971,2025-05-26 00:45:09,129,1,358.85
6243,15972,2025-03-28 17:08:35,484,3,278741.82
6244,15973,2025-02-18 10:37:28,190,1,27317.1
6245,15978,2025-05-31 10:48:50,160,1,13826.53
6246,15981,2025-02-19 21:24:36,227,1,1864.51
6247,15987,2025-01-29 04:49:22,162,2,13294.06
6248,15989,2025-05-29 11:16:56,411,2,5511.98
6249,15990,2025-01-10 04:23:07,20,1,1778.75
6250,15995,2025-01-29 07:28:50,371,2,47095.06
6251,15999,2025-06-08 05:42:23,449,2,1303.66
6252,15999,2025-06-23 15:21:40,287,1,5328.56
6253,16003,2025-05-11 12:17:54,55,1,24029.51
6254,16005,2025-05-21 22:58:22,209,3,115234.11
6255,16006,2025-03-17 12:13:34,174,1,2937.34
6256,16006,2025-04-04 16:17:23,312,3,73517.19
6257,16010,2025-02-11 11:42:46,154,2,72927.6
6258,16012,2025-04-13 00:37:30,327,1,8222.53
6259,16012,2025-04-24 11:35:18,218,1,94208.34
6260,16021,2025-01-29 09:58:01,237,1,23121.27
6261,16025,2025-05-11 12:15:37,448,2,36988.52
6262,16030,2025-04-05 18:52:27,187,1,43342.31
6263,16034,2025-05-01 14:42:41,377,2,13009.02
6264,16035,2025-05-08 15:11:27,339,1,464.88
6265,16037,2025-03-03 17:24:30,424,1,14170.15
6266,16037,2025-04-01 22:10:20,257,3,7307.52
6267,16038,2025-05-24 14:52:49,13,1,2692.52
6268,16041,2025-02-16 07:27:17,44,1,6132.16
6269,16042,2025-04-17 06:12:16,496,3,94619.73
6270,16043,2025-05-21 13:48:54,311,1,90815.28
6271,16046,2025-01-25 11:29:17,254,2,32119.52
6272,16049,2025-04-24 18:18:02,391,1,7481.06
6273,16051,2025-02-22 12:04:51,20,1,1778.75
6274,16054,2025-06-04 18:33:36,424,3,42510.45
6275,16059,2025-03-09 15:39:45,347,1,26954.74
6276,16059,2025-03-25 07:54:43,195,1,17742.05
6277,16060,2025-06-30 11:52:57,203,1,13023.16
6278,16063,2025-05-04 00:50:57,488,2,65561.16
6279,16074,2025-01-27 22:57:00,273,1,8130.43
6280,16075,2025-02-05 23:23:58,32,1,7276.12
6281,16076,2025-05-17 09:42:39,24,1,1604.34
6282,16077,2025-02-24 03:32:31,214,1,20873.19
6283,16081,2025-01-09 17:57:46,249,1,2728.95
6284,16081,2025-01-31 12:58:49,211,2,62017.4
6285,16083,2025-01-12 15:54:00,390,2,7852.1
6286,16085,2025-05-16 18:25:53,139,1,1008.61
6287,16087,2025-05-25 22:54:39,50,1,9054.04
6288,16096,2025-02-26 02:34:50,492,1,8731.65
6289,16101,2025-04-21 12:38:11,362,3,1617.6
6290,16102,2025-06-02 10:47:24,82,1,12391.54
6291,16102,2025-06-14 11:12:43,373,1,4993.75
6292,16104,2025-04-05 03:42:02,17,1,20450.91
6293,16110,2025-02-02 14:39:57,475,1,11694.47
6294,16110,2025-02-11 20:46:25,187,1,43342.31
6295,16110,2025-02-18 14:28:00,431,1,6259.3
6296,16113,2025-05-12 05:23:24,31,3,6664.92
6297,16118,2025-04-17 18:14:30,122,1,24310.52
6298,16118,2025-05-11 23:21:33,255,1,3001.4
6299,16122,2025-05-27 18:43:44,10,1,3952.37
6300,16126,2025-06-15 18:15:23,477,1,37353.59
6301,16128,2025-02-27 18:52:56,408,2,17868.96
6302,16137,2025-02-16 09:52:05,130,1,16268.89
6303,16138,2025-02-27 14:40:27,284,2,21340.64
6304,16143,2025-02-28 23:05:30,265,1,7512.87
6305,16145,2025-02-23 07:32:56,224,1,14553.13
6306,16148,2025-01-11 07:35:33,283,1,38631.44
6307,16148,2025-01-29 15:00:50,398,2,18976.62
6308,16151,2025-06-17 14:24:58,164,1,100669.41
6309,16152,2025-02-19 01:22:16,4,1,110986.96
6310,16153,2025-05-16 14:17:13,303,1,1454.24
6311,16154,2025-01-24 01:39:51,435,1,4498.66
6312,16155,2025-01-20 21:03:49,51,1,10465.17
6313,16159,2025-05-08 08:00:16,90,2,187029.88
6314,16161,2025-03-08 12:49:09,81,2,95729.76
6315,16162,2025-01-18 07:49:39,132,1,7791.77
6316,16169,2025-03-28 13:53:56,451,1,6674.43
6317,16169,2025-04-08 17:32:08,262,1,37057.19
6318,16177,2025-01-06 17:41:34,387,2,57708.72
6319,16178,2025-06-12 19:50:43,454,1,3744.31
6320,16180,2025-02-15 06:35:40,334,1,4204.59
6321,16181,2025-06-06 03:50:13,158,1,2196.76
6322,16183,2025-02-07 19:46:21,405,1,20089.63
6323,16187,2025-05-11 06:41:08,78,1,149482.7
6324,16187,2025-05-15 03:45:09,193,1,33028.41
6325,16191,2025-05-01 18:49:16,213,1,14323.4
6326,16193,2025-06-22 22:27:52,175,1,81468.72
6327,16194,2025-06-01 01:22:17,379,1,29755.14
6328,16195,2025-05-17 06:10:00,470,1,1252.58
6329,16202,2025-04-29 22:42:15,163,3,22914.57
6330,16205,2025-06-11 03:52:08,233,1,4628.25
6331,16206,2025-04-10 12:31:24,167,1,26417.09
6332,16208,2025-03-11 05:56:40,356,2,6675.8
6333,16208,2025-03-17 10:54:15,372,2,2628.06
6334,16208,2025-03-30 15:02:26,367,1,5745.57
6335,16209,2025-03-08 16:43:52,497,1,4676.48
6336,16215,2025-06-10 02:49:26,51,1,10465.17
6337,16220,2025-06-25 00:55:36,412,1,2747.39
6338,16221,2025-06-05 21:25:27,430,1,24645.4
6339,16229,2025-02-08 18:56:19,342,1,11288.79
6340,16231,2025-02-12 05:08:00,341,1,4466.97
6341,16233,2025-06-20 19:46:47,413,1,24752.33
6342,16237,2025-04-09 21:55:29,258,1,4584.18
6343,16238,2025-05-29 15:23:56,190,1,27317.1
6344,16242,2025-01-12 14:20:41,73,1,3184.93
6345,16250,2025-05-02 09:31:12,174,1,2937.34
6346,16250,2025-05-21 23:25:55,57,2,110200.42
6347,16261,2025-02-09 15:22:48,220,1,2583.92
6348,16262,2025-05-28 02:03:55,117,1,1496.44
6349,16264,2025-01-28 12:02:46,13,1,2692.52
6350,16272,2025-03-16 19:32:47,341,1,4466.97
6351,16275,2025-06-10 01:22:52,290,1,4390.34
6352,16275,2025-06-26 19:16:35,166,1,15176.99
6353,16278,2025-06-18 05:45:12,326,1,81782.53
6354,16280,2025-01-23 07:54:00,137,1,47310.53
6355,16286,2025-01-31 08:49:12,170,1,2620.79
6356,16288,2025-04-28 05:51:34,486,1,5773.24
6357,16290,2025-06-03 03:47:26,485,2,52482.02
6358,16297,2025-03-08 07:12:44,84,1,2448.39
6359,16297,2025-04-05 11:51:59,113,1,7819.25
6360,16308,2025-06-15 08:33:16,341,1,4466.97
6361,16309,2025-02-11 18:01:44,322,1,5485.52
6362,16309,2025-02-18 09:27:57,254,1,16059.76
6363,16312,2025-04-23 21:43:50,209,1,38411.37
6364,16314,2025-02-24 22:19:43,496,2,63079.82
6365,16320,2025-04-17 00:36:11,190,1,27317.1
6366,16320,2025-05-02 03:45:45,229,1,30697.88
6367,16321,2025-02-12 09:57:29,442,2,54055.28
6368,16321,2025-02-23 04:58:30,385,1,347.25
6369,16322,2025-01-16 17:11:16,233,1,4628.25
6370,16324,2025-02-12 05:32:07,32,1,7276.12
6371,16324,2025-03-04 17:07:07,428,1,147572.66
6372,16325,2025-01-27 10:51:06,322,1,5485.52
6373,16327,2025-03-02 21:43:41,461,2,11380.28
6374,16331,2025-06-19 11:24:31,1,1,7205.01
6375,16334,2025-01-02 08:13:04,498,3,41600.4
6376,16337,2025-01-12 07:46:32,361,2,27971.36
6377,16337,2025-01-24 20:10:02,122,1,24310.52
6378,16338,2025-02-17 10:19:26,363,2,76052.74
6379,16339,2025-03-24 07:44:38,411,1,2755.99
6380,16341,2025-02-01 07:54:57,249,1,2728.95
6381,16347,2025-06-21 22:35:03,235,1,42017.2
6382,16349,2025-03-17 04:09:21,89,1,115692.18
6383,16354,2025-06-25 01:48:31,477,1,37353.59
6384,16360,2025-01-23 07:31:11,229,3,92093.64
6385,16360,2025-02-05 19:40:18,127,1,37875.42
6386,16360,2025-02-25 16:22:54,416,1,36650.72
6387,16364,2025-05-01 15:36:38,488,1,32780.58
6388,16373,2025-01-12 17:21:38,458,1,50236.06
6389,16373,2025-02-10 15:41:26,476,2,4638.54
6390,16376,2025-02-11 08:17:43,86,1,95739.09
6391,16376,2025-03-07 05:48:57,114,1,3834.0
6392,16378,2025-04-18 00:12:23,263,2,77977.62
6393,16378,2025-04-24 18:33:05,267,1,20054.79
6394,16383,2025-04-16 08:33:58,324,1,28001.07
6395,16384,2025-01-30 17:30:33,66,1,7734.16
6396,16387,2025-05-22 07:55:44,123,1,37439.59
6397,16394,2025-01-22 17:41:10,488,2,65561.16
6398,16405,2025-01-15 04:11:49,182,2,10003.18
6399,16411,2025-05-26 07:21:45,107,1,11847.57
6400,16413,2025-03-19 07:40:08,275,1,3307.48
6401,16414,2025-02-25 10:37:42,44,1,6132.16
6402,16418,2025-06-04 07:58:09,339,1,464.88
6403,16418,2025-06-25 22:57:53,390,2,7852.1
6404,16420,2025-04-28 07:26:34,138,1,6720.91
6405,16422,2025-01-27 12:35:51,405,1,20089.63
6406,16423,2025-01-23 06:15:10,112,2,13620.88
6407,16424,2025-04-24 17:18:13,285,1,115911.82
6408,16432,2025-02-06 16:47:55,172,1,36415.92
6409,16433,2025-06-14 09:52:55,239,1,1734.95
6410,16434,2025-04-21 18:06:56,429,1,2789.86
6411,16434,2025-04-27 11:40:24,279,1,11780.7
6412,16435,2025-03-29 15:58:53,38,1,12400.94
6413,16438,2025-04-16 21:48:39,302,1,38776.55
6414,16441,2025-03-23 06:02:19,415,1,4695.16
6415,16443,2025-06-05 12:16:05,58,1,33150.95
6416,16443,2025-06-20 08:05:59,269,1,115514.93
6417,16444,2025-05-18 12:48:41,258,1,4584.18
6418,16447,2025-06-19 22:26:59,96,1,1401.59
6419,16450,2025-02-17 02:20:47,492,1,8731.65
6420,16450,2025-03-23 05:37:42,426,1,24723.16
6421,16451,2025-03-16 18:14:53,86,1,95739.09
6422,16452,2025-03-30 06:59:32,69,1,7709.45
6423,16456,2025-04-21 16:01:00,354,2,27786.1
6424,16457,2025-04-06 23:15:51,194,1,1522.19
6425,16457,2025-05-12 14:49:14,189,1,9592.2
6426,16460,2025-06-09 04:15:09,487,2,34249.2
6427,16463,2025-01-18 00:46:37,241,2,22337.64
6428,16464,2025-04-29 19:19:10,144,1,21135.77
6429,16465,2025-05-22 14:48:22,264,1,4577.56
6430,16466,2025-05-08 12:06:35,252,3,17455.77
6431,16471,2025-06-21 03:19:03,481,1,3800.46
6432,16476,2025-02-16 07:35:52,85,3,201814.02
6433,16480,2025-06-27 12:54:14,124,1,4288.14
6434,16485,2025-01-27 00:42:44,495,2,26331.9
6435,16490,2025-03-23 20:20:11,269,1,115514.93
6436,16492,2025-06-21 10:38:51,147,2,17403.92
6437,16495,2025-06-04 09:54:07,294,1,34584.69
6438,16498,2025-03-13 19:54:59,15,1,9205.01
6439,16503,2025-04-21 12:21:44,104,1,19691.24
6440,16510,2025-01-14 18:30:04,452,2,35516.52
6441,16510,2025-01-25 01:37:17,295,1,13255.4
6442,16511,2025-05-26 21:27:00,250,1,20800.98
6443,16516,2025-02-04 08:29:06,132,1,7791.77
6444,16517,2025-03-18 11:04:03,52,1,4983.11
6445,16518,2025-05-30 14:21:29,246,1,4485.92
6446,16520,2025-05-17 16:33:23,8,1,2149.22
6447,16521,2025-04-07 07:01:57,130,2,32537.78
6448,16522,2025-04-01 07:06:21,425,1,14314.74
6449,16523,2025-02-03 20:29:25,132,1,7791.77
6450,16524,2025-05-22 03:27:00,19,1,2770.09
6451,16524,2025-06-06 21:32:03,469,1,8458.92
6452,16528,2025-01-22 07:36:22,12,1,10398.85
6453,16529,2025-05-17 06:24:08,250,2,41601.96
6454,16539,2025-02-18 03:06:28,449,2,1303.66
6455,16545,2025-03-22 01:31:09,479,1,17062.05
6456,16545,2025-04-12 23:38:20,404,1,13845.68
6457,16547,2025-06-10 10:48:57,93,1,5774.03
6458,16547,2025-06-23 01:07:11,142,1,10287.19
6459,16557,2025-04-08 09:49:26,444,1,148248.16
6460,16557,2025-04-27 20:43:45,6,1,4629.86
6461,16561,2025-06-20 04:38:28,75,1,12610.21
6462,16567,2025-02-03 01:06:44,251,1,8328.29
6463,16568,2025-02-17 17:25:04,372,2,2628.06
6464,16578,2025-04-01 09:28:42,14,1,3902.87
6465,16580,2025-04-07 22:04:37,429,1,2789.86
6466,16581,2025-05-22 20:20:24,269,1,115514.93
6467,16585,2025-05-26 22:04:52,480,1,35487.49
6468,16585,2025-06-04 00:42:23,283,2,77262.88
6469,16589,2025-04-28 01:08:27,270,1,514.56
6470,16589,2025-05-19 23:55:48,449,1,651.83
6471,16590,2025-04-15 08:43:17,258,1,4584.18
6472,16593,2025-02-15 20:18:32,382,1,17566.23
6473,16595,2025-02-19 16:04:10,259,1,9549.49
6474,16596,2025-02-22 15:17:11,328,1,7767.1
6475,16596,2025-03-13 03:20:13,372,1,1314.03
6476,16598,2025-04-19 07:58:29,215,2,61806.3
6477,16601,2025-05-28 19:11:28,500,1,101175.55
6478,16602,2025-02-14 19:55:46,401,1,11690.67
6479,16603,2025-04-02 03:52:25,108,1,5270.83
6480,16609,2025-06-16 18:46:28,178,1,122025.22
6481,16609,2025-06-24 20:02:04,455,1,3164.97
6482,16610,2025-05-26 01:25:36,252,1,5818.59
6483,16610,2025-05-31 08:37:49,322,2,10971.04
6484,16618,2025-04-06 21:35:00,419,1,24719.61
6485,16621,2025-05-06 23:32:40,307,2,45516.54
6486,16621,2025-05-28 19:09:23,430,1,24645.4
6487,16625,2025-02-09 02:18:53,45,1,25096.16
6488,16625,2025-02-27 17:55:06,499,1,3999.82
6489,16634,2025-02-10 10:22:37,69,1,7709.45
6490,16634,2025-02-28 16:23:04,490,1,12740.04
6491,16641,2025-01-27 19:05:15,224,1,14553.13
6492,16647,2025-02-01 06:00:02,366,1,9798.21
6493,16648,2025-02-18 02:54:41,135,1,13650.75
6494,16652,2025-06-26 05:14:16,121,3,26836.2
6495,16653,2025-03-22 00:10:34,188,1,631.77
6496,16655,2025-05-08 09:31:16,174,2,5874.68
6497,16656,2025-02-16 06:47:57,165,1,1732.53
6498,16657,2025-05-28 05:31:46,273,1,8130.43
6499,16666,2025-06-08 23:16:58,180,1,22619.63
6500,16669,2025-01-11 13:41:23,313,3,35249.73
6501,16675,2025-05-27 16:15:41,91,1,115829.28
6502,16677,2025-04-02 14:37:15,69,2,15418.9
6503,16677,2025-04-20 04:10:07,492,1,8731.65
6504,16688,2025-01-20 10:23:48,365,1,13691.92
6505,16691,2025-06-24 17:07:08,382,2,35132.46
6506,16693,2025-04-15 00:39:15,29,2,147676.4
6507,16702,2025-04-02 08:16:37,496,1,31539.91
6508,16706,2025-06-15 10:53:10,231,1,2920.42
6509,16706,2025-06-30 16:02:39,110,2,36883.64
6510,16707,2025-01-15 03:11:30,13,1,2692.52
6511,16708,2025-03-14 20:59:03,479,1,17062.05
6512,16709,2025-02-28 09:26:41,351,1,2039.17
6513,16710,2025-01-31 23:31:35,457,1,32494.5
6514,16714,2025-06-24 20:13:14,140,2,99968.1
6515,16715,2025-05-09 13:14:38,421,1,3913.39
6516,16716,2025-02-02 21:48:32,336,1,11769.86
6517,16717,2025-05-20 19:08:20,86,1,95739.09
6518,16719,2025-06-24 06:13:28,202,2,4257.7
6519,16723,2025-05-08 23:35:11,434,2,188449.34
6520,16726,2025-05-27 10:20:07,35,1,3087.93
6521,16728,2025-04-17 07:07:37,62,1,20430.08
6522,16733,2025-04-12 05:35:42,13,1,2692.52
6523,16738,2025-01-26 11:26:03,140,1,49984.05
6524,16738,2025-01-30 00:06:59,164,2,201338.82
6525,16739,2025-03-10 13:08:31,436,1,18344.93
6526,16743,2025-06-19 06:28:18,240,1,29634.73
6527,16743,2025-06-29 20:44:40,116,2,27790.48
6528,16744,2025-04-01 10:27:19,367,2,11491.14
6529,16744,2025-04-10 23:46:22,35,2,6175.86
6530,16748,2025-06-21 14:31:04,326,1,81782.53
6531,16750,2025-03-20 07:54:47,231,1,2920.42
6532,16757,2025-05-09 00:40:50,212,1,105203.42
6533,16757,2025-05-22 13:56:07,153,1,1050.14
6534,16757,2025-06-08 08:08:33,324,1,28001.07
6535,16759,2025-04-10 09:28:24,202,1,2128.85
6536,16763,2025-02-04 05:17:22,187,1,43342.31
6537,16766,2025-03-05 03:44:56,34,1,2098.05
6538,16767,2025-05-26 15:37:11,87,1,23788.74
6539,16770,2025-06-26 19:34:08,31,2,4443.28
6540,16776,2025-03-09 09:43:38,278,1,12926.7
6541,16777,2025-02-25 21:34:06,182,1,5001.59
6542,16779,2025-02-02 06:36:57,375,1,2797.37
6543,16783,2025-03-13 15:56:39,470,1,1252.58
6544,16784,2025-03-21 06:04:04,136,1,2438.57
6545,16791,2025-02-27 17:28:10,43,1,11732.3
6546,16794,2025-06-01 09:05:52,423,3,58847.91
6547,16811,2025-06-29 22:32:10,241,1,11168.82
6548,16812,2025-05-20 13:23:23,494,2,990.74
6549,16812,2025-05-27 17:55:41,188,1,631.77
6550,16814,2025-04-09 21:37:56,403,1,25390.62
6551,16815,2025-03-14 17:51:24,122,1,24310.52
6552,16829,2025-05-14 01:01:30,291,1,1193.57
6553,16830,2025-01-12 23:08:06,110,1,18441.82
6554,16830,2025-02-02 13:56:44,196,1,1179.56
6555,16835,2025-06-03 16:40:53,318,1,19551.59
6556,16838,2025-06-09 07:25:18,109,1,13239.59
6557,16839,2025-04-20 22:09:43,498,2,27733.6
6558,16841,2025-03-06 03:31:12,239,2,3469.9
6559,16843,2025-01-28 10:28:42,312,1,24505.73
6560,16854,2025-04-19 07:31:51,129,1,358.85
6561,16857,2025-03-10 09:07:57,158,1,2196.76
6562,16859,2025-04-04 20:10:31,82,1,12391.54
6563,16860,2025-05-08 03:03:25,442,2,54055.28
6564,16863,2025-06-08 20:23:36,150,2,39612.3
6565,16863,2025-06-29 13:02:24,280,1,16802.32
6566,16864,2025-04-02 11:18:01,49,1,3584.0
6567,16865,2025-01-23 00:40:58,175,1,81468.72
6568,16867,2025-02-15 05:22:20,480,1,35487.49
6569,16868,2025-06-11 01:33:02,240,1,29634.73
6570,16872,2025-03-22 04:29:35,314,1,6987.52
6571,16873,2025-06-02 04:18:23,457,2,64989.0
6572,16873,2025-06-10 13:03:23,428,1,147572.66
6573,16874,2025-03-29 20:20:16,257,3,7307.52
6574,16878,2025-01-25 22:41:49,124,3,12864.42
6575,16882,2025-04-22 22:26:39,135,2,27301.5
6576,16882,2025-04-29 09:58:40,278,1,12926.7
6577,16883,2025-02-14 20:38:19,246,1,4485.92
6578,16883,2025-03-02 03:23:14,417,1,32512.83
6579,16885,2025-05-24 18:47:15,251,1,8328.29
6580,16893,2025-04-21 05:25:27,195,1,17742.05
6581,16895,2025-05-08 09:07:05,222,1,8006.41
6582,16896,2025-02-25 13:22:45,218,2,188416.68
6583,16897,2025-03-11 03:04:15,328,1,7767.1
6584,16899,2025-01-29 03:01:06,346,1,14000.92
6585,16900,2025-04-27 04:59:00,264,1,4577.56
6586,16909,2025-02-22 07:45:03,104,1,19691.24
6587,16912,2025-06-25 04:00:05,314,1,6987.52
6588,16913,2025-01-08 05:10:27,198,1,7794.51
6589,16913,2025-01-25 11:59:31,465,1,17429.18
6590,16915,2025-05-14 06:58:09,195,1,17742.05
6591,16915,2025-05-22 04:06:40,385,1,347.25
6592,16917,2025-02-22 01:48:34,221,1,14298.27
6593,16920,2025-02-15 16:42:21,288,1,11259.13
6594,16921,2025-01-20 00:45:17,29,1,73838.2
6595,16922,2025-02-05 06:42:06,33,1,17762.94
6596,16923,2025-01-24 16:24:23,400,1,24109.01
6597,16924,2025-03-09 12:36:57,369,1,14392.59
6598,16925,2025-03-20 02:47:51,469,1,8458.92
6599,16926,2025-01-23 02:55:38,207,1,30716.03
6600,16933,2025-04-15 22:16:47,258,2,9168.36
6601,16945,2025-03-15 16:27:29,346,2,28001.84
6602,16946,2025-06-03 06:21:55,125,2,40641.9
6603,16950,2025-03-16 00:45:21,359,1,7693.07
6604,16965,2025-06-16 21:39:42,137,2,94621.06
6605,16968,2025-06-02 17:10:25,85,1,67271.34
6606,16970,2025-05-03 18:13:29,436,3,55034.79
6607,16971,2025-02-08 09:13:06,431,1,6259.3
6608,16972,2025-01-17 04:44:41,369,1,14392.59
6609,16975,2025-05-12 22:09:24,257,1,2435.84
6610,16984,2025-05-25 01:03:35,281,2,17150.08
6611,16985,2025-05-26 18:59:37,187,1,43342.31
6612,16985,2025-06-21 11:53:53,405,1,20089.63
6613,16986,2025-03-03 19:07:47,293,1,3662.24
6614,16987,2025-01-10 02:45:19,444,3,444744.48
6615,16994,2025-03-12 06:51:39,68,1,47179.0
6616,16996,2025-06-06 00:40:40,234,1,69647.59
6617,16998,2025-03-23 13:59:41,465,1,17429.18
6618,16998,2025-04-07 15:06:35,276,2,9686.02
6619,17002,2025-01-19 03:17:38,280,2,33604.64
6620,17004,2025-06-11 02:08:29,361,1,13985.68
6621,17005,2025-06-19 09:50:39,92,1,3738.51
6622,17006,2025-01-25 04:23:15,251,2,16656.58
6623,17012,2025-01-15 04:25:28,398,1,9488.31
6624,17014,2025-05-25 10:03:19,56,1,29155.33
6625,17016,2025-04-06 06:46:46,248,1,9420.12
6626,17021,2025-05-07 02:44:10,321,1,133685.08
6627,17023,2025-02-11 18:55:56,202,1,2128.85
6628,17023,2025-03-25 00:53:17,42,1,35405.28
6629,17025,2025-03-17 14:19:48,31,1,2221.64
6630,17027,2025-05-26 13:30:13,34,1,2098.05
6631,17029,2025-01-06 08:36:17,149,1,10316.11
6632,17033,2025-01-05 19:16:43,471,2,59904.46
6633,17033,2025-01-20 08:59:32,99,1,58745.84
6634,17038,2025-06-12 07:55:16,181,2,23739.52
6635,17045,2025-04-05 00:54:57,315,1,33862.07
6636,17045,2025-04-26 03:45:57,319,2,59376.98
6637,17048,2025-04-03 22:53:19,489,1,8331.51
6638,17052,2025-04-15 04:27:28,393,2,26107.52
6639,17054,2025-04-09 00:36:23,480,1,35487.49
6640,17060,2025-03-14 17:43:10,376,1,14562.53
6641,17062,2025-04-18 18:32:19,160,1,13826.53
6642,17062,2025-05-08 16:47:50,375,1,2797.37
6643,17064,2025-02-01 06:17:14,394,1,20682.69
6644,17065,2025-05-18 09:01:38,378,1,15995.17
6645,17071,2025-06-13 09:58:58,21,1,14166.0
6646,17076,2025-05-18 19:11:07,290,1,4390.34
6647,17077,2025-05-04 10:27:29,48,3,16221.72
6648,17079,2025-06-28 12:34:01,353,1,14609.61
6649,17082,2025-02-09 03:33:09,253,1,9261.77
6650,17084,2025-06-15 01:30:04,410,1,90198.25
6651,17090,2025-03-28 01:47:25,129,1,358.85
6652,17093,2025-06-29 19:02:47,113,1,7819.25
6653,17095,2025-05-02 09:59:15,473,3,3223.47
6654,17096,2025-05-06 08:30:14,80,1,124124.35
6655,17102,2025-06-20 17:19:25,214,1,20873.19
6656,17104,2025-05-13 18:32:40,169,1,2636.13
6657,17105,2025-03-30 04:13:30,155,1,27789.39
6658,17111,2025-04-06 22:04:09,397,2,76277.14
6659,17112,2025-04-19 00:39:22,15,1,9205.01
6660,17116,2025-06-17 04:35:14,174,1,2937.34
6661,17122,2025-04-01 19:07:19,96,1,1401.59
6662,17126,2025-05-26 15:30:59,1,1,7205.01
6663,17131,2025-01-09 19:48:20,396,1,110532.21
6664,17135,2025-04-09 23:39:23,205,3,44815.92
6665,17136,2025-02-26 23:22:52,498,1,13866.8
6666,17141,2025-03-04 03:54:37,389,1,3219.85
6667,17143,2025-06-26 03:55:19,289,1,116522.54
6668,17144,2025-06-14 16:09:40,47,1,6372.46
6669,17152,2025-03-23 12:54:19,440,1,3107.23
6670,17153,2025-02-01 06:46:41,448,3,55482.78
6671,17162,2025-06-12 07:51:12,387,2,57708.72
6672,17163,2025-05-25 04:35:11,158,1,2196.76
6673,17163,2025-05-31 01:16:38,264,1,4577.56
6674,17165,2025-03-03 17:38:27,48,1,5407.24
6675,17171,2025-05-08 01:37:29,343,1,71441.06
6676,17174,2025-05-22 08:12:45,379,3,89265.42
6677,17178,2025-01-12 12:34:06,345,3,72738.6
6678,17180,2025-04-26 02:12:16,429,1,2789.86
6679,17190,2025-04-24 13:15:43,433,1,10765.07
6680,17196,2025-06-08 15:46:16,89,1,115692.18
6681,17196,2025-06-12 01:06:02,133,1,30464.02
6682,17203,2025-03-29 20:33:52,493,2,34553.92
6683,17204,2025-06-20 11:57:37,151,1,10165.09
6684,17205,2025-06-20 03:13:04,87,1,23788.74
6685,17206,2025-05-05 23:47:13,33,1,17762.94
6686,17208,2025-03-04 03:03:32,479,1,17062.05
6687,17211,2025-02-14 15:50:50,74,1,24393.36
6688,17214,2025-02-13 02:05:43,450,1,7501.43
6689,17223,2025-01-31 07:34:43,9,2,13145.6
6690,17225,2025-05-29 11:03:33,18,2,3693.32
6691,17228,2025-02-13 16:51:35,411,1,2755.99
6692,17230,2025-03-19 18:41:35,88,1,38903.03
6693,17234,2025-01-29 04:50:37,483,1,43632.67
6694,17235,2025-04-02 09:13:52,326,1,81782.53
6695,17238,2025-06-14 10:51:58,81,2,95729.76
6696,17244,2025-02-16 00:37:29,66,1,7734.16
6697,17244,2025-03-06 22:15:46,68,1,47179.0
6698,17248,2025-06-22 06:00:18,351,1,2039.17
6699,17249,2025-02-18 18:38:10,349,2,24083.86
6700,17249,2025-02-27 13:57:04,455,2,6329.94
6701,17249,2025-03-25 15:29:17,320,1,33560.76
6702,17255,2025-06-06 09:08:25,500,1,101175.55
6703,17257,2025-05-29 01:29:11,206,1,23007.56
6704,17259,2025-02-23 06:30:56,277,1,134439.28
6705,17261,2025-02-09 00:07:26,41,1,8500.67
6706,17269,2025-05-04 08:05:19,19,1,2770.09
6707,17271,2025-02-27 20:20:33,138,1,6720.91
6708,17272,2025-01-28 20:08:46,178,1,122025.22
6709,17276,2025-06-24 11:55:56,466,1,31559.05
6710,17277,2025-02-12 04:17:47,121,1,8945.4
6711,17282,2025-03-26 00:54:07,154,2,72927.6
6712,17285,2025-02-11 15:24:16,415,2,9390.32
6713,17286,2025-04-08 01:04:27,22,1,12590.38
6714,17289,2025-06-07 00:06:56,138,1,6720.91
6715,17290,2025-01-05 12:35:37,284,1,10670.32
6716,17291,2025-03-29 02:52:33,389,1,3219.85
6717,17296,2025-02-17 06:14:12,9,1,6572.8
6718,17296,2025-03-08 00:05:55,2,3,58710.0
6719,17306,2025-02-15 19:17:46,126,1,15953.08
6720,17308,2025-03-03 20:14:41,175,1,81468.72
6721,17311,2025-02-28 06:26:25,424,1,14170.15
6722,17315,2025-05-01 15:12:11,392,1,3931.31
6723,17319,2025-03-11 21:28:22,35,1,3087.93
6724,17320,2025-03-21 08:46:52,305,1,2454.31
6725,17326,2025-02-01 15:26:01,50,1,9054.04
6726,17329,2025-02-20 22:22:19,108,1,5270.83
6727,17329,2025-03-10 17:43:05,212,1,105203.42
6728,17336,2025-01-19 22:26:06,336,2,23539.72
6729,17346,2025-02-13 21:18:54,439,2,70346.04
6730,17349,2025-02-10 06:01:18,80,1,124124.35
6731,17351,2025-01-20 06:50:33,9,1,6572.8
6732,17354,2025-01-31 01:38:24,357,2,272261.16
6733,17357,2025-04-25 22:29:40,447,2,2976.72
6734,17358,2025-02-15 12:36:52,221,1,14298.27
6735,17360,2025-03-12 15:17:58,311,1,90815.28
6736,17363,2025-05-07 12:48:18,170,1,2620.79
6737,17367,2025-06-10 02:23:51,473,1,1074.49
6738,17367,2025-06-28 18:42:55,270,1,514.56
6739,17369,2025-03-26 02:48:50,222,1,8006.41
6740,17369,2025-03-31 17:16:36,125,1,20320.95
6741,17369,2025-04-17 11:40:14,133,1,30464.02
6742,17377,2025-05-20 07:30:30,102,2,51584.02
6743,17380,2025-06-01 04:50:15,422,1,8047.95
6744,17382,2025-03-19 22:02:10,92,1,3738.51
6745,17383,2025-01-31 23:12:41,15,1,9205.01
6746,17385,2025-06-11 05:46:35,276,3,14529.03
6747,17388,2025-03-09 13:28:12,56,1,29155.33
6748,17389,2025-02-03 13:34:19,478,1,37666.35
6749,17389,2025-02-06 15:49:23,221,1,14298.27
6750,17393,2025-04-06 20:08:58,264,1,4577.56
6751,17407,2025-03-25 06:39:38,369,2,28785.18
6752,17407,2025-04-13 00:06:58,16,1,4159.96
6753,17408,2025-02-08 07:05:48,366,2,19596.42
6754,17409,2025-04-28 20:21:52,145,1,5753.8
6755,17411,2025-03-14 06:51:12,104,1,19691.24
6756,17413,2025-06-13 08:28:19,359,2,15386.14
6757,17414,2025-06-09 23:45:49,459,1,2696.03
6758,17417,2025-02-05 18:08:26,219,2,5071.08
6759,17418,2025-06-29 06:21:01,395,1,30745.93
6760,17425,2025-04-28 18:27:52,286,1,3189.98
6761,17427,2025-06-21 02:41:46,226,2,2920.68
6762,17440,2025-03-18 04:13:48,218,2,188416.68
6763,17441,2025-02-18 23:45:37,29,1,73838.2
6764,17442,2025-01-15 22:44:14,243,1,2252.58
6765,17444,2025-05-09 02:17:24,356,1,3337.9
6766,17450,2025-03-11 09:50:04,421,1,3913.39
6767,17453,2025-05-21 21:21:42,106,1,4353.63
6768,17457,2025-03-05 16:23:33,172,2,72831.84
6769,17460,2025-06-05 11:01:18,151,2,20330.18
6770,17461,2025-03-11 17:18:15,410,2,180396.5
6771,17471,2025-03-23 20:54:06,309,1,2510.1
6772,17472,2025-01-25 04:59:06,98,1,12583.05
6773,17474,2025-02-26 20:36:55,426,1,24723.16
6774,17475,2025-06-10 16:12:28,91,1,115829.28
6775,17477,2025-06-22 05:58:13,368,2,99954.88
6776,17480,2025-05-12 23:59:35,479,1,17062.05
6777,17481,2025-02-03 04:38:35,368,1,49977.44
6778,17481,2025-03-04 22:01:51,320,1,33560.76
6779,17482,2025-05-07 22:05:31,436,2,36689.86
6780,17482,2025-06-13 12:24:51,467,1,82011.77
6781,17484,2025-05-07 05:16:23,96,2,2803.18
6782,17485,2025-03-23 00:06:17,260,1,13781.16
6783,17491,2025-03-07 18:59:52,444,1,148248.16
6784,17491,2025-03-26 13:38:27,128,1,7580.95
6785,17492,2025-02-08 03:24:42,124,1,4288.14
6786,17499,2025-03-08 00:01:33,480,1,35487.49
6787,17499,2025-03-25 11:27:48,1,1,7205.01
6788,17499,2025-04-04 02:11:30,227,1,1864.51
6789,17501,2025-01-24 11:09:09,181,1,11869.76
6790,17502,2025-01-27 00:08:39,400,1,24109.01
6791,17502,2025-02-07 14:12:41,368,2,99954.88
6792,17504,2025-02-19 21:41:51,223,3,33909.21
6793,17508,2025-03-17 00:08:27,203,1,13023.16
6794,17516,2025-06-16 03:11:51,217,1,3789.89
6795,17517,2025-04-27 22:35:40,236,1,19589.44
6796,17517,2025-05-12 16:12:43,462,1,22303.0
6797,17517,2025-05-19 13:16:39,430,1,24645.4
6798,17522,2025-01-26 05:59:53,354,2,27786.1
6799,17525,2025-01-29 18:01:56,217,1,3789.89
6800,17526,2025-06-24 02:15:27,225,1,3052.25
6801,17535,2025-04-29 04:25:44,424,1,14170.15
6802,17536,2025-01-20 07:45:31,116,1,13895.24
6803,17539,2025-03-22 03:38:58,177,2,12015.76
6804,17541,2025-02-28 06:38:22,464,2,56521.26
6805,17543,2025-03-10 18:12:19,293,1,3662.24
6806,17545,2025-03-10 19:28:23,448,1,18494.26
6807,17548,2025-05-03 23:08:52,420,1,3770.66
6808,17551,2025-05-13 20:41:24,298,1,12693.22
6809,17552,2025-04-30 03:44:11,320,1,33560.76
6810,17553,2025-01-11 17:58:09,128,2,15161.9
6811,17554,2025-04-12 15:39:45,262,2,74114.38
6812,17554,2025-04-29 10:07:14,416,1,36650.72
6813,17555,2025-03-16 00:14:42,250,2,41601.96
6814,17558,2025-04-07 17:16:56,399,2,35454.18
6815,17560,2025-05-08 16:03:26,229,1,30697.88
6816,17566,2025-02-22 16:13:05,310,1,1082.78
6817,17568,2025-02-16 20:20:10,112,1,6810.44
6818,17570,2025-06-11 18:52:59,357,1,136130.58
6819,17572,2025-02-03 02:27:41,274,1,21627.09
6820,17580,2025-02-06 06:12:55,184,1,2970.14
6821,17584,2025-06-25 06:32:15,73,1,3184.93
6822,17585,2025-06-29 19:36:49,15,1,9205.01
6823,17589,2025-05-03 19:48:57,358,1,8037.68
6824,17590,2025-01-08 23:26:37,120,1,19023.98
6825,17591,2025-05-14 21:05:00,227,1,1864.51
6826,17596,2025-06-02 08:38:58,56,1,29155.33
6827,17596,2025-06-08 02:10:58,480,1,35487.49
6828,17597,2025-01-09 09:18:32,24,2,3208.68
6829,17599,2025-01-13 02:37:01,181,1,11869.76
6830,17600,2025-03-02 00:30:48,211,1,31008.7
6831,17603,2025-03-25 18:51:41,98,1,12583.05
6832,17603,2025-04-14 18:59:52,61,1,102219.65
6833,17607,2025-06-08 22:59:30,305,2,4908.62
6834,17609,2025-02-25 07:06:36,223,1,11303.07
6835,17611,2025-02-06 03:25:53,211,1,31008.7
6836,17614,2025-04-27 11:18:31,270,1,514.56
6837,17614,2025-05-02 16:51:37,86,2,191478.18
6838,17614,2025-05-23 00:41:05,8,1,2149.22
6839,17616,2025-02-13 00:38:41,406,1,24419.24
6840,17618,2025-03-27 12:17:27,362,1,539.2
6841,17619,2025-06-24 02:11:40,433,1,10765.07
6842,17623,2025-06-29 04:24:33,66,2,15468.32
6843,17629,2025-05-11 06:49:44,23,1,24086.36
6844,17641,2025-05-29 04:53:13,294,1,34584.69
6845,17641,2025-06-15 10:32:05,162,2,13294.06
6846,17642,2025-04-05 08:26:51,280,1,16802.32
6847,17642,2025-04-21 20:32:30,286,2,6379.96
6848,17643,2025-03-14 15:44:57,84,1,2448.39
6849,17644,2025-01-21 07:26:00,382,1,17566.23
6850,17644,2025-01-28 01:39:49,222,1,8006.41
6851,17646,2025-05-30 01:45:34,61,1,102219.65
6852,17646,2025-06-14 14:40:29,118,1,2075.07
6853,17647,2025-03-21 12:45:41,463,1,6385.22
6854,17649,2025-01-24 14:39:57,281,1,8575.04
6855,17650,2025-03-13 21:41:56,191,2,73536.04
6856,17655,2025-05-10 13:06:58,16,1,4159.96
6857,17657,2025-05-24 09:35:50,304,1,149568.6
6858,17658,2025-06-19 21:50:37,184,1,2970.14
6859,17659,2025-02-10 15:17:17,334,1,4204.59
6860,17660,2025-05-27 02:11:50,79,1,14294.87
6861,17661,2025-02-08 19:02:47,315,1,33862.07
6862,17661,2025-03-04 08:46:16,398,1,9488.31
6863,17663,2025-04-27 05:28:38,67,1,3245.55
6864,17664,2025-01-29 09:48:31,315,2,67724.14
6865,17670,2025-06-19 23:34:02,276,1,4843.01
6866,17671,2025-03-19 14:44:54,429,1,2789.86
6867,17675,2025-03-15 01:17:50,287,1,5328.56
6868,17676,2025-02-13 15:37:56,297,1,17729.74
6869,17678,2025-05-09 13:07:47,264,1,4577.56
6870,17684,2025-05-31 19:05:12,299,3,27556.32
6871,17685,2025-03-09 21:18:06,81,1,47864.88
6872,17686,2025-05-31 04:26:50,206,1,23007.56
6873,17688,2025-05-21 04:25:40,66,1,7734.16
6874,17693,2025-06-30 14:55:17,45,1,25096.16
6875,17702,2025-04-11 13:30:05,324,1,28001.07
6876,17710,2025-02-25 02:25:44,320,1,33560.76
6877,17714,2025-04-26 18:26:49,378,1,15995.17
6878,17715,2025-05-06 06:16:53,469,1,8458.92
6879,17718,2025-05-04 21:06:00,359,1,7693.07
6880,17721,2025-06-11 12:50:30,130,2,32537.78
6881,17726,2025-04-03 01:28:23,288,1,11259.13
6882,17729,2025-01-26 11:00:25,236,2,39178.88
6883,17732,2025-04-26 11:56:24,434,1,94224.67
6884,17735,2025-02-28 09:27:13,458,1,50236.06
6885,17740,2025-03-13 17:04:38,134,1,3801.47
6886,17740,2025-04-09 07:13:56,416,1,36650.72
6887,17745,2025-04-27 08:28:13,486,1,5773.24
6888,17746,2025-03-25 06:49:45,71,1,4426.79
6889,17747,2025-04-29 05:21:26,472,1,47216.19
6890,17747,2025-05-06 12:24:07,214,1,20873.19
6891,17750,2025-03-30 04:02:46,395,1,30745.93
6892,17755,2025-05-13 10:22:02,482,1,24845.6
6893,17757,2025-06-13 15:53:26,392,1,3931.31
6894,17758,2025-03-31 01:16:56,275,2,6614.96
6895,17758,2025-04-13 11:50:23,365,2,27383.84
6896,17759,2025-02-25 05:52:28,44,2,12264.32
6897,17762,2025-03-20 07:18:57,379,1,29755.14
6898,17762,2025-04-08 19:41:28,408,1,8934.48
6899,17762,2025-05-04 19:01:25,97,1,623.51
6900,17764,2025-04-27 22:30:05,356,1,3337.9
6901,17764,2025-06-02 05:56:48,276,2,9686.02
6902,17767,2025-05-16 18:49:07,484,1,92913.94
6903,17772,2025-06-10 09:16:56,422,1,8047.95
6904,17774,2025-05-07 00:06:59,113,1,7819.25
6905,17779,2025-01-12 11:39:20,388,1,37608.5
6906,17784,2025-03-05 20:07:40,177,1,6007.88
6907,17786,2025-05-11 05:36:24,294,1,34584.69
6908,17789,2025-02-27 20:47:53,411,2,5511.98
6909,17798,2025-02-19 18:00:10,121,1,8945.4
6910,17800,2025-06-13 01:58:17,183,1,5734.14
6911,17801,2025-06-21 01:40:35,238,1,20295.06
6912,17801,2025-06-27 20:33:20,138,1,6720.91
6913,17803,2025-02-25 19:45:39,398,1,9488.31
6914,17805,2025-02-10 10:47:57,146,1,9446.45
6915,17810,2025-06-05 02:19:16,484,1,92913.94
6916,17818,2025-02-12 22:28:40,390,2,7852.1
6917,17818,2025-03-07 21:45:42,57,1,55100.21
6918,17820,2025-06-27 12:31:08,225,1,3052.25
6919,17825,2025-03-02 07:07:49,459,1,2696.03
6920,17832,2025-05-16 12:45:41,165,1,1732.53
6921,17836,2025-03-18 07:06:07,322,1,5485.52
6922,17841,2025-05-27 01:57:42,92,1,3738.51
6923,17842,2025-04-18 03:35:06,167,1,26417.09
6924,17846,2025-02-07 09:51:16,168,1,9504.82
6925,17847,2025-02-28 19:09:33,469,1,8458.92
6926,17850,2025-02-04 10:01:56,372,1,1314.03
6927,17855,2025-05-03 20:48:26,395,1,30745.93
6928,17860,2025-04-19 08:58:49,195,1,17742.05
6929,17861,2025-06-19 03:48:38,259,1,9549.49
6930,17865,2025-01-23 18:54:15,118,1,2075.07
6931,17867,2025-01-19 02:12:52,344,1,21107.94
6932,17869,2025-05-20 01:15:27,293,1,3662.24
6933,17872,2025-04-06 09:11:42,418,1,16621.38
6934,17874,2025-04-18 18:42:27,493,2,34553.92
6935,17874,2025-05-06 15:34:44,179,1,113736.5
6936,17880,2025-02-05 14:53:50,276,3,14529.03
6937,17887,2025-05-26 23:24:03,484,1,92913.94
6938,17888,2025-03-24 17:33:51,345,2,48492.4
6939,17890,2025-02-19 21:42:07,349,1,12041.93
6940,17897,2025-06-24 14:41:59,219,3,7606.62
6941,17902,2025-06-24 21:53:43,417,2,65025.66
6942,17905,2025-05-16 08:39:19,174,2,5874.68
6943,17908,2025-06-25 04:06:39,280,2,33604.64
6944,17916,2025-05-29 08:48:39,60,1,5108.13
6945,17930,2025-06-07 04:24:28,330,1,3233.01
6946,17931,2025-05-23 11:03:39,411,1,2755.99
6947,17933,2025-03-11 18:42:33,197,2,2216.38
6948,17933,2025-03-27 17:57:08,131,1,10203.73
6949,17935,2025-06-01 02:08:33,276,1,4843.01
6950,17936,2025-01-31 14:47:30,137,1,47310.53
6951,17939,2025-03-29 09:53:56,378,1,15995.17
6952,17942,2025-03-24 14:38:26,141,1,78006.44
6953,17947,2025-06-27 07:34:20,42,1,35405.28
6954,17949,2025-05-17 05:29:19,406,1,24419.24
6955,17952,2025-02-06 16:48:28,460,1,41328.67
6956,17952,2025-02-15 08:49:14,473,1,1074.49
6957,17952,2025-02-20 00:21:23,206,2,46015.12
6958,17953,2025-02-28 04:38:07,339,3,1394.64
6959,17954,2025-06-26 23:21:24,220,1,2583.92
6960,17955,2025-05-12 22:41:18,214,1,20873.19
6961,17955,2025-06-13 13:32:19,409,1,6296.47
6962,17958,2025-03-17 01:12:10,312,2,49011.46
6963,17963,2025-03-05 06:18:13,28,2,20497.72
6964,17963,2025-03-14 22:04:56,289,1,116522.54
6965,17963,2025-03-22 19:38:12,109,1,13239.59
6966,17969,2025-03-19 21:55:36,195,1,17742.05
6967,17970,2025-06-29 15:15:29,368,1,49977.44
6968,17972,2025-01-31 16:50:22,485,1,26241.01
6969,17975,2025-04-06 23:10:51,317,1,2354.88
6970,17976,2025-05-08 04:05:15,97,1,623.51
6971,17977,2025-06-14 09:51:32,45,1,25096.16
6972,17978,2025-06-21 18:58:54,457,2,64989.0
6973,17982,2025-01-09 12:27:43,287,1,5328.56
6974,17984,2025-05-14 23:12:01,50,1,9054.04
6975,17987,2025-05-20 13:57:44,158,2,4393.52
6976,17991,2025-05-09 03:04:15,493,1,17276.96
6977,17993,2025-05-12 21:42:40,318,1,19551.59
6978,18000,2025-03-21 17:10:36,426,1,24723.16
6979,18001,2025-01-05 18:56:57,349,1,12041.93
6980,18002,2025-05-07 01:56:03,367,1,5745.57
6981,18002,2025-05-12 15:31:05,374,1,10459.29
6982,18002,2025-05-29 03:40:21,356,1,3337.9
6983,18005,2025-02-27 08:21:39,57,1,55100.21
6984,18007,2025-05-10 18:22:34,265,1,7512.87
6985,18009,2025-01-18 07:41:17,40,2,2346.28
6986,18009,2025-01-28 00:58:21,73,1,3184.93
6987,18011,2025-03-13 14:47:54,300,1,11130.88
6988,18016,2025-06-29 14:34:14,319,1,29688.49
6989,18022,2025-06-27 14:38:31,364,1,4874.98
6990,18026,2025-05-06 02:51:59,486,1,5773.24
6991,18027,2025-05-10 19:50:57,499,1,3999.82
6992,18034,2025-01-31 02:53:56,340,1,86475.35
6993,18034,2025-02-19 10:07:43,381,1,9476.92
6994,18036,2025-02-11 10:22:47,497,1,4676.48
6995,18041,2025-03-18 09:28:36,2,1,19570.0
6996,18042,2025-02-19 15:18:41,188,1,631.77
6997,18045,2025-03-17 00:24:24,290,1,4390.34
6998,18045,2025-03-21 20:11:05,296,2,216254.82
6999,18049,2025-05-22 00:50:44,462,1,22303.0
7000,18051,2025-03-24 13:07:03,418,1,16621.38
7001,18052,2025-04-01 00:32:31,52,1,4983.11
7002,18052,2025-04-14 04:26:06,457,2,64989.0
7003,18052,2025-04-17 20:56:54,346,1,14000.92
7004,18054,2025-01-27 10:19:47,98,1,12583.05
7005,18058,2025-03-01 09:17:02,352,1,29524.41
7006,18058,2025-03-04 22:29:15,337,1,138096.58
7007,18058,2025-03-09 16:50:56,322,1,5485.52
7008,18060,2025-03-09 10:59:29,10,3,11857.11
7009,18060,2025-03-27 00:25:07,355,1,4384.45
7010,18062,2025-05-04 04:02:05,86,1,95739.09
7011,18062,2025-05-17 11:50:56,45,1,25096.16
7012,18065,2025-06-20 12:11:26,447,1,1488.36
7013,18067,2025-06-09 15:05:05,181,1,11869.76
7014,18069,2025-02-04 04:05:50,466,1,31559.05
7015,18071,2025-06-13 01:46:02,45,1,25096.16
7016,18073,2025-02-25 08:35:42,411,1,2755.99
7017,18075,2025-04-05 11:48:47,286,2,6379.96
7018,18075,2025-04-11 12:23:45,349,1,12041.93
7019,18075,2025-04-23 09:30:21,384,2,8027.06
7020,18079,2025-03-04 15:07:04,218,1,94208.34
7021,18081,2025-03-15 18:13:55,278,1,12926.7
7022,18082,2025-04-28 05:32:16,117,1,1496.44
7023,18083,2025-05-03 14:28:14,168,2,19009.64
7024,18086,2025-02-08 14:16:58,237,1,23121.27
7025,18086,2025-03-07 14:29:06,143,1,13152.69
7026,18088,2025-06-01 05:35:16,422,2,16095.9
7027,18088,2025-06-14 21:09:21,98,1,12583.05
7028,18090,2025-06-26 00:14:29,374,2,20918.58
7029,18091,2025-03-26 23:28:38,296,1,108127.41
7030,18091,2025-05-09 22:01:28,472,1,47216.19
7031,18092,2025-01-26 01:42:09,41,1,8500.67
7032,18092,2025-02-12 16:39:12,429,1,2789.86
7033,18093,2025-02-03 11:45:20,150,1,19806.15
7034,18095,2025-03-30 19:05:09,171,1,15094.37
7035,18096,2025-05-25 05:14:55,109,1,13239.59
7036,18098,2025-04-15 20:35:51,434,1,94224.67
7037,18098,2025-04-20 03:02:02,352,1,29524.41
7038,18102,2025-04-02 02:52:10,44,1,6132.16
7039,18106,2025-04-06 18:34:36,221,1,14298.27
7040,18110,2025-06-27 10:06:49,24,1,1604.34
7041,18111,2025-05-03 22:29:20,24,1,1604.34
7042,18111,2025-05-21 22:55:00,412,1,2747.39
7043,18112,2025-01-06 18:11:56,93,1,5774.03
7044,18112,2025-01-18 10:20:05,419,2,49439.22
7045,18114,2025-04-11 04:23:56,160,1,13826.53
7046,18116,2025-05-27 16:50:30,393,2,26107.52
7047,18118,2025-05-03 05:01:09,158,1,2196.76
7048,18118,2025-05-23 23:12:44,28,1,10248.86
7049,18120,2025-03-28 22:19:45,384,1,4013.53
7050,18122,2025-02-18 10:01:40,19,2,5540.18
7051,18123,2025-04-30 20:54:12,335,3,18600.63
7052,18125,2025-03-21 05:18:35,402,1,19649.25
7053,18126,2025-02-01 04:54:05,332,1,502.68
7054,18130,2025-04-23 10:14:39,279,1,11780.7
7055,18131,2025-06-21 09:27:07,257,3,7307.52
7056,18133,2025-01-14 04:57:49,54,1,4159.48
7057,18138,2025-04-01 17:44:22,126,1,15953.08
7058,18138,2025-04-16 21:37:24,95,1,14154.76
7059,18142,2025-06-07 22:08:39,471,1,29952.23
7060,18143,2025-06-12 23:47:41,159,1,30772.13
7061,18150,2025-02-01 07:11:29,465,1,17429.18
7062,18151,2025-02-23 21:51:55,402,3,58947.75
7063,18156,2025-05-16 08:33:20,227,1,1864.51
7064,18156,2025-06-09 02:03:57,370,1,18904.41
7065,18159,2025-03-01 21:02:47,97,1,623.51
7066,18161,2025-04-04 02:38:15,322,1,5485.52
7067,18166,2025-01-31 08:34:05,494,1,495.37
7068,18172,2025-05-20 05:19:51,447,1,1488.36
7069,18172,2025-06-06 16:44:52,497,2,9352.96
7070,18173,2025-01-18 10:33:13,137,1,47310.53
7071,18173,2025-01-27 10:02:10,452,2,35516.52
7072,18173,2025-02-17 23:01:36,306,3,13349.91
7073,18174,2025-05-18 13:26:11,333,1,4180.46
7074,18177,2025-02-07 03:07:45,325,2,27965.74
7075,18179,2025-06-07 17:08:40,445,3,5244.51
7076,18182,2025-02-13 08:32:55,64,1,23300.53
7077,18184,2025-05-13 04:15:05,378,2,31990.34
7078,18190,2025-03-02 07:41:55,79,2,28589.74
7079,18199,2025-01-15 03:24:39,289,1,116522.54
7080,18203,2025-06-27 11:20:13,64,1,23300.53
7081,18205,2025-04-12 02:40:25,389,1,3219.85
7082,18205,2025-04-16 17:25:39,179,2,227473.0
7083,18216,2025-01-12 18:56:31,171,1,15094.37
7084,18216,2025-02-02 02:45:03,19,1,2770.09
7085,18218,2025-02-12 02:12:20,335,2,12400.42
7086,18222,2025-02-12 08:48:38,122,1,24310.52
7087,18228,2025-02-27 12:27:47,238,1,20295.06
7088,18229,2025-06-23 03:45:13,58,1,33150.95
7089,18231,2025-06-09 00:58:37,487,1,17124.6
7090,18239,2025-06-04 00:09:07,271,1,35581.83
7091,18240,2025-01-08 10:32:10,44,1,6132.16
7092,18241,2025-02-18 17:06:17,133,1,30464.02
7093,18242,2025-02-04 05:28:36,382,3,52698.69
7094,18248,2025-04-13 13:46:28,389,1,3219.85
7095,18251,2025-04-18 18:07:02,271,2,71163.66
7096,18253,2025-04-23 10:30:06,106,1,4353.63
7097,18259,2025-04-26 07:06:18,206,1,23007.56
7098,18260,2025-04-06 09:46:37,421,1,3913.39
7099,18262,2025-05-11 07:00:14,353,1,14609.61
7100,18263,2025-03-02 18:40:13,443,1,19089.94
7101,18265,2025-03-30 02:18:20,150,2,39612.3
7102,18269,2025-04-04 11:12:00,160,1,13826.53
7103,18271,2025-06-10 20:37:14,121,2,17890.8
7104,18277,2025-01-27 21:57:02,268,2,14775.66
7105,18278,2025-04-27 11:52:27,243,2,4505.16
7106,18279,2025-03-18 03:02:52,2,2,39140.0
7107,18281,2025-05-07 08:37:11,456,1,19874.65
7108,18281,2025-05-22 11:20:51,53,2,134300.24
7109,18283,2025-01-10 04:08:46,245,1,15399.15
7110,18285,2025-05-08 18:57:26,51,2,20930.34
7111,18289,2025-04-16 14:53:52,150,1,19806.15
7112,18292,2025-06-29 07:34:34,389,1,3219.85
7113,18293,2025-03-11 18:19:57,282,2,2226.6
7114,18296,2025-06-22 11:22:23,309,1,2510.1
7115,18304,2025-06-19 21:25:54,334,2,8409.18
7116,18309,2025-06-28 07:08:49,371,1,23547.53
7117,18314,2025-01-14 15:48:34,33,3,53288.82
7118,18315,2025-02-06 00:35:51,26,2,21802.26
7119,18315,2025-02-15 02:17:54,279,1,11780.7
7120,18328,2025-02-24 08:26:21,17,1,20450.91
7121,18330,2025-05-29 02:15:21,464,1,28260.63
7122,18342,2025-05-12 05:28:22,385,1,347.25
7123,18346,2025-05-25 13:52:24,278,1,12926.7
7124,18347,2025-04-23 03:04:29,296,1,108127.41
7125,18348,2025-06-07 14:13:05,497,1,4676.48
7126,18350,2025-04-20 11:26:36,53,2,134300.24
7127,18351,2025-02-21 22:55:31,129,1,358.85
7128,18351,2025-03-15 17:48:20,458,1,50236.06
7129,18353,2025-06-24 08:45:04,245,1,15399.15
7130,18354,2025-03-05 01:25:37,449,1,651.83
7131,18356,2025-04-26 02:09:27,214,1,20873.19
7132,18359,2025-05-22 23:13:38,22,1,12590.38
7133,18363,2025-01-23 02:43:02,484,2,185827.88
7134,18366,2025-05-26 09:39:21,261,1,19158.19
7135,18369,2025-01-19 07:00:16,212,1,105203.42
7136,18371,2025-01-28 08:30:34,127,1,37875.42
7137,18372,2025-05-02 00:24:26,159,2,61544.26
7138,18376,2025-06-30 23:42:10,135,1,13650.75
7139,18383,2025-02-22 23:19:05,385,1,347.25
7140,18387,2025-02-18 09:58:16,353,2,29219.22
7141,18387,2025-03-11 11:15:30,118,1,2075.07
7142,18392,2025-04-18 02:00:20,131,1,10203.73
7143,18392,2025-05-06 17:57:29,199,1,130009.3
7144,18393,2025-06-29 22:55:33,238,1,20295.06
7145,18395,2025-02-28 01:41:24,461,1,5690.14
7146,18397,2025-02-21 00:15:07,73,1,3184.93
7147,18399,2025-01-20 17:41:35,492,1,8731.65
7148,18401,2025-05-27 04:05:28,265,1,7512.87
7149,18402,2025-01-16 16:12:14,138,3,20162.73
7150,18402,2025-02-05 06:49:55,183,1,5734.14
7151,18407,2025-05-04 07:23:42,292,1,9786.76
7152,18409,2025-01-07 18:29:33,369,1,14392.59
7153,18410,2025-06-29 12:05:19,114,1,3834.0
7154,18413,2025-01-22 22:31:46,157,1,103545.76
7155,18417,2025-02-03 12:02:13,39,1,19720.04
7156,18419,2025-05-19 07:26:54,487,1,17124.6
7157,18423,2025-02-22 10:21:42,241,2,22337.64
7158,18425,2025-04-09 03:32:58,361,1,13985.68
7159,18428,2025-02-14 03:22:51,340,1,86475.35
7160,18430,2025-06-01 23:35:07,17,1,20450.91
7161,18430,2025-06-14 10:00:41,164,2,201338.82
7162,18432,2025-03-29 11:33:06,312,2,49011.46
7163,18433,2025-06-22 13:55:55,443,1,19089.94
7164,18440,2025-01-06 21:07:45,391,1,7481.06
7165,18446,2025-06-19 05:36:02,118,1,2075.07
7166,18449,2025-01-03 20:09:44,128,1,7580.95
7167,18449,2025-01-09 09:09:28,216,1,43283.26
7168,18453,2025-04-22 11:48:30,460,2,82657.34
7169,18457,2025-03-11 04:59:03,268,1,7387.83
7170,18463,2025-05-08 05:21:41,101,2,38173.66
7171,18466,2025-02-20 19:14:04,175,1,81468.72
7172,18470,2025-06-13 15:13:01,473,1,1074.49
7173,18473,2025-03-28 17:39:14,56,1,29155.33
7174,18483,2025-03-26 01:56:44,318,2,39103.18
7175,18484,2025-05-10 23:17:17,292,1,9786.76
7176,18497,2025-02-17 03:11:25,258,1,4584.18
7177,18499,2025-04-28 09:42:18,414,1,20297.26
7178,18499,2025-05-31 23:10:00,253,2,18523.54
7179,18499,2025-06-16 10:42:38,293,1,3662.24
7180,18501,2025-03-13 07:46:56,152,1,7223.67
7181,18502,2025-01-06 18:44:14,155,2,55578.78
7182,18504,2025-06-29 00:13:46,466,2,63118.1
7183,18525,2025-03-02 14:43:57,47,1,6372.46
7184,18526,2025-03-26 21:20:57,459,1,2696.03
7185,18529,2025-04-18 22:38:41,250,1,20800.98
7186,18530,2025-05-19 13:47:42,101,1,19086.83
7187,18536,2025-02-22 18:27:01,328,1,7767.1
7188,18539,2025-01-13 18:20:22,124,1,4288.14
7189,18540,2025-04-07 23:16:58,173,2,6191.16
7190,18550,2025-04-24 07:53:50,181,1,11869.76
7191,18556,2025-05-16 13:40:11,167,2,52834.18
7192,18557,2025-06-30 16:32:52,349,1,12041.93
7193,18561,2025-04-20 19:06:51,237,2,46242.54
7194,18562,2025-01-22 06:51:39,320,1,33560.76
7195,18567,2025-05-20 00:48:50,460,1,41328.67
7196,18567,2025-06-10 05:16:20,81,1,47864.88
7197,18568,2025-06-19 23:08:52,280,1,16802.32
7198,18572,2025-03-19 17:19:18,360,2,21556.04
7199,18574,2025-04-08 08:45:03,400,1,24109.01
7200,18575,2025-05-19 21:56:49,156,1,8339.09
7201,18575,2025-06-05 07:11:06,352,1,29524.41
7202,18577,2025-04-29 04:06:26,345,1,24246.2
7203,18577,2025-05-05 15:29:58,360,1,10778.02
7204,18578,2025-01-17 20:57:43,86,2,191478.18
7205,18580,2025-05-02 23:41:10,480,1,35487.49
7206,18582,2025-02-02 16:31:07,163,1,7638.19
7207,18582,2025-02-20 05:58:05,94,1,9377.5
7208,18582,2025-03-09 05:11:36,480,1,35487.49
7209,18583,2025-02-25 19:00:30,163,1,7638.19
7210,18589,2025-04-16 11:33:50,409,1,6296.47
7211,18591,2025-05-08 06:52:15,243,1,2252.58
7212,18591,2025-05-23 20:12:25,146,3,28339.35
7213,18593,2025-03-26 00:43:50,325,3,41948.61
7214,18599,2025-03-08 21:46:15,238,2,40590.12
7215,18615,2025-04-25 05:05:41,153,1,1050.14
7216,18616,2025-04-19 17:13:41,127,1,37875.42
7217,18619,2025-06-05 07:33:11,388,1,37608.5
7218,18622,2025-02-08 00:26:48,271,1,35581.83
7219,18623,2025-03-26 04:40:22,150,1,19806.15
7220,18623,2025-04-14 02:25:28,105,2,15255.34
7221,18625,2025-03-27 14:13:00,316,1,5050.1
7222,18629,2025-03-30 03:48:17,178,2,244050.44
7223,18630,2025-01-30 16:04:48,364,3,14624.94
7224,18634,2025-03-14 04:24:48,376,1,14562.53
7225,18644,2025-05-02 18:06:03,363,2,76052.74
7226,18644,2025-05-06 16:56:02,51,1,10465.17
7227,18647,2025-04-01 18:49:47,350,1,4462.47
7228,18648,2025-06-02 15:18:22,227,2,3729.02
7229,18652,2025-06-07 03:27:56,421,1,3913.39
7230,18668,2025-02-25 03:43:15,489,3,24994.53
7231,18670,2025-03-03 02:17:37,435,3,13495.98
7232,18673,2025-05-11 05:52:06,245,2,30798.3
7233,18675,2025-03-15 18:54:32,163,1,7638.19
7234,18679,2025-03-22 22:19:23,362,1,539.2
7235,18679,2025-04-11 03:57:47,63,1,8572.39
7236,18681,2025-05-11 00:55:23,303,3,4362.72
7237,18682,2025-02-07 09:30:24,249,1,2728.95
7238,18688,2025-02-23 14:49:33,20,2,3557.5
7239,18688,2025-03-20 07:32:10,9,1,6572.8
7240,18688,2025-03-29 10:02:52,499,1,3999.82
7241,18690,2025-05-24 20:41:37,159,1,30772.13
7242,18692,2025-06-07 23:00:21,53,1,67150.12
7243,18698,2025-03-29 14:31:59,223,2,22606.14
7244,18700,2025-03-27 11:57:25,242,3,27856.17
7245,18706,2025-05-17 21:28:03,443,1,19089.94
7246,18707,2025-02-18 17:14:45,157,2,207091.52
7247,18707,2025-03-21 05:00:19,16,3,12479.88
7248,18708,2025-04-14 19:45:41,419,1,24719.61
7249,18714,2025-04-11 15:25:08,230,1,3807.27
7250,18715,2025-01-21 18:07:17,346,1,14000.92
7251,18718,2025-06-24 15:33:16,434,1,94224.67
7252,18719,2025-04-04 03:57:50,194,1,1522.19
7253,18729,2025-04-28 19:30:52,225,3,9156.75
7254,18730,2025-03-14 08:11:18,168,2,19009.64
7255,18733,2025-05-02 21:52:03,382,1,17566.23
7256,18734,2025-02-18 16:31:16,361,1,13985.68
7257,18735,2025-02-07 06:00:40,229,1,30697.88
7258,18736,2025-04-05 12:59:02,40,3,3519.42
7259,18738,2025-06-08 18:35:03,258,1,4584.18
7260,18739,2025-06-04 13:16:03,183,1,5734.14
7261,18746,2025-06-05 14:35:10,38,1,12400.94
7262,18749,2025-01-20 07:48:50,298,1,12693.22
7263,18751,2025-06-28 04:18:46,381,1,9476.92
7264,18754,2025-03-08 06:04:53,216,1,43283.26
7265,18754,2025-03-18 03:10:29,287,1,5328.56
7266,18754,2025-04-21 16:13:49,110,1,18441.82
7267,18755,2025-04-26 07:40:03,494,1,495.37
7268,18758,2025-06-11 01:46:28,217,1,3789.89
7269,18767,2025-06-26 02:58:05,242,2,18570.78
7270,18768,2025-03-28 09:42:30,226,1,1460.34
7271,18768,2025-04-23 08:49:00,268,1,7387.83
7272,18769,2025-03-19 07:21:35,65,1,15098.74
7273,18778,2025-04-21 23:26:23,322,1,5485.52
7274,18779,2025-01-14 11:00:33,422,2,16095.9
7275,18782,2025-01-08 16:56:18,452,1,17758.26
7276,18785,2025-03-12 03:51:00,469,1,8458.92
7277,18785,2025-03-16 16:26:43,78,1,149482.7
7278,18786,2025-01-13 23:36:25,481,1,3800.46
7279,18789,2025-05-28 09:35:22,369,2,28785.18
7280,18790,2025-06-30 19:42:59,485,1,26241.01
7281,18796,2025-06-07 18:21:59,460,3,123986.01
7282,18799,2025-03-08 07:47:59,475,1,11694.47
7283,18803,2025-05-22 17:51:15,248,1,9420.12
7284,18810,2025-05-23 06:14:22,169,1,2636.13
7285,18812,2025-05-28 03:53:25,34,1,2098.05
7286,18817,2025-04-10 05:11:58,244,1,3774.78
7287,18817,2025-04-20 17:35:26,330,1,3233.01
7288,18820,2025-02-28 01:38:17,62,1,20430.08
7289,18823,2025-04-01 20:34:42,257,1,2435.84
7290,18824,2025-04-07 03:47:08,86,2,191478.18
7291,18825,2025-05-04 18:34:09,400,1,24109.01
7292,18826,2025-05-21 17:57:51,247,1,9897.75
7293,18826,2025-05-25 16:25:51,487,1,17124.6
7294,18827,2025-05-01 23:33:46,169,1,2636.13
7295,18828,2025-06-13 15:55:53,296,1,108127.41
7296,18830,2025-03-17 02:12:04,492,1,8731.65
7297,18837,2025-02-02 06:47:03,254,1,16059.76
7298,18838,2025-06-27 23:40:12,69,1,7709.45
7299,18840,2025-02-27 09:50:38,327,1,8222.53
7300,18840,2025-04-02 15:21:40,476,1,2319.27
7301,18844,2025-01-27 17:56:29,388,2,75217.0
7302,18845,2025-03-05 08:53:27,325,1,13982.87
7303,18846,2025-06-02 05:53:02,399,1,17727.09
7304,18852,2025-01-08 08:50:43,38,1,12400.94
7305,18854,2025-03-02 11:18:14,374,2,20918.58
7306,18854,2025-03-06 12:56:23,402,2,39298.5
7307,18855,2025-03-12 22:29:28,102,1,25792.01
7308,18858,2025-03-17 20:30:13,387,1,28854.36
7309,18864,2025-01-17 00:09:23,370,1,18904.41
7310,18866,2025-03-04 06:31:23,247,1,9897.75
7311,18868,2025-05-12 02:20:12,354,1,13893.05
7312,18869,2025-03-30 12:01:22,470,1,1252.58
7313,18870,2025-06-19 04:45:05,192,1,33176.4
7314,18870,2025-06-25 16:37:53,341,1,4466.97
7315,18879,2025-04-08 03:38:02,160,1,13826.53
7316,18880,2025-01-11 23:10:24,390,1,3926.05
7317,18880,2025-01-29 17:59:44,270,1,514.56
7318,18881,2025-03-12 11:56:21,284,1,10670.32
7319,18885,2025-05-30 19:25:29,347,1,26954.74
7320,18886,2025-03-02 02:41:02,363,1,38026.37
7321,18888,2025-01-13 17:32:10,320,1,33560.76
7322,18891,2025-02-23 12:31:20,184,1,2970.14
7323,18893,2025-04-30 11:14:41,444,3,444744.48
7324,18895,2025-03-03 03:52:06,340,1,86475.35
7325,18896,2025-01-13 23:33:39,390,1,3926.05
7326,18901,2025-06-09 17:01:08,377,1,6504.51
7327,18907,2025-02-15 23:07:09,152,1,7223.67
7328,18910,2025-02-12 23:07:09,136,2,4877.14
7329,18913,2025-05-23 19:17:16,355,1,4384.45
7330,18914,2025-01-13 19:18:17,103,1,42328.61
7331,18916,2025-02-08 08:35:35,304,1,149568.6
7332,18916,2025-02-12 02:25:32,169,2,5272.26
7333,18916,2025-02-20 21:59:37,397,1,38138.57
7334,18918,2025-01-08 21:38:56,98,1,12583.05
7335,18920,2025-05-14 04:29:17,175,1,81468.72
7336,18923,2025-03-28 03:31:01,338,1,88128.75
7337,18925,2025-03-06 18:37:12,97,2,1247.02
7338,18926,2025-01-23 03:32:35,256,2,1095.16
7339,18929,2025-02-28 07:17:15,228,1,9440.11
7340,18930,2025-01-12 08:45:10,22,1,12590.38
7341,18930,2025-01-28 23:11:14,233,1,4628.25
7342,18932,2025-03-20 06:01:53,291,2,2387.14
7343,18933,2025-02-19 20:23:11,12,1,10398.85
7344,18933,2025-03-23 12:34:47,246,1,4485.92
7345,18943,2025-05-11 01:57:57,412,1,2747.39
7346,18943,2025-06-06 19:42:06,52,1,4983.11
7347,18945,2025-03-10 08:17:26,128,2,15161.9
7348,18952,2025-02-24 05:06:04,259,2,19098.98
7349,18953,2025-02-17 00:49:37,108,1,5270.83
7350,18955,2025-03-15 02:06:59,290,1,4390.34
7351,18956,2025-06-18 03:53:17,245,1,15399.15
7352,18960,2025-06-11 11:12:23,447,1,1488.36
7353,18961,2025-04-02 14:03:12,424,1,14170.15
7354,18962,2025-01-14 02:04:15,177,1,6007.88
7355,18963,2025-05-05 20:27:30,33,1,17762.94
7356,18964,2025-03-25 19:30:20,192,1,33176.4
7357,18964,2025-04-05 14:57:02,296,1,108127.41
7358,18967,2025-01-31 06:52:55,452,1,17758.26
7359,18969,2025-03-08 02:52:03,427,1,4312.66
7360,18970,2025-04-29 23:49:34,25,1,2943.92
7361,18974,2025-03-21 01:29:01,49,1,3584.0
7362,18976,2025-05-14 22:21:31,213,1,14323.4
7363,18982,2025-02-02 02:24:45,151,2,20330.18
7364,18982,2025-02-23 17:23:08,473,1,1074.49
7365,18982,2025-03-15 01:49:14,187,3,130026.93
7366,18991,2025-04-30 12:09:15,164,1,100669.41
7367,18996,2025-05-20 14:09:52,290,1,4390.34
7368,19001,2025-04-26 21:30:59,355,1,4384.45
7369,19001,2025-05-09 10:51:34,172,1,36415.92
7370,19010,2025-06-08 12:58:57,3,2,20189.34
7371,19015,2025-01-19 02:28:15,306,1,4449.97
7372,19016,2025-01-19 02:42:15,92,2,7477.02
7373,19018,2025-04-23 14:42:34,302,1,38776.55
7374,19020,2025-05-25 09:12:15,482,1,24845.6
7375,19021,2025-05-06 09:38:52,326,1,81782.53
7376,19026,2025-05-24 01:42:02,59,1,43466.97
7377,19027,2025-01-24 00:17:01,126,2,31906.16
7378,19032,2025-01-24 22:59:39,90,1,93514.94
7379,19039,2025-03-16 08:35:19,209,1,38411.37
7380,19041,2025-02-08 20:31:52,411,1,2755.99
7381,19047,2025-03-05 07:12:11,252,1,5818.59
7382,19050,2025-05-30 01:05:50,85,1,67271.34
7383,19050,2025-06-20 23:14:58,37,1,884.45
7384,19072,2025-04-12 16:21:34,179,2,227473.0
7385,19072,2025-06-03 01:28:50,470,1,1252.58
7386,19073,2025-05-17 11:26:49,460,2,82657.34
7387,19077,2025-04-14 18:14:24,206,1,23007.56
7388,19086,2025-06-23 02:03:43,186,1,5082.83
7389,19090,2025-05-06 09:58:18,41,1,8500.67
7390,19097,2025-03-11 00:36:55,493,1,17276.96
7391,19101,2025-03-21 12:58:52,469,1,8458.92
7392,19102,2025-03-31 11:17:39,259,2,19098.98
7393,19107,2025-05-04 02:59:05,270,1,514.56
7394,19109,2025-05-31 18:29:58,96,1,1401.59
7395,19115,2025-01-05 19:48:23,351,1,2039.17
7396,19116,2025-02-05 10:49:42,46,1,115208.75
7397,19116,2025-02-21 07:30:39,375,2,5594.74
7398,19122,2025-06-15 14:08:30,156,1,8339.09
7399,19124,2025-05-25 01:27:31,185,1,12990.29
7400,19125,2025-01-21 06:10:02,470,2,2505.16
7401,19131,2025-01-19 06:59:59,306,1,4449.97
7402,19131,2025-02-08 06:44:46,258,1,4584.18
7403,19133,2025-02-05 10:56:16,184,2,5940.28
7404,19136,2025-04-11 21:07:40,436,1,18344.93
7405,19137,2025-06-20 00:02:03,272,1,11789.2
7406,19141,2025-06-28 23:52:13,418,1,16621.38
7407,19142,2025-03-31 10:52:47,114,1,3834.0
7408,19143,2025-04-10 19:46:00,62,2,40860.16
7409,19144,2025-01-26 14:36:48,116,1,13895.24
7410,19147,2025-04-22 04:08:22,307,1,22758.27
7411,19148,2025-02-16 04:52:17,491,1,912.64
7412,19152,2025-03-08 12:43:56,232,1,3213.9
7413,19154,2025-06-26 12:38:21,296,1,108127.41
7414,19154,2025-06-30 15:03:55,242,1,9285.39
7415,19156,2025-03-17 09:14:15,334,1,4204.59
7416,19159,2025-05-30 13:28:53,476,1,2319.27
7417,19165,2025-06-29 05:29:04,477,1,37353.59
7418,19168,2025-06-27 05:02:04,304,1,149568.6
7419,19169,2025-04-24 00:16:18,428,1,147572.66
7420,19173,2025-06-15 21:29:47,296,1,108127.41
7421,19180,2025-05-27 00:03:14,137,1,47310.53
7422,19182,2025-06-05 10:42:06,138,2,13441.82
7423,19200,2025-03-30 08:15:22,283,1,38631.44
7424,19200,2025-04-11 14:28:38,252,2,11637.18
7425,19202,2025-04-10 07:48:05,394,1,20682.69
7426,19203,2025-05-22 02:16:34,12,2,20797.7
7427,19204,2025-05-18 23:44:45,253,1,9261.77
7428,19207,2025-01-22 03:42:56,272,2,23578.4
7429,19209,2025-03-11 01:18:28,45,1,25096.16
7430,19211,2025-03-08 18:40:14,84,1,2448.39
7431,19212,2025-01-11 03:04:29,303,1,1454.24
7432,19213,2025-04-27 15:44:39,499,1,3999.82
7433,19213,2025-05-01 15:56:39,234,1,69647.59
7434,19219,2025-06-20 19:41:38,295,1,13255.4
7435,19224,2025-03-13 20:20:51,207,1,30716.03
7436,19225,2025-06-17 22:13:45,358,2,16075.36
7437,19227,2025-01-29 12:36:55,346,1,14000.92
7438,19234,2025-04-08 10:25:46,207,2,61432.06
7439,19240,2025-03-06 11:08:59,179,1,113736.5
7440,19240,2025-03-11 14:04:06,176,3,45873.51
7441,19245,2025-01-24 12:44:36,429,1,2789.86
7442,19251,2025-06-25 10:26:58,173,3,9286.74
7443,19252,2025-02-03 22:23:35,283,1,38631.44
7444,19257,2025-06-06 07:40:07,425,1,14314.74
7445,19258,2025-01-22 21:40:35,22,1,12590.38
7446,19261,2025-05-24 18:32:38,40,1,1173.14
7447,19262,2025-02-27 02:14:01,187,2,86684.62
7448,19264,2025-01-26 14:57:53,360,1,10778.02
7449,19264,2025-02-26 12:36:29,165,1,1732.53
7450,19265,2025-02-16 17:03:26,385,1,347.25
7451,19267,2025-06-13 02:17:01,422,2,16095.9
7452,19267,2025-06-28 06:23:32,30,1,43984.69
7453,19271,2025-01-22 04:25:22,468,2,283156.62
7454,19274,2025-01-08 15:47:53,470,1,1252.58
7455,19274,2025-01-26 08:06:56,444,1,148248.16
7456,19278,2025-06-08 23:18:47,178,1,122025.22
7457,19278,2025-06-12 14:04:39,187,1,43342.31
7458,19278,2025-06-20 05:34:43,174,1,2937.34
7459,19279,2025-02-10 11:04:39,232,1,3213.9
7460,19282,2025-06-12 06:07:08,157,1,103545.76
7461,19282,2025-06-24 08:08:12,448,1,18494.26
7462,19283,2025-06-09 16:10:15,396,1,110532.21
7463,19284,2025-01-15 04:05:55,19,1,2770.09
7464,19287,2025-03-10 22:10:25,497,2,9352.96
7465,19290,2025-05-23 10:24:15,329,2,22429.6
7466,19293,2025-01-25 09:05:18,198,2,15589.02
7467,19296,2025-03-02 00:54:19,249,1,2728.95
7468,19298,2025-01-22 11:18:23,253,2,18523.54
7469,19299,2025-05-21 12:37:54,192,2,66352.8
7470,19300,2025-06-15 04:28:49,276,1,4843.01
7471,19303,2025-02-01 06:35:18,345,2,48492.4
7472,19305,2025-06-25 16:49:50,334,1,4204.59
7473,19306,2025-04-15 03:27:36,129,1,358.85
7474,19306,2025-04-26 00:54:58,73,2,6369.86
7475,19313,2025-05-24 12:55:09,46,1,115208.75
7476,19313,2025-06-08 17:25:38,442,1,27027.64
7477,19316,2025-04-02 14:39:09,59,1,43466.97
7478,19319,2025-06-01 03:56:08,95,1,14154.76
7479,19320,2025-06-18 09:08:12,175,1,81468.72
7480,19323,2025-01-18 15:37:14,474,2,30820.22
7481,19323,2025-01-28 10:58:37,61,1,102219.65
7482,19324,2025-03-05 23:01:07,194,3,4566.57
7483,19324,2025-03-22 06:59:03,496,1,31539.91
7484,19327,2025-03-08 20:10:59,155,1,27789.39
7485,19327,2025-03-21 14:35:38,339,1,464.88
7486,19327,2025-03-26 17:12:22,84,1,2448.39
7487,19329,2025-05-03 02:04:58,15,1,9205.01
7488,19336,2025-05-25 11:15:17,277,1,134439.28
7489,19337,2025-05-17 20:26:48,220,1,2583.92
7490,19344,2025-05-20 03:40:58,117,2,2992.88
7491,19345,2025-06-05 00:48:15,244,1,3774.78
7492,19350,2025-04-20 06:13:13,463,1,6385.22
7493,19351,2025-05-23 04:06:47,40,2,2346.28
7494,19352,2025-06-12 07:22:47,335,2,12400.42
7495,19357,2025-05-29 06:09:03,104,1,19691.24
7496,19358,2025-01-16 00:49:55,385,2,694.5
7497,19372,2025-02-11 23:35:05,476,1,2319.27
7498,19378,2025-05-12 04:37:11,395,2,61491.86
7499,19380,2025-02-19 17:40:24,244,3,11324.34
7500,19380,2025-03-04 11:43:35,95,1,14154.76
7501,19380,2025-03-21 03:59:41,413,1,24752.33
7502,19386,2025-01-08 15:28:22,111,1,1028.45
7503,19388,2025-02-04 12:29:21,145,1,5753.8
7504,19392,2025-02-24 21:24:20,362,2,1078.4
7505,19409,2025-02-07 02:55:20,153,1,1050.14
7506,19413,2025-03-14 11:48:12,30,1,43984.69
7507,19416,2025-05-13 18:30:14,219,1,2535.54
7508,19419,2025-06-05 02:10:02,164,1,100669.41
7509,19419,2025-06-26 17:07:16,194,1,1522.19
7510,19420,2025-05-17 21:30:23,71,3,13280.37
7511,19422,2025-05-16 01:17:34,151,1,10165.09
7512,19423,2025-03-25 19:29:34,301,2,88512.42
7513,19424,2025-04-26 21:20:25,214,2,41746.38
7514,19429,2025-02-05 17:50:45,419,1,24719.61
7515,19430,2025-06-24 12:34:34,496,1,31539.91
7516,19434,2025-02-26 09:20:22,215,1,30903.15
7517,19437,2025-03-25 04:20:07,237,2,46242.54
7518,19439,2025-05-10 20:09:44,425,1,14314.74
7519,19445,2025-05-15 10:59:45,410,1,90198.25
7520,19449,2025-04-02 05:47:16,377,1,6504.51
7521,19450,2025-05-25 16:13:00,240,1,29634.73
7522,19460,2025-03-23 06:27:06,359,1,7693.07
7523,19463,2025-01-27 01:15:28,7,2,2817.88
7524,19465,2025-03-13 11:24:39,182,1,5001.59
7525,19474,2025-06-13 05:56:52,378,1,15995.17
7526,19474,2025-06-29 17:57:53,96,1,1401.59
7527,19475,2025-03-07 16:18:38,136,1,2438.57
7528,19476,2025-02-20 13:08:22,500,1,101175.55
7529,19476,2025-02-23 22:00:34,289,1,116522.54
7530,19480,2025-03-20 07:08:45,399,1,17727.09
7531,19480,2025-03-29 13:32:04,85,2,134542.68
7532,19482,2025-04-05 23:47:14,427,1,4312.66
7533,19485,2025-02-21 09:10:03,191,2,73536.04
7534,19486,2025-06-27 13:29:59,441,1,1146.71
7535,19488,2025-03-01 19:12:12,358,1,8037.68
7536,19491,2025-02-12 22:57:02,12,2,20797.7
7537,19495,2025-01-15 04:54:09,319,1,29688.49
7538,19500,2025-05-10 19:14:46,2,2,39140.0
7539,19513,2025-04-28 07:03:00,496,2,63079.82
7540,19520,2025-06-02 19:50:00,397,1,38138.57
7541,19524,2025-03-24 14:39:53,71,1,4426.79
7542,19530,2025-01-28 02:32:36,178,1,122025.22
7543,19531,2025-04-12 03:31:18,211,2,62017.4
7544,19535,2025-02-15 16:25:48,354,1,13893.05
7545,19538,2025-04-16 13:57:11,285,1,115911.82
7546,19541,2025-05-20 13:25:40,349,1,12041.93
7547,19542,2025-02-15 06:11:22,486,1,5773.24
7548,19542,2025-03-12 10:00:47,448,1,18494.26
7549,19543,2025-03-11 01:28:46,475,1,11694.47
7550,19548,2025-03-06 02:43:27,247,1,9897.75
7551,19550,2025-02-12 15:54:05,329,1,11214.8
7552,19551,2025-04-19 07:36:15,265,2,15025.74
7553,19552,2025-05-30 17:17:00,448,2,36988.52
7554,19557,2025-01-07 10:49:17,55,1,24029.51
7555,19558,2025-06-20 17:47:49,426,1,24723.16
7556,19562,2025-04-03 19:22:23,193,3,99085.23
7557,19563,2025-06-04 07:24:41,258,1,4584.18
7558,19564,2025-04-08 02:42:01,164,2,201338.82
7559,19569,2025-01-06 07:21:21,64,1,23300.53
7560,19571,2025-05-10 18:16:27,235,2,84034.4
7561,19572,2025-06-17 18:46:55,54,1,4159.48
7562,19576,2025-03-01 16:16:22,470,1,1252.58
7563,19576,2025-03-30 09:22:40,277,1,134439.28
7564,19581,2025-03-16 16:53:17,492,1,8731.65
7565,19581,2025-04-03 21:48:25,425,1,14314.74
7566,19590,2025-01-18 04:45:49,434,2,188449.34
7567,19592,2025-01-22 17:57:48,229,1,30697.88
7568,19595,2025-05-24 15:02:01,89,1,115692.18
7569,19599,2025-01-18 05:05:18,410,3,270594.75
7570,19600,2025-01-10 13:55:49,336,1,11769.86
7571,19604,2025-05-01 13:26:33,128,3,22742.85
7572,19606,2025-02-13 19:20:58,492,3,26194.95
7573,19609,2025-04-26 08:17:20,485,1,26241.01
7574,19609,2025-05-09 21:04:48,291,2,2387.14
7575,19610,2025-06-04 08:58:02,67,1,3245.55
7576,19610,2025-06-23 04:51:32,166,2,30353.98
7577,19611,2025-03-18 17:48:11,490,2,25480.08
7578,19611,2025-03-29 13:41:34,214,1,20873.19
7579,19612,2025-02-08 23:11:31,70,1,5458.68
7580,19622,2025-01-18 06:30:02,374,1,10459.29
7581,19623,2025-03-14 23:47:15,133,1,30464.02
7582,19624,2025-03-23 04:40:13,111,1,1028.45
7583,19626,2025-02-15 02:38:28,393,1,13053.76
7584,19627,2025-02-13 01:58:30,379,1,29755.14
7585,19630,2025-05-04 13:10:21,362,2,1078.4
7586,19634,2025-04-01 05:07:25,274,2,43254.18
7587,19643,2025-05-20 20:03:41,406,1,24419.24
7588,19647,2025-03-17 19:48:59,115,2,33418.76
7589,19648,2025-01-04 08:00:48,363,1,38026.37
7590,19649,2025-04-11 13:37:41,66,1,7734.16
7591,19651,2025-03-21 03:53:36,223,1,11303.07
7592,19655,2025-05-29 14:10:13,449,1,651.83
7593,19657,2025-03-29 08:00:25,116,2,27790.48
7594,19658,2025-02-27 06:10:56,268,1,7387.83
7595,19658,2025-03-16 22:45:50,133,2,60928.04
7596,19664,2025-04-04 17:03:29,153,1,1050.14
7597,19666,2025-04-21 17:31:51,488,1,32780.58
7598,19671,2025-03-06 20:16:46,341,1,4466.97
7599,19671,2025-03-18 15:40:39,292,3,29360.28
7600,19674,2025-05-03 23:39:47,454,1,3744.31
7601,19675,2025-01-17 06:06:21,54,1,4159.48
7602,19678,2025-02-16 07:22:37,223,1,11303.07
7603,19684,2025-01-18 01:54:33,305,1,2454.31
7604,19694,2025-05-29 02:14:43,92,1,3738.51
7605,19698,2025-04-13 12:16:12,418,2,33242.76
7606,19700,2025-04-01 14:07:39,240,1,29634.73
7607,19701,2025-03-09 16:56:05,189,1,9592.2
7608,19707,2025-03-04 03:17:43,238,1,20295.06
7609,19709,2025-04-21 11:55:33,160,1,13826.53
7610,19713,2025-01-17 02:48:42,355,1,4384.45
7611,19716,2025-02-21 07:26:09,287,1,5328.56
7612,19717,2025-06-08 23:18:52,225,1,3052.25
7613,19718,2025-05-04 00:34:15,317,1,2354.88
7614,19723,2025-03-03 17:28:05,443,1,19089.94
7615,19728,2025-05-30 02:51:58,477,1,37353.59
7616,19729,2025-04-19 18:22:09,27,1,1626.81
7617,19729,2025-05-08 12:02:52,149,1,10316.11
7618,19733,2025-05-25 02:07:30,152,1,7223.67
7619,19734,2025-05-26 10:23:02,291,2,2387.14
7620,19739,2025-05-23 21:54:25,493,2,34553.92
7621,19747,2025-05-26 21:17:32,247,1,9897.75
7622,19748,2025-02-12 02:11:57,92,1,3738.51
7623,19749,2025-02-03 18:34:56,487,1,17124.6
7624,19749,2025-02-07 11:02:54,493,1,17276.96
7625,19753,2025-02-15 02:20:41,431,1,6259.3
7626,19762,2025-04-12 12:19:23,340,2,172950.7
7627,19763,2025-02-17 06:29:36,119,1,9009.08
7628,19769,2025-01-03 00:16:35,158,1,2196.76
7629,19772,2025-03-26 18:14:12,162,1,6647.03
7630,19773,2025-03-06 14:51:59,445,1,1748.17
7631,19776,2025-06-27 16:07:01,356,1,3337.9
7632,19779,2025-04-15 05:10:41,459,3,8088.09
7633,19783,2025-03-21 23:22:14,82,1,12391.54
7634,19784,2025-04-23 21:50:23,174,1,2937.34
7635,19784,2025-05-06 17:40:05,497,1,4676.48
7636,19786,2025-02-11 11:47:24,130,1,16268.89
7637,19787,2025-01-29 10:27:23,289,1,116522.54
7638,19792,2025-06-05 06:04:29,25,1,2943.92
7639,19797,2025-05-12 16:59:36,32,1,7276.12
7640,19797,2025-05-24 19:45:19,485,2,52482.02
7641,19797,2025-05-28 17:41:27,44,1,6132.16
7642,19799,2025-04-05 18:48:05,379,1,29755.14
7643,19801,2025-02-11 00:57:54,26,1,10901.13
7644,19804,2025-05-27 02:16:07,486,1,5773.24
7645,19808,2025-04-26 06:41:54,375,1,2797.37
7646,19809,2025-05-19 10:17:43,106,2,8707.26
7647,19809,2025-06-21 10:28:05,77,1,70509.53
7648,19814,2025-03-22 14:13:44,496,1,31539.91
7649,19818,2025-01-17 16:56:10,81,1,47864.88
7650,19822,2025-02-07 09:33:55,287,3,15985.68
7651,19822,2025-02-18 22:53:21,45,1,25096.16
7652,19826,2025-04-16 09:06:31,131,3,30611.19
7653,19836,2025-03-11 02:13:11,135,2,27301.5
7654,19841,2025-03-23 09:40:25,292,1,9786.76
7655,19842,2025-05-04 23:21:33,166,1,15176.99
7656,19844,2025-02-10 12:29:55,5,2,223768.38
7657,19844,2025-03-12 19:55:47,128,1,7580.95
7658,19847,2025-06-25 12:53:28,268,2,14775.66
7659,19848,2025-06-26 11:09:38,168,2,19009.64
7660,19857,2025-03-23 14:11:39,434,2,188449.34
7661,19862,2025-05-12 13:04:28,146,1,9446.45
7662,19867,2025-02-03 10:53:40,149,1,10316.11
7663,19868,2025-05-23 02:17:22,141,1,78006.44
7664,19870,2025-03-08 02:25:01,15,1,9205.01
7665,19875,2025-02-11 09:03:04,496,1,31539.91
7666,19876,2025-06-07 18:12:18,42,1,35405.28
7667,19876,2025-06-19 03:53:19,407,1,1432.1
7668,19883,2025-05-06 15:41:23,292,1,9786.76
7669,19884,2025-06-06 08:13:52,347,1,26954.74
7670,19886,2025-04-26 02:16:20,232,2,6427.8
7671,19898,2025-01-01 08:31:23,147,1,8701.96
7672,19899,2025-06-16 13:53:25,226,2,2920.68
7673,19900,2025-03-23 21:34:58,103,1,42328.61
7674,19903,2025-06-06 10:41:51,473,1,1074.49
7675,19908,2025-04-22 05:57:22,431,1,6259.3
7676,19911,2025-03-04 20:54:31,353,1,14609.61
7677,19913,2025-06-24 09:48:08,481,1,3800.46
7678,19914,2025-01-18 09:50:06,180,2,45239.26
7679,19915,2025-02-27 06:03:47,322,2,10971.04
7680,19916,2025-04-26 04:04:16,397,1,38138.57
7681,19917,2025-06-07 16:46:32,302,3,116329.65
7682,19920,2025-05-10 08:37:07,53,2,134300.24
7683,19922,2025-03-29 03:26:36,74,2,48786.72
7684,19923,2025-03-03 23:06:35,361,1,13985.68
7685,19926,2025-02-11 04:15:30,485,1,26241.01
7686,19940,2025-06-15 02:22:22,382,1,17566.23
7687,19943,2025-05-05 02:00:28,369,1,14392.59
7688,19946,2025-02-23 14:42:16,1,1,7205.01
7689,19947,2025-05-07 03:48:36,334,1,4204.59
7690,19947,2025-05-24 01:53:24,180,1,22619.63
7691,19948,2025-06-14 04:55:29,79,1,14294.87
7692,19949,2025-03-09 19:39:36,12,1,10398.85
7693,19953,2025-03-29 09:10:39,55,1,24029.51
7694,19955,2025-04-03 02:21:24,132,1,7791.77
7695,19959,2025-02-23 20:43:41,147,2,17403.92
7696,19966,2025-04-03 05:52:20,134,1,3801.47
7697,19966,2025-04-16 11:56:51,472,1,47216.19
7698,19967,2025-02-21 22:13:13,394,1,20682.69
7699,19973,2025-06-10 02:58:42,256,2,1095.16
7700,19974,2025-05-12 19:08:41,498,1,13866.8
7701,19975,2025-04-02 01:57:50,336,1,11769.86
7702,19978,2025-02-18 18:57:31,500,1,101175.55
7703,19983,2025-02-08 16:04:00,140,1,49984.05
7704,19986,2025-02-07 16:50:29,151,1,10165.09
7705,19995,2025-05-01 04:17:03,497,2,9352.96
7706,19995,2025-05-20 18:10:47,8,1,2149.22
7707,20002,2025-02-19 06:18:36,443,2,38179.88
7708,20003,2025-04-15 13:11:59,357,1,136130.58
7709,20005,2025-01-06 08:00:13,327,1,8222.53
7710,20005,2025-01-09 14:29:57,427,2,8625.32
7711,20012,2025-04-04 14:58:16,219,1,2535.54
7712,20013,2025-04-23 09:25:13,136,1,2438.57
7713,20016,2025-05-30 23:49:30,474,1,15410.11
7714,20017,2025-02-26 13:55:19,481,1,3800.46
7715,20021,2025-04-23 23:49:03,414,2,40594.52
7716,20021,2025-05-13 03:18:49,409,1,6296.47
7717,20027,2025-05-22 02:56:05,18,1,1846.66
7718,20028,2025-05-04 23:02:48,30,1,43984.69
7719,20029,2025-04-02 06:21:36,142,2,20574.38
7720,20032,2025-04-05 21:56:38,318,1,19551.59
7721,20037,2025-04-17 04:51:36,343,1,71441.06
7722,20043,2025-05-03 06:56:43,347,2,53909.48
7723,20043,2025-05-10 14:53:43,2,1,19570.0
7724,20046,2025-01-31 15:55:17,134,1,3801.47
7725,20052,2025-01-29 20:46:51,376,1,14562.53
7726,20053,2025-01-20 04:34:13,298,1,12693.22
7727,20057,2025-01-25 11:56:32,381,1,9476.92
7728,20059,2025-03-29 11:57:33,442,1,27027.64
7729,20060,2025-05-05 01:16:54,348,1,11453.57
7730,20080,2025-06-27 21:52:23,258,1,4584.18
7731,20081,2025-06-18 02:10:41,326,2,163565.06
7732,20086,2025-03-20 19:11:35,179,2,227473.0
7733,20086,2025-04-14 12:16:58,48,1,5407.24
7734,20089,2025-05-17 05:36:15,484,1,92913.94
7735,20092,2025-06-22 00:59:03,329,1,11214.8
7736,20094,2025-05-25 05:18:49,387,1,28854.36
7737,20099,2025-06-05 14:54:13,5,1,111884.19
7738,20102,2025-05-29 12:30:45,361,1,13985.68
7739,20104,2025-01-24 00:18:00,355,1,4384.45
7740,20112,2025-04-30 00:32:22,79,1,14294.87
7741,20114,2025-02-06 13:42:57,4,2,221973.92
7742,20119,2025-01-01 23:04:34,271,1,35581.83
7743,20121,2025-02-26 12:29:53,42,2,70810.56
7744,20122,2025-04-22 03:35:14,46,2,230417.5
7745,20128,2025-06-12 05:28:49,392,1,3931.31
7746,20129,2025-05-17 09:28:20,141,1,78006.44
7747,20132,2025-04-07 09:18:52,467,1,82011.77
7748,20139,2025-02-04 14:11:39,6,1,4629.86
7749,20143,2025-05-16 08:20:58,276,1,4843.01
7750,20148,2025-01-04 14:23:20,218,2,188416.68
7751,20148,2025-01-22 18:22:40,182,1,5001.59
7752,20150,2025-05-04 19:07:23,12,1,10398.85
7753,20151,2025-03-14 03:22:30,197,2,2216.38
7754,20153,2025-02-06 17:12:52,165,2,3465.06
7755,20156,2025-02-18 03:50:07,264,1,4577.56
7756,20157,2025-03-19 12:32:46,267,1,20054.79
7757,20159,2025-05-16 16:49:15,486,1,5773.24
7758,20159,2025-06-07 08:01:37,39,1,19720.04
7759,20166,2025-05-31 13:37:45,97,1,623.51
7760,20166,2025-06-18 15:48:41,60,1,5108.13
7761,20169,2025-01-11 21:10:06,91,1,115829.28
7762,20170,2025-03-18 23:27:41,414,1,20297.26
7763,20170,2025-03-22 12:30:54,175,1,81468.72
7764,20172,2025-03-04 08:29:53,247,2,19795.5
7765,20172,2025-03-29 11:08:55,249,1,2728.95
7766,20174,2025-03-10 03:27:29,91,2,231658.56
7767,20176,2025-04-21 03:21:42,421,1,3913.39
7768,20179,2025-02-27 23:33:54,158,2,4393.52
7769,20187,2025-02-27 09:32:23,460,1,41328.67
7770,20191,2025-01-18 05:07:14,497,2,9352.96
7771,20191,2025-02-07 07:24:45,451,1,6674.43
7772,20192,2025-05-04 03:27:10,190,1,27317.1
7773,20194,2025-04-26 22:53:51,269,2,231029.86
7774,20202,2025-05-06 07:35:15,427,1,4312.66
7775,20203,2025-05-14 02:59:54,317,1,2354.88
7776,20210,2025-02-27 03:57:00,287,2,10657.12
7777,20213,2025-02-10 03:56:44,424,1,14170.15
7778,20214,2025-05-24 10:33:49,230,2,7614.54
7779,20216,2025-03-22 23:06:47,386,1,30141.47
7780,20217,2025-05-09 19:52:01,80,1,124124.35
7781,20218,2025-06-14 20:44:37,14,1,3902.87
7782,20221,2025-02-27 06:04:37,15,1,9205.01
7783,20230,2025-03-05 12:24:14,106,1,4353.63
7784,20233,2025-06-01 02:35:04,20,1,1778.75
7785,20238,2025-03-11 09:32:35,174,1,2937.34
7786,20239,2025-01-25 01:17:39,262,1,37057.19
7787,20241,2025-01-24 04:13:07,61,1,102219.65
7788,20242,2025-04-18 09:34:22,500,2,202351.1
7789,20246,2025-04-10 20:02:55,50,1,9054.04
7790,20247,2025-01-28 09:01:32,10,1,3952.37
7791,20250,2025-04-06 13:00:15,124,1,4288.14
7792,20250,2025-04-24 08:50:10,86,2,191478.18
7793,20251,2025-03-22 07:25:20,428,1,147572.66
7794,20252,2025-04-20 11:50:07,272,1,11789.2
7795,20254,2025-05-28 12:33:07,153,1,1050.14
7796,20255,2025-04-26 16:32:04,241,1,11168.82
7797,20259,2025-05-25 14:52:11,241,1,11168.82
7798,20263,2025-06-21 00:43:33,477,3,112060.77
7799,20265,2025-01-20 00:37:07,358,1,8037.68
7800,20266,2025-02-18 11:07:59,338,1,88128.75
7801,20271,2025-05-06 23:08:38,128,1,7580.95
7802,20274,2025-02-13 11:10:08,297,2,35459.48
7803,20279,2025-04-08 15:20:36,246,2,8971.84
7804,20282,2025-05-30 09:32:50,73,1,3184.93
7805,20283,2025-01-12 17:09:44,139,1,1008.61
7806,20283,2025-01-28 07:11:35,312,1,24505.73
7807,20284,2025-03-28 18:44:03,27,1,1626.81
7808,20284,2025-04-06 07:29:32,34,1,2098.05
7809,20287,2025-04-26 10:00:52,355,1,4384.45
7810,20288,2025-05-18 07:40:13,128,1,7580.95
7811,20289,2025-04-23 17:09:44,130,2,32537.78
7812,20290,2025-05-18 07:08:28,86,1,95739.09
7813,20302,2025-04-05 07:08:59,165,1,1732.53
7814,20308,2025-02-22 16:02:35,383,1,110906.1
7815,20308,2025-03-22 14:14:56,284,2,21340.64
7816,20312,2025-04-10 21:59:11,409,2,12592.94
7817,20312,2025-05-01 00:41:08,500,1,101175.55
7818,20317,2025-03-17 10:41:41,99,1,58745.84
7819,20319,2025-03-26 20:21:50,68,1,47179.0
7820,20320,2025-05-06 15:10:25,446,1,136780.08
7821,20323,2025-04-25 19:27:16,457,1,32494.5
7822,20326,2025-03-20 06:26:36,217,2,7579.78
7823,20328,2025-05-11 05:41:12,213,1,14323.4
7824,20330,2025-04-21 09:15:19,314,1,6987.52
7825,20331,2025-02-18 16:05:25,251,2,16656.58
7826,20331,2025-02-24 07:19:37,334,1,4204.59
7827,20335,2025-01-26 04:24:20,476,1,2319.27
7828,20340,2025-01-21 02:00:50,32,1,7276.12
7829,20348,2025-03-18 06:33:39,322,1,5485.52
7830,20349,2025-02-05 19:32:49,85,1,67271.34
7831,20369,2025-05-31 00:01:12,178,2,244050.44
7832,20370,2025-05-07 06:48:36,151,1,10165.09
7833,20371,2025-06-21 19:49:31,482,1,24845.6
7834,20372,2025-06-01 05:18:57,178,1,122025.22
7835,20374,2025-01-04 09:00:38,401,3,35072.01
7836,20374,2025-01-17 18:24:46,102,1,25792.01
7837,20384,2025-02-25 18:35:18,468,1,141578.31
7838,20392,2025-02-20 06:26:33,354,1,13893.05
7839,20393,2025-06-16 14:06:56,275,1,3307.48
7840,20396,2025-03-17 14:34:28,221,1,14298.27
7841,20397,2025-01-25 21:03:20,127,1,37875.42
7842,20399,2025-05-29 03:19:36,350,1,4462.47
7843,20401,2025-04-02 14:41:01,118,1,2075.07
7844,20401,2025-04-16 09:24:16,297,1,17729.74
7845,20402,2025-06-22 23:21:57,144,2,42271.54
7846,20410,2025-04-01 00:13:12,362,2,1078.4
7847,20412,2025-04-17 04:56:32,242,2,18570.78
7848,20413,2025-05-04 02:18:03,143,1,13152.69
7849,20414,2025-01-30 11:47:27,9,1,6572.8
7850,20418,2025-05-25 04:36:01,378,1,15995.17
7851,20425,2025-06-14 18:02:47,426,1,24723.16
7852,20426,2025-03-26 18:07:12,130,1,16268.89
7853,20431,2025-06-09 06:15:07,145,2,11507.6
7854,20435,2025-05-29 05:49:06,47,1,6372.46
7855,20438,2025-01-23 10:39:16,33,2,35525.88
7856,20441,2025-01-30 23:12:02,186,1,5082.83
7857,20444,2025-01-16 13:07:53,357,1,136130.58
7858,20447,2025-04-02 06:31:04,320,1,33560.76
7859,20448,2025-01-26 08:35:39,465,1,17429.18
7860,20449,2025-03-10 08:01:34,342,1,11288.79
7861,20450,2025-03-23 20:09:03,33,1,17762.94
7862,20453,2025-03-27 07:14:48,388,1,37608.5
7863,20457,2025-04-13 05:08:18,314,1,6987.52
7864,20463,2025-03-23 02:05:01,371,1,23547.53
7865,20468,2025-04-12 10:42:59,243,2,4505.16
7866,20468,2025-04-25 17:55:31,432,1,16557.1
7867,20475,2025-05-21 16:32:40,418,1,16621.38
7868,20478,2025-05-09 21:04:16,434,1,94224.67
7869,20486,2025-01-26 01:02:23,99,2,117491.68
7870,20491,2025-04-02 14:58:05,380,2,38985.32
7871,20491,2025-04-21 06:58:12,219,1,2535.54
7872,20497,2025-04-04 18:08:49,340,1,86475.35
7873,20501,2025-03-31 23:50:06,292,3,29360.28
7874,20502,2025-03-01 01:22:28,379,1,29755.14
7875,20503,2025-05-26 19:28:45,264,1,4577.56
7876,20503,2025-06-29 15:34:25,120,1,19023.98
7877,20506,2025-06-07 01:13:31,247,2,19795.5
7878,20506,2025-06-13 07:50:38,251,3,24984.87
7879,20506,2025-06-18 02:11:51,400,1,24109.01
7880,20511,2025-04-16 10:49:36,88,1,38903.03
7881,20513,2025-06-02 05:49:04,315,1,33862.07
7882,20520,2025-01-29 19:59:22,163,1,7638.19
7883,20524,2025-05-11 08:21:33,395,1,30745.93
7884,20531,2025-01-21 16:44:11,237,2,46242.54
7885,20533,2025-05-29 02:25:33,402,2,39298.5
7886,20536,2025-02-08 20:29:17,337,1,138096.58
7887,20542,2025-04-06 17:23:56,195,2,35484.1
7888,20547,2025-01-09 10:27:11,323,3,64131.87
7889,20548,2025-02-11 02:39:08,394,1,20682.69
7890,20550,2025-04-09 14:47:55,360,1,10778.02
7891,20551,2025-04-03 12:02:50,424,1,14170.15
7892,20551,2025-04-30 23:22:41,224,1,14553.13
7893,20552,2025-03-14 23:59:38,10,1,3952.37
7894,20552,2025-04-14 01:45:42,386,2,60282.94
7895,20555,2025-05-22 19:11:49,354,3,41679.15
7896,20557,2025-03-27 17:20:53,127,2,75750.84
7897,20566,2025-04-17 12:57:40,191,2,73536.04
7898,20566,2025-05-08 18:47:14,31,1,2221.64
7899,20569,2025-02-27 09:49:50,121,1,8945.4
7900,20572,2025-01-22 23:31:55,455,1,3164.97
7901,20574,2025-04-06 12:38:21,208,1,3468.77
7902,20575,2025-03-11 18:21:29,43,1,11732.3
7903,20581,2025-06-20 19:05:16,103,2,84657.22
7904,20582,2025-01-15 00:21:36,318,1,19551.59
7905,20583,2025-04-29 10:10:05,233,1,4628.25
7906,20591,2025-01-25 13:31:37,3,1,10094.67
7907,20594,2025-05-10 18:30:09,462,1,22303.0
7908,20595,2025-04-20 09:21:51,425,1,14314.74
7909,20596,2025-04-15 22:10:56,262,1,37057.19
7910,20599,2025-03-12 16:40:11,493,1,17276.96
7911,20601,2025-05-21 03:54:09,304,1,149568.6
7912,20601,2025-06-27 15:08:35,78,1,149482.7
7913,20606,2025-06-26 13:01:32,183,2,11468.28
7914,20610,2025-04-26 15:12:24,389,1,3219.85
7915,20618,2025-02-10 04:10:16,198,1,7794.51
7916,20621,2025-05-05 19:30:43,151,1,10165.09
7917,20621,2025-05-08 20:26:30,446,1,136780.08
7918,20624,2025-01-23 06:18:00,141,3,234019.32
7919,20624,2025-01-26 11:36:31,382,1,17566.23
7920,20626,2025-04-10 23:20:47,176,2,30582.34
7921,20630,2025-05-18 17:56:06,179,1,113736.5
7922,20633,2025-04-02 13:54:00,442,1,27027.64
7923,20635,2025-01-05 15:14:03,94,1,9377.5
7924,20638,2025-03-05 05:29:48,264,1,4577.56
7925,20640,2025-05-26 01:07:55,178,1,122025.22
7926,20643,2025-01-17 05:00:07,325,1,13982.87
7927,20647,2025-01-26 20:28:06,443,1,19089.94
7928,20649,2025-02-07 11:10:29,433,1,10765.07
7929,20649,2025-02-23 15:40:42,349,1,12041.93
7930,20653,2025-04-30 20:05:03,349,2,24083.86
7931,20656,2025-06-18 21:40:35,129,1,358.85
7932,20657,2025-06-18 08:57:13,281,1,8575.04
7933,20658,2025-02-24 03:06:39,353,1,14609.61
7934,20665,2025-02-17 04:48:33,488,1,32780.58
7935,20670,2025-06-18 18:24:10,95,2,28309.52
7936,20670,2025-06-21 20:40:43,255,1,3001.4
7937,20677,2025-05-16 08:07:12,348,1,11453.57
7938,20678,2025-03-26 03:17:15,228,2,18880.22
7939,20678,2025-04-26 07:42:04,435,1,4498.66
7940,20683,2025-02-22 13:59:42,404,3,41537.04
7941,20684,2025-01-10 16:23:17,500,2,202351.1
7942,20686,2025-03-09 01:55:35,98,2,25166.1
7943,20688,2025-06-30 09:50:51,364,2,9749.96
7944,20692,2025-03-09 09:54:42,334,1,4204.59
7945,20693,2025-02-24 12:49:55,300,2,22261.76
7946,20697,2025-05-07 11:04:05,39,1,19720.04
7947,20697,2025-05-15 22:48:39,124,1,4288.14
7948,20697,2025-06-01 13:00:04,203,2,26046.32
7949,20700,2025-03-02 06:57:20,202,3,6386.55
7950,20700,2025-03-27 04:07:15,378,1,15995.17
7951,20701,2025-02-13 22:13:44,242,1,9285.39
7952,20706,2025-01-30 10:45:27,344,1,21107.94
7953,20709,2025-06-11 12:49:44,100,2,35149.9
7954,20711,2025-05-23 12:10:18,484,1,92913.94
7955,20712,2025-06-13 16:54:08,210,2,25754.16
7956,20719,2025-04-24 21:55:23,171,1,15094.37
7957,20722,2025-05-17 16:04:13,475,1,11694.47
7958,20723,2025-01-06 13:26:46,77,1,70509.53
7959,20727,2025-04-01 16:10:35,486,1,5773.24
7960,20741,2025-03-13 01:10:05,63,1,8572.39
7961,20742,2025-03-20 05:49:12,311,1,90815.28
7962,20744,2025-05-16 15:09:58,185,2,25980.58
7963,20750,2025-04-26 09:57:58,185,1,12990.29
7964,20753,2025-02-25 08:15:24,488,1,32780.58
7965,20759,2025-05-29 20:15:17,405,1,20089.63
7966,20759,2025-06-18 19:00:38,355,2,8768.9
7967,20760,2025-04-28 21:56:24,29,1,73838.2
7968,20761,2025-04-08 20:03:00,53,1,67150.12
7969,20764,2025-01-09 18:42:13,249,1,2728.95
7970,20772,2025-04-24 22:00:56,333,1,4180.46
7971,20778,2025-04-28 14:12:07,230,1,3807.27
7972,20785,2025-01-27 01:24:02,484,2,185827.88
7973,20785,2025-03-01 21:17:35,326,1,81782.53
7974,20786,2025-04-21 11:00:43,105,1,7627.67
7975,20786,2025-06-16 17:12:09,435,1,4498.66
7976,20788,2025-06-15 05:13:42,46,1,115208.75
7977,20789,2025-01-27 21:15:16,32,1,7276.12
7978,20791,2025-04-05 18:23:33,405,1,20089.63
7979,20792,2025-02-19 03:54:00,439,1,35173.02
7980,20794,2025-02-27 02:36:04,59,1,43466.97
7981,20796,2025-02-26 17:32:59,198,2,15589.02
7982,20801,2025-06-03 01:13:02,102,2,51584.02
7983,20802,2025-05-24 22:58:03,132,1,7791.77
7984,20804,2025-04-17 04:31:04,314,1,6987.52
7985,20806,2025-03-10 06:10:46,95,1,14154.76
7986,20806,2025-03-31 09:48:21,274,1,21627.09
7987,20809,2025-03-27 00:04:43,457,1,32494.5
7988,20811,2025-05-18 03:52:09,163,1,7638.19
7989,20813,2025-03-11 16:54:16,186,1,5082.83
7990,20816,2025-05-31 16:20:16,137,1,47310.53
7991,20818,2025-05-09 16:31:08,229,2,61395.76
7992,20819,2025-06-22 05:43:50,88,1,38903.03
7993,20822,2025-06-17 20:36:50,52,1,4983.11
7994,20827,2025-05-16 16:22:33,285,1,115911.82
7995,20828,2025-03-19 12:28:48,198,1,7794.51
7996,20829,2025-03-04 05:23:45,404,1,13845.68
7997,20829,2025-03-18 22:08:22,279,1,11780.7
7998,20829,2025-04-02 03:03:22,396,1,110532.21
7999,20833,2025-06-14 15:33:31,307,1,22758.27
8000,20836,2025-06-11 03:27:32,350,1,4462.47
8001,20838,2025-04-05 01:41:32,212,1,105203.42
8002,20838,2025-04-17 04:10:28,313,3,35249.73
8003,20838,2025-04-25 00:54:39,452,1,17758.26
8004,20839,2025-02-14 18:41:13,336,1,11769.86
8005,20845,2025-01-15 15:39:54,476,1,2319.27
8006,20845,2025-01-23 06:04:58,313,3,35249.73
8007,20848,2025-03-07 07:50:22,372,1,1314.03
8008,20857,2025-04-26 22:49:04,212,1,105203.42
8009,20857,2025-05-05 13:19:36,387,1,28854.36
8010,20858,2025-05-23 13:09:05,380,2,38985.32
8011,20858,2025-06-01 00:06:06,27,2,3253.62
8012,20860,2025-03-23 03:00:56,393,1,13053.76
8013,20864,2025-01-18 10:46:24,476,1,2319.27
8014,20868,2025-04-30 09:36:55,358,1,8037.68
8015,20872,2025-04-27 12:25:34,312,1,24505.73
8016,20872,2025-05-15 01:23:38,29,3,221514.6
8017,20873,2025-04-27 19:06:01,181,1,11869.76
8018,20875,2025-03-27 21:58:03,493,1,17276.96
8019,20880,2025-02-25 08:51:25,94,1,9377.5
8020,20882,2025-05-03 22:32:26,224,1,14553.13
8021,20886,2025-03-20 14:32:18,327,1,8222.53
8022,20896,2025-06-20 20:05:18,442,3,81082.92
8023,20897,2025-02-19 06:21:04,284,2,21340.64
8024,20897,2025-03-01 09:38:25,9,1,6572.8
8025,20902,2025-03-27 12:21:29,210,2,25754.16
8026,20902,2025-04-12 07:24:28,169,1,2636.13
8027,20907,2025-04-16 00:19:33,101,2,38173.66
8028,20914,2025-01-16 20:49:17,206,1,23007.56
8029,20919,2025-04-14 15:25:21,447,3,4465.08
8030,20922,2025-05-16 05:01:36,95,1,14154.76
8031,20923,2025-05-21 09:25:43,434,1,94224.67
8032,20927,2025-02-23 21:45:41,97,1,623.51
8033,20929,2025-04-11 13:32:51,466,1,31559.05
8034,20930,2025-06-18 12:35:29,238,1,20295.06
8035,20934,2025-06-20 11:54:51,75,1,12610.21
8036,20941,2025-04-05 22:18:33,186,1,5082.83
8037,20942,2025-05-24 16:59:54,267,2,40109.58
8038,20942,2025-06-15 12:52:40,262,1,37057.19
8039,20948,2025-05-25 01:07:30,457,1,32494.5
8040,20948,2025-05-30 01:33:59,126,1,15953.08
8041,20952,2025-04-09 02:23:42,52,1,4983.11
8042,20955,2025-01-22 03:03:49,487,1,17124.6
8043,20958,2025-04-03 16:36:56,85,1,67271.34
8044,20959,2025-06-22 12:47:50,35,1,3087.93
8045,20960,2025-06-18 06:08:03,257,1,2435.84
8046,20961,2025-04-18 04:10:02,141,2,156012.88
8047,20961,2025-04-25 09:29:06,100,1,17574.95
8048,20962,2025-02-07 06:18:38,397,2,76277.14
8049,20964,2025-06-22 05:17:03,104,2,39382.48
8050,20972,2025-06-17 13:53:47,238,1,20295.06
8051,20973,2025-05-22 05:26:50,120,2,38047.96
8052,20975,2025-03-26 02:39:42,32,2,14552.24
8053,20978,2025-06-17 04:29:45,339,1,464.88
8054,20981,2025-06-18 12:15:40,326,1,81782.53
8055,20985,2025-05-27 22:34:47,488,1,32780.58
8056,20989,2025-03-30 10:50:37,308,1,10693.04
8057,20990,2025-03-26 15:56:15,185,1,12990.29
8058,20991,2025-06-30 06:19:31,291,2,2387.14
8059,20998,2025-06-13 02:23:09,469,2,16917.84
8060,20999,2025-04-26 13:00:33,45,1,25096.16
8061,21008,2025-03-07 00:45:13,456,3,59623.95
8062,21013,2025-04-11 02:55:30,15,1,9205.01
8063,21013,2025-05-20 07:00:38,261,1,19158.19
8064,21016,2025-02-12 06:53:36,498,1,13866.8
8065,21021,2025-03-30 06:04:34,399,1,17727.09
8066,21023,2025-05-19 04:20:17,32,2,14552.24
8067,21023,2025-05-25 03:44:55,206,1,23007.56
8068,21025,2025-05-27 07:08:57,188,1,631.77
8069,21027,2025-05-30 09:28:28,436,1,18344.93
8070,21027,2025-06-18 16:17:09,170,1,2620.79
8071,21031,2025-05-17 20:32:52,403,1,25390.62
8072,21037,2025-02-24 00:00:04,116,1,13895.24
8073,21040,2025-04-27 00:44:24,405,2,40179.26
8074,21042,2025-05-31 19:38:33,234,1,69647.59
8075,21046,2025-03-04 11:16:52,201,2,26205.44
8076,21046,2025-03-24 18:03:34,62,1,20430.08
8077,21048,2025-02-13 11:06:20,152,2,14447.34
8078,21054,2025-03-13 16:14:26,104,1,19691.24
8079,21055,2025-03-18 21:27:16,51,1,10465.17
8080,21056,2025-06-06 08:20:15,399,2,35454.18
8081,21058,2025-04-22 17:29:39,25,3,8831.76
8082,21065,2025-03-20 15:30:52,394,1,20682.69
8083,21066,2025-02-20 02:58:09,356,1,3337.9
8084,21072,2025-05-01 20:39:07,295,1,13255.4
8085,21073,2025-03-01 20:02:42,211,1,31008.7
8086,21074,2025-06-16 03:59:45,460,1,41328.67
8087,21075,2025-03-23 13:58:43,65,2,30197.48
8088,21077,2025-05-07 09:54:57,398,2,18976.62
8089,21082,2025-06-04 19:11:44,72,1,43803.67
8090,21088,2025-03-15 06:54:24,18,1,1846.66
8091,21093,2025-04-25 20:05:26,394,3,62048.07
8092,21094,2025-04-19 13:26:56,240,2,59269.46
8093,21098,2025-02-03 16:18:02,238,1,20295.06
8094,21101,2025-01-31 20:32:00,247,1,9897.75
8095,21102,2025-04-25 11:39:46,203,3,39069.48
8096,21102,2025-05-27 10:32:59,264,1,4577.56
8097,21114,2025-06-26 23:45:35,440,1,3107.23
8098,21117,2025-02-07 17:39:02,129,1,358.85
8099,21122,2025-05-13 04:52:30,336,1,11769.86
8100,21123,2025-01-30 10:57:46,355,1,4384.45
8101,21123,2025-02-11 05:53:15,285,1,115911.82
8102,21125,2025-03-05 18:26:30,203,2,26046.32
8103,21127,2025-02-10 11:25:36,76,1,513.56
8104,21127,2025-02-16 11:06:20,163,2,15276.38
8105,21129,2025-03-10 05:02:11,146,1,9446.45
8106,21130,2025-03-03 07:08:56,450,1,7501.43
8107,21130,2025-03-15 03:12:58,448,2,36988.52
8108,21131,2025-05-02 22:02:04,20,1,1778.75
8109,21133,2025-05-23 00:17:09,135,1,13650.75
8110,21133,2025-05-28 05:54:34,317,2,4709.76
8111,21136,2025-06-02 13:32:24,83,1,20559.25
8112,21139,2025-04-27 21:32:12,171,3,45283.11
8113,21140,2025-04-03 01:13:53,104,2,39382.48
8114,21143,2025-05-06 18:09:39,381,1,9476.92
8115,21149,2025-06-10 05:00:18,462,1,22303.0
8116,21153,2025-06-25 15:37:38,28,1,10248.86
8117,21158,2025-05-12 05:49:23,276,1,4843.01
8118,21158,2025-06-09 19:38:20,265,1,7512.87
8119,21160,2025-03-20 09:23:46,280,2,33604.64
8120,21162,2025-01-20 05:35:47,135,1,13650.75
8121,21162,2025-01-31 17:05:23,273,1,8130.43
8122,21171,2025-06-25 15:18:21,404,1,13845.68
8123,21175,2025-01-25 14:30:40,111,1,1028.45
8124,21178,2025-05-03 03:59:28,101,2,38173.66
8125,21179,2025-03-12 06:14:18,237,1,23121.27
8126,21182,2025-06-04 23:50:20,286,2,6379.96
8127,21183,2025-06-13 11:10:12,474,1,15410.11
8128,21183,2025-06-16 12:28:35,214,1,20873.19
8129,21185,2025-05-25 17:16:36,210,1,12877.08
8130,21188,2025-02-18 05:36:23,110,1,18441.82
8131,21188,2025-03-11 07:14:09,243,2,4505.16
8132,21195,2025-05-02 09:39:13,309,1,2510.1
8133,21197,2025-04-21 17:23:34,409,1,6296.47
8134,21197,2025-04-27 21:04:03,56,1,29155.33
8135,21197,2025-05-18 11:25:17,358,1,8037.68
8136,21199,2025-01-18 09:03:32,129,1,358.85
8137,21200,2025-06-12 00:19:13,74,1,24393.36
8138,21201,2025-03-12 10:33:03,462,1,22303.0
8139,21204,2025-06-29 08:34:30,223,1,11303.07
8140,21205,2025-02-05 12:17:22,180,1,22619.63
8141,21209,2025-04-23 18:14:05,87,1,23788.74
8142,21211,2025-01-13 00:45:46,199,1,130009.3
8143,21213,2025-02-14 05:41:30,139,2,2017.22
8144,21213,2025-02-25 14:24:42,74,2,48786.72
8145,21215,2025-05-03 09:56:45,402,2,39298.5
8146,21216,2025-05-28 13:39:08,216,1,43283.26
8147,21217,2025-04-23 12:02:52,316,1,5050.1
8148,21217,2025-05-01 17:38:12,205,1,14938.64
8149,21222,2025-06-28 11:11:25,93,1,5774.03
8150,21227,2025-05-07 13:58:09,13,1,2692.52
8151,21235,2025-03-08 17:45:01,106,2,8707.26
8152,21236,2025-01-20 20:05:43,148,1,129106.55
8153,21246,2025-05-07 19:08:20,320,2,67121.52
8154,21247,2025-06-18 15:37:17,6,2,9259.72
8155,21252,2025-03-30 03:56:45,140,1,49984.05
8156,21257,2025-06-27 02:58:42,387,1,28854.36
8157,21260,2025-05-28 08:54:30,369,1,14392.59
8158,21263,2025-02-18 08:17:19,86,1,95739.09
8159,21264,2025-06-10 03:28:01,319,1,29688.49
8160,21270,2025-02-18 03:51:31,1,2,14410.02
8161,21271,2025-03-08 15:28:45,383,1,110906.1
8162,21272,2025-04-16 07:05:13,83,2,41118.5
8163,21273,2025-04-11 20:09:44,185,2,25980.58
8164,21277,2025-03-01 19:47:20,288,1,11259.13
8165,21279,2025-06-20 00:00:17,304,1,149568.6
8166,21282,2025-03-15 21:43:27,11,1,55867.12
8167,21287,2025-03-01 04:39:28,436,1,18344.93
8168,21288,2025-05-03 15:51:06,311,1,90815.28
8169,21289,2025-03-30 06:17:46,48,2,10814.48
8170,21291,2025-05-28 09:57:50,34,1,2098.05
8171,21294,2025-01-21 00:21:27,385,3,1041.75
8172,21294,2025-02-09 12:08:03,41,1,8500.67
8173,21295,2025-03-06 01:06:28,107,1,11847.57
8174,21297,2025-04-16 21:53:32,471,1,29952.23
8175,21299,2025-04-30 06:03:26,369,1,14392.59
8176,21301,2025-02-07 05:27:06,40,2,2346.28
8177,21303,2025-05-28 12:06:35,280,3,50406.96
8178,21305,2025-05-12 04:37:31,299,1,9185.44
8179,21310,2025-04-30 21:55:49,436,1,18344.93
8180,21311,2025-03-15 17:51:06,292,1,9786.76
8181,21311,2025-03-31 01:26:59,39,1,19720.04
8182,21315,2025-06-09 22:06:23,126,1,15953.08
8183,21322,2025-03-07 00:03:36,111,1,1028.45
8184,21325,2025-03-18 03:35:52,400,1,24109.01
8185,21326,2025-03-16 08:39:11,243,1,2252.58
8186,21330,2025-01-21 03:46:12,183,1,5734.14
8187,21331,2025-05-26 13:17:31,164,2,201338.82
8188,21334,2025-02-17 19:24:23,91,1,115829.28
8189,21338,2025-03-05 16:31:21,210,3,38631.24
8190,21343,2025-06-27 12:09:30,99,1,58745.84
8191,21344,2025-02-17 14:58:49,364,1,4874.98
8192,21347,2025-04-30 14:22:48,270,1,514.56
8193,21354,2025-05-07 04:56:49,205,1,14938.64
8194,21357,2025-06-19 04:51:12,295,1,13255.4
8195,21358,2025-06-05 14:23:13,67,2,6491.1
8196,21361,2025-02-21 06:36:05,178,2,244050.44
8197,21362,2025-04-12 15:01:18,207,1,30716.03
8198,21365,2025-03-11 17:19:40,376,1,14562.53
8199,21367,2025-02-10 05:01:26,438,2,10826.8
8200,21369,2025-03-07 07:58:27,45,1,25096.16
8201,21376,2025-03-15 16:39:15,111,1,1028.45
8202,21378,2025-04-23 22:55:51,322,2,10971.04
8203,21386,2025-03-22 11:30:17,374,2,20918.58
8204,21387,2025-03-24 23:59:16,117,2,2992.88
8205,21388,2025-05-20 16:13:10,201,1,13102.72
8206,21398,2025-02-24 13:18:54,427,2,8625.32
8207,21405,2025-01-05 10:46:52,325,3,41948.61
8208,21408,2025-06-08 15:01:12,468,2,283156.62
8209,21410,2025-04-19 15:39:40,279,1,11780.7
8210,21416,2025-02-23 21:06:39,116,2,27790.48
8211,21417,2025-05-07 00:56:01,440,2,6214.46
8212,21430,2025-04-26 08:30:18,488,1,32780.58
8213,21432,2025-01-22 12:08:40,403,1,25390.62
8214,21438,2025-06-04 21:29:54,275,1,3307.48
8215,21440,2025-02-21 16:41:41,413,1,24752.33
8216,21441,2025-02-27 15:29:10,380,1,19492.66
8217,21444,2025-04-16 14:11:03,484,1,92913.94
8218,21450,2025-03-02 04:58:01,170,1,2620.79
8219,21455,2025-02-25 15:57:22,115,1,16709.38
8220,21455,2025-03-03 19:35:24,426,1,24723.16
8221,21457,2025-04-09 14:02:59,24,1,1604.34
8222,21457,2025-04-13 08:21:24,7,3,4226.82
8223,21457,2025-05-04 20:34:47,300,1,11130.88
8224,21458,2025-01-27 18:12:18,339,2,929.76
8225,21462,2025-03-30 05:37:35,47,1,6372.46
8226,21464,2025-05-24 05:37:47,124,1,4288.14
8227,21464,2025-06-05 21:14:52,329,3,33644.4
8228,21465,2025-03-22 07:14:39,145,1,5753.8
8229,21466,2025-06-18 18:19:41,231,1,2920.42
8230,21467,2025-03-17 16:10:36,260,1,13781.16
8231,21471,2025-02-28 22:57:16,18,2,3693.32
8232,21473,2025-02-11 15:00:51,243,1,2252.58
8233,21478,2025-03-08 06:45:31,220,1,2583.92
8234,21485,2025-04-14 16:56:42,223,1,11303.07
8235,21486,2025-06-11 22:53:20,165,1,1732.53
8236,21493,2025-02-04 06:20:26,286,1,3189.98
8237,21497,2025-05-20 06:45:14,64,1,23300.53
8238,21498,2025-05-25 19:08:09,263,1,38988.81
8239,21501,2025-03-15 19:17:46,395,1,30745.93
8240,21507,2025-02-11 08:04:13,231,2,5840.84
8241,21511,2025-02-17 08:26:25,204,1,3831.25
8242,21511,2025-02-20 19:44:14,318,1,19551.59
8243,21512,2025-04-03 00:33:04,13,1,2692.52
8244,21515,2025-02-08 02:44:09,106,1,4353.63
8245,21518,2025-03-19 09:05:26,134,1,3801.47
8246,21527,2025-03-27 13:31:50,417,1,32512.83
8247,21533,2025-06-18 19:10:23,153,1,1050.14
8248,21534,2025-04-19 15:09:34,455,1,3164.97
8249,21540,2025-04-25 23:22:36,364,3,14624.94
8250,21542,2025-02-10 11:17:36,32,1,7276.12
8251,21544,2025-06-26 01:26:16,363,1,38026.37
8252,21553,2025-05-11 23:04:54,74,1,24393.36
8253,21556,2025-02-15 07:43:36,288,1,11259.13
8254,21565,2025-04-13 03:57:44,301,1,44256.21
8255,21566,2025-06-28 00:45:33,7,2,2817.88
8256,21569,2025-04-25 17:32:10,382,1,17566.23
8257,21573,2025-05-21 05:40:06,435,2,8997.32
8258,21574,2025-02-08 17:08:00,135,1,13650.75
8259,21576,2025-01-15 12:21:53,321,1,133685.08
8260,21578,2025-05-13 02:24:38,381,2,18953.84
8261,21578,2025-06-06 10:35:23,217,2,7579.78
8262,21579,2025-03-28 21:19:15,177,1,6007.88
8263,21583,2025-04-17 20:00:58,260,1,13781.16
8264,21588,2025-06-01 14:44:57,203,1,13023.16
8265,21591,2025-02-16 20:41:10,235,1,42017.2
8266,21592,2025-05-09 19:51:53,178,1,122025.22
8267,21602,2025-06-29 23:11:32,325,1,13982.87
8268,21604,2025-03-26 07:16:01,238,2,40590.12
8269,21607,2025-01-02 18:57:05,148,1,129106.55
8270,21608,2025-05-05 21:39:44,489,2,16663.02
8271,21613,2025-02-14 09:14:47,210,1,12877.08
8272,21617,2025-02-20 03:49:17,121,1,8945.4
8273,21618,2025-06-17 18:11:12,427,2,8625.32
8274,21620,2025-04-25 15:34:31,465,1,17429.18
8275,21622,2025-06-02 09:19:35,9,1,6572.8
8276,21622,2025-06-07 05:56:19,167,1,26417.09
8277,21635,2025-06-20 09:07:39,142,1,10287.19
8278,21636,2025-05-22 22:27:07,396,1,110532.21
8279,21639,2025-02-20 10:48:29,316,1,5050.1
8280,21641,2025-06-07 18:22:07,172,1,36415.92
8281,21641,2025-06-16 11:27:02,348,1,11453.57
8282,21644,2025-03-21 19:33:47,7,2,2817.88
8283,21648,2025-04-28 00:43:13,165,1,1732.53
8284,21648,2025-05-02 18:40:48,298,3,38079.66
8285,21650,2025-06-17 03:36:25,413,2,49504.66
8286,21653,2025-02-08 17:10:35,48,1,5407.24
8287,21654,2025-04-22 05:08:06,310,1,1082.78
8288,21659,2025-03-10 04:14:39,85,1,67271.34
8289,21659,2025-03-23 09:30:44,114,1,3834.0
8290,21662,2025-02-17 10:06:50,294,1,34584.69
8291,21663,2025-02-23 16:55:45,208,1,3468.77
8292,21665,2025-02-15 01:34:19,131,1,10203.73
8293,21669,2025-06-28 10:31:29,121,1,8945.4
8294,21679,2025-06-14 23:50:29,354,1,13893.05
8295,21680,2025-03-28 11:09:42,478,1,37666.35
8296,21681,2025-01-06 17:57:12,387,1,28854.36
8297,21681,2025-02-03 07:11:36,38,1,12400.94
8298,21682,2025-04-06 09:42:29,466,1,31559.05
8299,21683,2025-06-21 04:26:21,142,2,20574.38
8300,21689,2025-01-30 19:48:10,489,1,8331.51
8301,21692,2025-03-20 15:31:45,76,1,513.56
8302,21692,2025-04-10 22:48:17,299,1,9185.44
8303,21692,2025-05-05 08:02:38,231,1,2920.42
8304,21692,2025-05-31 04:31:34,342,1,11288.79
8305,21692,2025-06-19 21:22:23,186,1,5082.83
8306,21693,2025-02-27 05:37:08,313,2,23499.82
8307,21697,2025-04-28 10:25:25,34,3,6294.15
8308,21697,2025-05-10 18:48:39,488,2,65561.16
8309,21701,2025-03-23 10:06:08,48,1,5407.24
8310,21702,2025-04-10 17:32:18,479,1,17062.05
8311,21709,2025-06-17 23:55:39,459,2,5392.06
8312,21710,2025-02-17 14:39:39,379,2,59510.28
8313,21713,2025-05-25 18:21:07,393,1,13053.76
8314,21714,2025-05-11 02:29:13,498,1,13866.8
8315,21716,2025-06-14 13:52:47,283,2,77262.88
8316,21717,2025-03-04 02:04:22,438,1,5413.4
8317,21727,2025-05-04 02:21:10,491,1,912.64
8318,21730,2025-01-23 03:47:40,489,1,8331.51
8319,21733,2025-06-07 01:57:39,64,1,23300.53
8320,21733,2025-06-14 10:22:53,30,1,43984.69
8321,21734,2025-04-07 02:54:26,166,1,15176.99
8322,21739,2025-03-14 20:58:52,240,1,29634.73
8323,21740,2025-03-03 18:54:08,19,1,2770.09
8324,21740,2025-03-10 14:08:46,170,1,2620.79
8325,21742,2025-01-14 20:57:28,365,1,13691.92
8326,21742,2025-02-04 23:51:56,376,1,14562.53
8327,21745,2025-05-10 03:46:51,197,1,1108.19
8328,21745,2025-05-22 09:12:17,344,1,21107.94
8329,21746,2025-03-03 05:46:29,107,1,11847.57
8330,21747,2025-02-17 01:49:52,110,3,55325.46
8331,21749,2025-01-18 22:33:19,386,1,30141.47
8332,21750,2025-05-10 03:58:08,316,1,5050.1
8333,21751,2025-05-12 08:25:02,385,1,347.25
8334,21751,2025-06-07 16:55:10,53,1,67150.12
8335,21753,2025-04-13 06:06:30,68,1,47179.0
8336,21754,2025-06-23 01:55:13,95,1,14154.76
8337,21756,2025-02-05 12:02:20,489,1,8331.51
8338,21768,2025-01-03 18:31:28,120,2,38047.96
8339,21768,2025-01-17 00:14:00,384,1,4013.53
8340,21769,2025-01-25 23:44:38,355,1,4384.45
8341,21772,2025-01-29 18:15:22,339,1,464.88
8342,21772,2025-02-19 06:44:16,83,1,20559.25
8343,21776,2025-01-27 22:16:42,281,1,8575.04
8344,21776,2025-02-13 12:40:25,402,1,19649.25
8345,21780,2025-02-25 23:05:20,112,3,20431.32
8346,21781,2025-06-22 19:50:17,160,1,13826.53
8347,21784,2025-03-12 23:09:06,5,1,111884.19
8348,21792,2025-02-03 22:58:00,319,1,29688.49
8349,21793,2025-04-14 10:38:34,496,2,63079.82
8350,21793,2025-05-13 16:05:05,149,2,20632.22
8351,21795,2025-06-01 03:52:53,465,1,17429.18
8352,21797,2025-06-21 00:41:52,137,1,47310.53
8353,21800,2025-04-03 12:43:07,499,1,3999.82
8354,21804,2025-06-09 06:30:32,146,1,9446.45
8355,21805,2025-02-02 21:35:54,337,1,138096.58
8356,21807,2025-04-10 02:13:06,367,1,5745.57
8357,21807,2025-05-06 12:20:07,27,2,3253.62
8358,21808,2025-02-09 13:29:18,363,1,38026.37
8359,21808,2025-02-16 06:35:05,357,1,136130.58
8360,21818,2025-01-23 20:23:40,171,1,15094.37
8361,21824,2025-04-23 10:00:31,120,1,19023.98
8362,21826,2025-06-14 08:01:43,474,1,15410.11
8363,21827,2025-06-22 15:56:10,421,1,3913.39
8364,21827,2025-06-27 15:55:54,336,1,11769.86
8365,21831,2025-01-10 09:29:55,186,1,5082.83
8366,21835,2025-05-11 08:50:13,45,1,25096.16
8367,21836,2025-05-22 08:46:17,444,2,296496.32
8368,21840,2025-01-27 11:36:38,335,1,6200.21
8369,21841,2025-01-17 07:23:29,157,1,103545.76
8370,21842,2025-03-10 14:43:49,301,1,44256.21
8371,21844,2025-03-01 21:51:59,28,1,10248.86
8372,21851,2025-04-07 22:58:20,351,1,2039.17
8373,21851,2025-04-21 02:38:10,417,1,32512.83
8374,21852,2025-06-19 07:42:52,265,1,7512.87
8375,21860,2025-05-04 11:36:50,496,1,31539.91
8376,21862,2025-03-18 22:29:05,99,1,58745.84
8377,21866,2025-06-25 15:28:02,264,1,4577.56
8378,21867,2025-02-25 15:08:13,85,1,67271.34
8379,21868,2025-02-20 16:19:38,146,1,9446.45
8380,21872,2025-03-19 17:18:44,28,2,20497.72
8381,21874,2025-05-24 14:36:23,52,1,4983.11
8382,21876,2025-01-20 13:06:15,449,1,651.83
8383,21877,2025-04-03 12:20:39,110,1,18441.82
8384,21877,2025-04-10 08:02:22,9,1,6572.8
8385,21880,2025-06-14 12:51:12,43,1,11732.3
8386,21883,2025-02-08 10:04:19,167,3,79251.27
8387,21889,2025-01-29 23:26:12,467,1,82011.77
8388,21897,2025-03-10 22:32:22,61,1,102219.65
8389,21899,2025-04-30 07:40:59,433,1,10765.07
8390,21899,2025-05-13 00:43:39,343,1,71441.06
8391,21901,2025-03-09 07:00:44,416,1,36650.72
8392,21902,2025-02-28 17:45:31,480,1,35487.49
8393,21904,2025-02-05 06:48:07,100,1,17574.95
8394,21906,2025-05-31 00:18:13,392,2,7862.62
8395,21912,2025-04-28 11:28:03,410,1,90198.25
8396,21912,2025-05-05 16:43:50,313,1,11749.91
8397,21914,2025-04-12 23:45:48,425,1,14314.74
8398,21916,2025-06-22 00:01:39,461,1,5690.14
8399,21918,2025-06-17 19:00:29,263,1,38988.81
8400,21921,2025-03-05 19:38:35,472,2,94432.38
8401,21922,2025-03-26 02:42:01,400,1,24109.01
8402,21922,2025-04-07 12:20:01,445,1,1748.17
8403,21924,2025-05-10 03:36:48,78,1,149482.7
8404,21928,2025-06-18 09:33:59,404,1,13845.68
8405,21938,2025-02-08 17:25:32,102,1,25792.01
8406,21939,2025-01-06 11:00:09,115,1,16709.38
8407,21942,2025-01-10 13:33:55,424,1,14170.15
8408,21944,2025-06-04 21:57:46,438,1,5413.4
8409,21947,2025-04-02 20:37:30,286,3,9569.94
8410,21949,2025-01-23 12:09:17,48,1,5407.24
8411,21949,2025-01-31 15:28:47,273,2,16260.86
8412,21950,2025-04-22 18:30:20,498,1,13866.8
8413,21951,2025-04-15 20:43:18,252,1,5818.59
8414,21954,2025-03-22 17:45:08,68,2,94358.0
8415,21956,2025-05-06 00:47:00,429,2,5579.72
8416,21957,2025-06-25 11:39:05,189,1,9592.2
8417,21961,2025-04-08 20:57:39,66,1,7734.16
8418,21964,2025-05-08 22:29:52,362,1,539.2
8419,21967,2025-03-27 02:35:01,103,3,126985.83
8420,21978,2025-03-03 10:52:47,98,1,12583.05
8421,21986,2025-04-13 09:33:13,362,2,1078.4
8422,21986,2025-04-23 10:23:47,101,1,19086.83
8423,21989,2025-06-07 03:00:17,472,3,141648.57
8424,21990,2025-06-25 11:01:58,96,1,1401.59
8425,21992,2025-06-10 18:55:55,329,1,11214.8
8426,21999,2025-05-27 19:40:54,207,1,30716.03
8427,22000,2025-02-14 14:00:35,210,1,12877.08
8428,22008,2025-01-27 08:59:53,445,2,3496.34
8429,22013,2025-06-26 23:46:23,77,1,70509.53
8430,22018,2025-05-15 03:59:04,70,1,5458.68
8431,22022,2025-02-08 16:47:40,432,2,33114.2
8432,22022,2025-02-18 13:56:22,76,2,1027.12
8433,22023,2025-03-20 21:34:39,453,1,3275.21
8434,22026,2025-04-10 03:37:23,97,1,623.51
8435,22026,2025-04-15 14:28:22,329,2,22429.6
8436,22027,2025-03-22 05:42:29,235,1,42017.2
8437,22033,2025-01-25 05:21:20,12,1,10398.85
8438,22038,2025-04-20 00:51:20,322,2,10971.04
8439,22039,2025-05-06 01:35:24,223,1,11303.07
8440,22040,2025-06-02 05:17:04,85,1,67271.34
8441,22042,2025-05-04 16:08:33,292,1,9786.76
8442,22043,2025-06-23 16:42:09,44,1,6132.16
8443,22049,2025-03-13 09:48:39,101,1,19086.83
8444,22052,2025-06-04 04:42:24,230,1,3807.27
8445,22056,2025-02-04 00:50:11,233,1,4628.25
8446,22057,2025-01-27 20:32:21,56,1,29155.33
8447,22058,2025-06-22 03:18:10,115,1,16709.38
8448,22060,2025-05-27 06:48:12,148,1,129106.55
8449,22061,2025-05-12 10:55:20,442,1,27027.64
8450,22064,2025-02-13 21:44:20,276,2,9686.02
8451,22064,2025-03-13 13:52:55,214,1,20873.19
8452,22065,2025-06-14 12:19:12,337,1,138096.58
8453,22077,2025-03-06 00:31:15,18,1,1846.66
8454,22084,2025-04-16 08:46:24,261,1,19158.19
8455,22086,2025-02-03 14:59:21,185,1,12990.29
8456,22088,2025-02-28 06:39:43,194,1,1522.19
8457,22089,2025-03-25 18:29:58,188,2,1263.54
8458,22094,2025-05-10 07:59:31,331,1,10724.43
8459,22095,2025-03-24 06:22:10,426,1,24723.16
8460,22095,2025-04-16 12:06:29,41,2,17001.34
8461,22099,2025-05-07 19:28:59,214,1,20873.19
8462,22105,2025-02-04 19:27:14,198,2,15589.02
8463,22106,2025-01-28 18:06:33,280,1,16802.32
8464,22107,2025-04-04 01:37:26,460,1,41328.67
8465,22107,2025-04-11 00:45:49,316,1,5050.1
8466,22109,2025-02-08 07:38:38,104,1,19691.24
8467,22112,2025-02-24 09:37:23,439,3,105519.06
8468,22116,2025-06-04 18:48:54,349,1,12041.93
8469,22117,2025-03-24 03:22:50,448,1,18494.26
8470,22119,2025-04-26 12:03:06,457,2,64989.0
8471,22120,2025-02-26 00:14:19,281,2,17150.08
8472,22122,2025-06-12 08:18:22,469,1,8458.92
8473,22123,2025-03-19 15:52:52,408,1,8934.48
8474,22130,2025-02-21 12:19:58,100,1,17574.95
8475,22135,2025-02-06 00:24:01,392,2,7862.62
8476,22137,2025-03-28 00:44:35,443,1,19089.94
8477,22138,2025-01-28 09:09:40,120,1,19023.98
8478,22139,2025-05-12 15:00:54,12,1,10398.85
8479,22140,2025-03-17 18:41:53,214,1,20873.19
8480,22146,2025-04-15 04:08:17,80,1,124124.35
8481,22147,2025-03-09 17:44:16,288,1,11259.13
8482,22147,2025-03-17 11:26:04,331,1,10724.43
8483,22147,2025-04-02 23:14:07,216,1,43283.26
8484,22151,2025-05-24 12:50:32,134,1,3801.47
8485,22155,2025-05-10 05:43:23,267,1,20054.79
8486,22156,2025-05-03 20:54:21,494,1,495.37
8487,22163,2025-03-30 07:55:52,199,1,130009.3
8488,22164,2025-02-02 00:33:09,266,1,8000.62
8489,22166,2025-06-21 06:41:13,70,2,10917.36
8490,22173,2025-01-22 21:06:16,181,1,11869.76
8491,22175,2025-06-19 13:17:36,491,1,912.64
8492,22181,2025-04-13 02:01:28,321,1,133685.08
8493,22184,2025-06-23 17:24:21,310,1,1082.78
8494,22185,2025-05-25 03:12:33,326,1,81782.53
8495,22190,2025-05-28 15:47:23,328,1,7767.1
8496,22192,2025-02-13 01:08:54,360,1,10778.02
8497,22201,2025-02-20 19:20:10,281,1,8575.04
8498,22204,2025-05-17 22:05:49,363,1,38026.37
8499,22207,2025-05-24 14:08:33,311,1,90815.28
8500,22208,2025-04-09 08:38:13,287,1,5328.56
8501,22208,2025-05-16 05:50:56,120,1,19023.98
8502,22210,2025-01-20 04:32:03,82,1,12391.54
8503,22217,2025-05-28 15:34:36,227,1,1864.51
8504,22224,2025-03-21 14:05:08,500,1,101175.55
8505,22225,2025-04-16 14:32:33,307,1,22758.27
8506,22228,2025-02-28 15:32:46,223,2,22606.14
8507,22228,2025-03-10 17:34:47,46,1,115208.75
8508,22229,2025-03-18 11:00:00,105,1,7627.67
8509,22229,2025-04-04 14:01:03,22,1,12590.38
8510,22231,2025-01-06 23:16:33,367,1,5745.57
8511,22238,2025-04-26 10:55:26,476,1,2319.27
8512,22240,2025-05-06 09:43:45,115,2,33418.76
8513,22242,2025-05-25 12:25:47,33,1,17762.94
8514,22243,2025-02-21 20:59:57,247,1,9897.75
8515,22245,2025-06-04 17:36:33,182,3,15004.77
8516,22245,2025-06-21 05:33:51,332,1,502.68
8517,22246,2025-06-17 21:43:31,297,1,17729.74
8518,22252,2025-05-24 05:30:56,65,2,30197.48
8519,22261,2025-05-04 05:27:25,213,2,28646.8
8520,22264,2025-06-15 02:15:12,23,1,24086.36
8521,22265,2025-06-05 06:58:23,409,3,18889.41
8522,22270,2025-01-30 21:21:44,246,1,4485.92
8523,22270,2025-02-03 19:28:21,185,1,12990.29
8524,22272,2025-02-23 09:53:28,251,1,8328.29
8525,22274,2025-04-23 13:50:52,21,1,14166.0
8526,22281,2025-03-18 19:45:50,280,1,16802.32
8527,22282,2025-06-20 03:06:54,259,2,19098.98
8528,22284,2025-01-16 00:02:25,9,1,6572.8
8529,22291,2025-05-17 11:46:31,2,1,19570.0
8530,22293,2025-04-13 23:12:48,241,1,11168.82
8531,22293,2025-05-22 16:40:35,423,2,39231.94
8532,22296,2025-06-14 12:36:13,494,1,495.37
8533,22303,2025-06-27 03:58:22,476,1,2319.27
8534,22306,2025-05-05 06:42:30,373,1,4993.75
8535,22308,2025-01-19 02:18:59,363,1,38026.37
8536,22312,2025-03-28 16:51:36,162,1,6647.03
8537,22314,2025-03-25 13:00:06,432,1,16557.1
8538,22315,2025-06-08 01:33:02,244,1,3774.78
8539,22321,2025-02-22 02:55:12,308,1,10693.04
8540,22324,2025-05-20 03:31:44,270,1,514.56
8541,22324,2025-06-01 20:03:32,437,1,1479.71
8542,22331,2025-01-11 12:50:00,500,1,101175.55
8543,22338,2025-06-11 23:22:25,65,1,15098.74
8544,22339,2025-02-01 11:47:34,465,2,34858.36
8545,22339,2025-02-21 09:55:55,392,2,7862.62
8546,22339,2025-03-09 02:18:28,476,1,2319.27
8547,22339,2025-03-14 09:01:41,77,1,70509.53
8548,22345,2025-05-29 05:40:41,200,1,7837.57
8549,22349,2025-06-10 17:12:44,465,2,34858.36
8550,22352,2025-06-09 03:27:03,74,1,24393.36
8551,22353,2025-02-17 13:04:43,458,1,50236.06
8552,22353,2025-02-21 04:44:06,210,1,12877.08
8553,22354,2025-06-25 07:39:47,416,2,73301.44
8554,22360,2025-06-12 14:51:52,392,1,3931.31
8555,22361,2025-04-18 15:16:33,475,1,11694.47
8556,22364,2025-06-13 00:37:42,332,2,1005.36
8557,22367,2025-06-11 12:05:42,158,2,4393.52
8558,22368,2025-03-26 09:19:55,53,1,67150.12
8559,22371,2025-05-22 05:03:20,385,1,347.25
8560,22374,2025-03-31 18:10:06,341,1,4466.97
8561,22374,2025-04-12 03:20:01,452,2,35516.52
8562,22376,2025-05-25 16:13:41,409,2,12592.94
8563,22377,2025-04-14 01:23:34,397,1,38138.57
8564,22379,2025-03-01 00:44:07,135,2,27301.5
8565,22380,2025-06-06 07:00:55,472,1,47216.19
8566,22381,2025-03-19 07:42:58,78,3,448448.1
8567,22384,2025-06-23 12:48:34,468,2,283156.62
8568,22385,2025-05-25 08:49:43,471,1,29952.23
8569,22387,2025-03-16 10:12:08,328,1,7767.1
8570,22390,2025-03-28 22:56:18,364,3,14624.94
8571,22390,2025-04-13 03:43:03,351,2,4078.34
8572,22393,2025-06-20 10:12:46,155,1,27789.39
8573,22400,2025-04-26 14:20:12,384,1,4013.53
8574,22404,2025-05-16 10:39:10,228,2,18880.22
8575,22413,2025-05-01 03:04:05,488,1,32780.58
8576,22417,2025-01-20 01:06:10,148,2,258213.1
8577,22418,2025-01-19 22:50:29,173,1,3095.58
8578,22426,2025-02-21 14:46:38,152,1,7223.67
8579,22430,2025-04-15 00:53:02,101,1,19086.83
8580,22431,2025-03-25 00:40:50,473,1,1074.49
8581,22442,2025-06-08 05:37:21,244,1,3774.78
8582,22442,2025-06-12 05:00:48,425,1,14314.74
8583,22452,2025-02-17 10:49:09,322,1,5485.52
8584,22452,2025-03-03 04:55:47,424,1,14170.15
8585,22454,2025-02-01 19:39:07,445,1,1748.17
8586,22454,2025-03-01 10:30:00,378,1,15995.17
8587,22459,2025-02-17 21:33:15,160,1,13826.53
8588,22462,2025-02-12 20:25:20,233,1,4628.25
8589,22471,2025-01-04 09:49:51,210,1,12877.08
8590,22471,2025-01-16 21:35:42,217,1,3789.89
8591,22472,2025-03-02 16:38:34,142,1,10287.19
8592,22473,2025-02-24 07:02:45,34,1,2098.05
8593,22476,2025-05-07 15:38:36,56,2,58310.66
8594,22480,2025-04-22 03:13:37,358,1,8037.68
8595,22483,2025-04-28 23:12:53,221,2,28596.54
8596,22483,2025-05-10 20:31:56,30,1,43984.69
8597,22490,2025-04-04 06:12:47,182,1,5001.59
8598,22491,2025-05-02 14:03:18,444,2,296496.32
8599,22496,2025-06-16 14:05:58,260,1,13781.16
8600,22509,2025-03-01 23:14:27,373,1,4993.75
8601,22511,2025-04-15 17:24:48,447,1,1488.36
8602,22512,2025-03-11 11:14:25,395,1,30745.93
8603,22514,2025-05-15 20:17:28,252,1,5818.59
8604,22515,2025-01-28 03:37:48,120,2,38047.96
8605,22522,2025-04-18 16:57:50,30,1,43984.69
8606,22523,2025-04-26 19:54:20,450,1,7501.43
8607,22523,2025-05-12 13:36:00,390,3,11778.15
8608,22523,2025-05-30 12:53:50,366,1,9798.21
8609,22524,2025-02-02 17:15:40,153,2,2100.28
8610,22524,2025-02-17 01:00:53,29,1,73838.2
8611,22525,2025-01-26 00:17:17,34,1,2098.05
8612,22528,2025-04-12 02:44:54,41,1,8500.67
8613,22530,2025-04-06 21:58:24,274,2,43254.18
8614,22531,2025-04-28 11:27:29,81,1,47864.88
8615,22531,2025-05-11 20:22:38,222,1,8006.41
8616,22532,2025-03-05 02:07:39,59,2,86933.94
8617,22535,2025-06-13 03:58:51,496,1,31539.91
8618,22538,2025-05-23 11:12:27,429,1,2789.86
8619,22539,2025-03-11 00:11:18,489,1,8331.51
8620,22539,2025-03-30 03:39:10,161,1,49810.77
8621,22540,2025-06-12 10:09:19,178,1,122025.22
8622,22542,2025-05-25 16:03:45,66,1,7734.16
8623,22547,2025-03-09 19:35:43,424,1,14170.15
8624,22558,2025-02-06 15:06:58,331,1,10724.43
8625,22559,2025-01-08 08:17:43,492,1,8731.65
8626,22561,2025-03-29 17:44:20,54,1,4159.48
8627,22564,2025-01-15 16:02:14,278,1,12926.7
8628,22567,2025-04-14 09:05:09,289,2,233045.08
8629,22570,2025-01-29 22:52:59,481,1,3800.46
8630,22570,2025-04-10 16:03:25,357,1,136130.58
8631,22571,2025-01-13 09:51:38,387,1,28854.36
8632,22574,2025-01-27 19:30:34,195,1,17742.05
8633,22577,2025-04-24 14:22:10,377,2,13009.02
8634,22577,2025-05-15 16:40:04,262,2,74114.38
8635,22577,2025-05-26 23:56:56,20,1,1778.75
8636,22581,2025-01-09 10:10:05,440,3,9321.69
8637,22585,2025-03-26 00:41:46,66,1,7734.16
8638,22589,2025-03-21 14:04:04,137,1,47310.53
8639,22590,2025-03-04 01:53:25,363,1,38026.37
8640,22596,2025-05-13 19:08:07,292,1,9786.76
8641,22602,2025-06-21 17:41:26,464,1,28260.63
8642,22603,2025-04-10 08:49:34,260,2,27562.32
8643,22608,2025-05-27 22:10:29,458,3,150708.18
8644,22611,2025-06-28 18:37:41,396,1,110532.21
8645,22616,2025-06-27 04:27:21,12,1,10398.85
8646,22620,2025-06-07 15:25:39,460,2,82657.34
8647,22623,2025-01-14 08:14:49,229,1,30697.88
8648,22625,2025-04-10 21:52:08,453,1,3275.21
8649,22626,2025-05-23 19:54:49,128,1,7580.95
8650,22627,2025-02-04 11:16:02,425,1,14314.74
8651,22628,2025-05-24 08:13:02,207,2,61432.06
8652,22633,2025-05-28 10:14:12,24,1,1604.34
8653,22636,2025-02-08 09:14:25,397,2,76277.14
8654,22636,2025-03-04 14:10:46,442,2,54055.28
8655,22636,2025-03-15 03:05:51,98,2,25166.1
8656,22639,2025-04-07 07:52:03,277,1,134439.28
8657,22640,2025-05-22 04:16:36,282,1,1113.3
8658,22647,2025-05-24 21:18:42,37,1,884.45
8659,22647,2025-06-15 13:23:41,26,1,10901.13
8660,22649,2025-03-30 21:14:13,319,1,29688.49
8661,22654,2025-04-22 16:54:55,15,3,27615.03
8662,22656,2025-06-14 01:53:17,374,2,20918.58
8663,22660,2025-03-18 20:16:58,399,1,17727.09
8664,22667,2025-04-24 18:58:36,384,1,4013.53
8665,22669,2025-03-03 17:49:01,496,2,63079.82
8666,22676,2025-05-06 22:32:01,81,2,95729.76
8667,22676,2025-05-13 04:45:47,472,1,47216.19
8668,22677,2025-01-17 15:43:38,78,1,149482.7
8669,22681,2025-01-26 00:55:48,199,1,130009.3
8670,22682,2025-04-12 00:34:36,89,2,231384.36
8671,22684,2025-01-04 21:22:57,51,1,10465.17
8672,22685,2025-06-21 05:09:07,131,1,10203.73
8673,22687,2025-01-19 05:29:52,233,1,4628.25
8674,22689,2025-01-13 18:48:21,284,1,10670.32
8675,22692,2025-01-20 13:26:42,347,1,26954.74
8676,22694,2025-01-09 09:28:56,371,2,47095.06
8677,22696,2025-01-23 15:04:11,356,1,3337.9
8678,22696,2025-02-05 04:51:32,185,1,12990.29
8679,22698,2025-03-12 19:14:01,485,1,26241.01
8680,22700,2025-03-08 15:31:51,311,1,90815.28
8681,22700,2025-04-14 13:22:46,329,1,11214.8
8682,22701,2025-01-28 02:59:06,30,2,87969.38
8683,22702,2025-06-08 00:57:05,305,1,2454.31
8684,22704,2025-04-24 02:08:13,181,1,11869.76
8685,22704,2025-04-27 21:55:16,402,2,39298.5
8686,22705,2025-04-20 04:51:38,62,2,40860.16
8687,22705,2025-05-02 11:32:04,414,1,20297.26
8688,22707,2025-06-16 03:03:50,429,1,2789.86
8689,22709,2025-02-04 16:20:45,128,3,22742.85
8690,22709,2025-03-08 05:30:02,157,1,103545.76
8691,22710,2025-02-24 08:25:00,286,1,3189.98
8692,22710,2025-03-03 08:23:57,416,1,36650.72
8693,22711,2025-05-07 07:22:09,456,1,19874.65
8694,22712,2025-05-15 07:20:10,244,2,7549.56
8695,22718,2025-01-19 06:12:53,422,2,16095.9
8696,22718,2025-02-07 20:35:02,225,1,3052.25
8697,22718,2025-02-15 09:41:37,382,3,52698.69
8698,22724,2025-03-15 19:30:09,422,1,8047.95
8699,22726,2025-02-04 16:21:35,229,1,30697.88
8700,22726,2025-02-11 16:50:42,479,2,34124.1
8701,22733,2025-02-17 23:32:19,335,1,6200.21
8702,22735,2025-01-30 18:52:51,261,1,19158.19
8703,22736,2025-06-11 05:30:27,432,1,16557.1
8704,22741,2025-01-11 10:46:55,462,1,22303.0
8705,22747,2025-03-05 16:27:47,174,1,2937.34
8706,22748,2025-02-26 02:53:11,48,1,5407.24
8707,22752,2025-02-06 13:32:46,15,1,9205.01
8708,22753,2025-04-26 16:33:52,311,1,90815.28
8709,22754,2025-04-14 21:31:49,176,1,15291.17
8710,22759,2025-02-10 01:55:32,340,1,86475.35
8711,22759,2025-02-28 03:14:31,52,1,4983.11
8712,22765,2025-05-03 05:52:53,210,1,12877.08
8713,22768,2025-06-11 19:52:52,390,3,11778.15
8714,22769,2025-03-17 07:26:40,441,1,1146.71
8715,22770,2025-06-25 16:41:12,70,1,5458.68
8716,22773,2025-05-11 02:03:43,290,1,4390.34
8717,22775,2025-01-16 18:56:33,180,1,22619.63
8718,22776,2025-03-10 19:47:25,186,1,5082.83
8719,22777,2025-02-20 12:30:59,33,1,17762.94
8720,22780,2025-02-23 13:22:41,9,1,6572.8
8721,22781,2025-06-09 02:24:11,11,1,55867.12
8722,22785,2025-03-27 13:16:36,160,1,13826.53
8723,22789,2025-06-30 22:38:04,210,2,25754.16
8724,22791,2025-04-11 09:14:56,122,1,24310.52
8725,22796,2025-05-21 02:22:38,305,2,4908.62
8726,22796,2025-06-09 13:25:47,24,2,3208.68
8727,22797,2025-05-30 15:52:48,64,1,23300.53
8728,22803,2025-02-01 19:09:37,32,1,7276.12
8729,22805,2025-06-04 23:03:24,470,1,1252.58
8730,22810,2025-05-06 13:35:39,235,1,42017.2
8731,22814,2025-04-02 01:54:56,212,1,105203.42
8732,22816,2025-04-17 20:42:28,140,1,49984.05
8733,22817,2025-05-13 09:43:07,479,1,17062.05
8734,22821,2025-01-27 23:48:12,1,1,7205.01
8735,22821,2025-02-09 12:06:17,162,1,6647.03
8736,22829,2025-04-16 01:01:20,401,2,23381.34
8737,22830,2025-03-18 12:47:17,403,1,25390.62
8738,22835,2025-01-28 12:57:06,183,1,5734.14
8739,22835,2025-02-15 14:25:42,7,1,1408.94
8740,22836,2025-03-12 05:52:40,377,1,6504.51
8741,22837,2025-05-03 15:15:19,128,1,7580.95
8742,22847,2025-05-27 15:49:57,183,1,5734.14
8743,22848,2025-05-19 09:54:33,27,1,1626.81
8744,22853,2025-02-09 07:38:40,272,1,11789.2
8745,22855,2025-04-17 00:50:25,123,1,37439.59
8746,22857,2025-05-10 03:18:18,88,1,38903.03
8747,22866,2025-01-11 20:04:40,265,2,15025.74
8748,22867,2025-05-20 18:33:49,187,1,43342.31
8749,22868,2025-01-09 20:34:20,344,1,21107.94
8750,22871,2025-03-19 19:22:19,159,2,61544.26
8751,22872,2025-02-13 00:14:04,167,1,26417.09
8752,22874,2025-04-29 07:42:18,137,2,94621.06
8753,22874,2025-05-07 17:16:22,473,3,3223.47
8754,22880,2025-03-27 11:33:08,347,1,26954.74
8755,22881,2025-06-04 18:17:44,40,1,1173.14
8756,22885,2025-02-07 20:54:01,140,1,49984.05
8757,22885,2025-02-17 16:33:39,393,2,26107.52
8758,22889,2025-05-16 19:21:31,208,1,3468.77
8759,22889,2025-05-29 22:37:38,99,1,58745.84
8760,22895,2025-02-09 00:33:18,58,1,33150.95
8761,22902,2025-02-22 22:26:28,440,1,3107.23
8762,22902,2025-03-08 15:18:25,183,2,11468.28
8763,22902,2025-03-15 17:00:58,18,1,1846.66
8764,22907,2025-04-30 10:49:54,367,1,5745.57
8765,22909,2025-01-10 21:57:01,108,1,5270.83
8766,22916,2025-06-30 14:26:52,352,1,29524.41
8767,22919,2025-06-28 21:37:23,209,1,38411.37
8768,22922,2025-06-08 06:54:20,381,1,9476.92
8769,22924,2025-06-25 05:41:10,53,2,134300.24
8770,22925,2025-03-25 18:23:44,201,1,13102.72
8771,22926,2025-02-11 04:45:23,140,1,49984.05
8772,22928,2025-06-24 17:25:58,326,2,163565.06
8773,22929,2025-02-28 08:03:43,469,2,16917.84
8774,22933,2025-03-20 00:38:52,331,2,21448.86
8775,22933,2025-03-26 05:56:16,229,1,30697.88
8776,22933,2025-04-01 01:54:06,108,2,10541.66
8777,22937,2025-04-30 14:53:25,179,1,113736.5
8778,22939,2025-05-01 05:41:31,228,3,28320.33
8779,22942,2025-06-22 11:14:16,435,1,4498.66
8780,22946,2025-05-15 06:22:05,144,2,42271.54
8781,22947,2025-06-13 21:13:37,324,1,28001.07
8782,22951,2025-03-03 11:11:22,323,1,21377.29
8783,22952,2025-02-10 03:13:28,275,1,3307.48
8784,22953,2025-06-23 15:43:32,377,2,13009.02
8785,22957,2025-03-08 23:13:48,33,1,17762.94
8786,22957,2025-03-17 20:07:46,407,3,4296.3
8787,22958,2025-03-21 18:32:25,237,1,23121.27
8788,22961,2025-03-22 02:47:59,447,1,1488.36
8789,22962,2025-06-16 04:28:26,305,1,2454.31
8790,22969,2025-06-08 12:56:30,38,1,12400.94
8791,22971,2025-04-06 16:19:30,351,2,4078.34
8792,22971,2025-04-24 05:26:16,389,2,6439.7
8793,22975,2025-05-05 21:47:24,498,1,13866.8
8794,22976,2025-05-30 16:35:15,249,1,2728.95
8795,22979,2025-05-17 01:51:39,433,2,21530.14
8796,22980,2025-06-16 16:09:42,115,1,16709.38
8797,22988,2025-01-26 18:11:46,453,1,3275.21
8798,22993,2025-04-08 08:42:30,404,1,13845.68
8799,22994,2025-01-23 03:21:38,297,1,17729.74
8800,22995,2025-02-12 18:34:45,109,1,13239.59
8801,22995,2025-02-26 23:28:40,7,1,1408.94
8802,22998,2025-02-27 08:21:46,285,1,115911.82
8803,23011,2025-02-20 10:31:11,155,1,27789.39
8804,23014,2025-01-31 23:37:27,460,2,82657.34
8805,23016,2025-06-12 12:57:39,313,1,11749.91
8806,23017,2025-06-21 04:42:39,146,2,18892.9
8807,23020,2025-02-17 12:16:43,182,2,10003.18
8808,23022,2025-06-14 03:27:35,437,2,2959.42
8809,23023,2025-04-21 16:42:10,402,1,19649.25
8810,23026,2025-04-14 23:13:04,269,2,231029.86
8811,23033,2025-01-08 11:50:49,479,2,34124.1
8812,23035,2025-03-20 19:38:26,377,1,6504.51
8813,23036,2025-02-16 20:23:22,239,2,3469.9
8814,23038,2025-06-01 01:40:28,371,2,47095.06
8815,23038,2025-06-19 09:27:11,226,1,1460.34
8816,23040,2025-06-07 09:30:01,423,1,19615.97
8817,23045,2025-03-15 13:02:40,158,3,6590.28
8818,23054,2025-04-15 18:00:07,249,2,5457.9
8819,23056,2025-02-07 06:31:26,10,2,7904.74
8820,23058,2025-02-17 20:19:44,222,1,8006.41
8821,23058,2025-03-07 03:58:01,266,1,8000.62
8822,23058,2025-03-10 03:54:25,113,1,7819.25
8823,23061,2025-01-29 13:01:16,437,2,2959.42
8824,23063,2025-01-28 16:46:23,448,1,18494.26
8825,23066,2025-06-23 13:50:39,98,1,12583.05
8826,23067,2025-02-25 00:59:55,271,1,35581.83
8827,23068,2025-06-29 23:27:16,237,2,46242.54
8828,23070,2025-03-22 21:50:00,413,2,49504.66
8829,23074,2025-05-29 13:43:07,145,1,5753.8
8830,23080,2025-04-23 12:40:37,111,2,2056.9
8831,23080,2025-04-29 10:41:53,469,1,8458.92
8832,23092,2025-04-10 07:19:43,64,1,23300.53
8833,23093,2025-01-26 19:34:18,318,1,19551.59
8834,23095,2025-03-05 14:28:48,493,1,17276.96
8835,23098,2025-03-14 20:33:57,422,1,8047.95
8836,23098,2025-04-04 05:41:50,441,1,1146.71
8837,23103,2025-04-01 02:27:29,181,3,35609.28
8838,23107,2025-01-16 01:47:24,116,1,13895.24
8839,23108,2025-04-12 21:17:32,72,1,43803.67
8840,23115,2025-06-02 22:35:31,88,2,77806.06
8841,23121,2025-01-28 19:23:02,193,2,66056.82
8842,23124,2025-01-09 06:30:32,234,1,69647.59
8843,23126,2025-01-21 06:13:59,385,2,694.5
8844,23129,2025-06-24 02:51:53,345,1,24246.2
8845,23133,2025-02-07 04:17:54,430,2,49290.8
8846,23136,2025-06-04 13:12:43,291,1,1193.57
8847,23137,2025-05-22 16:36:26,460,1,41328.67
8848,23138,2025-01-19 15:36:14,452,1,17758.26
8849,23140,2025-04-30 21:37:16,409,1,6296.47
8850,23141,2025-02-03 20:01:03,401,1,11690.67
8851,23142,2025-01-07 08:45:21,290,1,4390.34
8852,23147,2025-04-24 04:25:00,395,1,30745.93
8853,23147,2025-05-14 05:02:41,410,1,90198.25
8854,23157,2025-02-17 04:48:58,156,2,16678.18
8855,23157,2025-02-24 00:41:02,457,1,32494.5
8856,23170,2025-04-15 02:29:41,289,2,233045.08
8857,23171,2025-06-23 01:32:54,313,1,11749.91
8858,23172,2025-03-25 22:59:17,199,1,130009.3
8859,23172,2025-04-10 15:55:06,47,1,6372.46
8860,23174,2025-02-13 14:30:16,77,1,70509.53
8861,23178,2025-02-03 01:26:51,320,1,33560.76
8862,23178,2025-02-20 04:58:46,249,1,2728.95
8863,23182,2025-02-04 21:38:41,313,1,11749.91
8864,23182,2025-02-12 03:11:04,314,1,6987.52
8865,23187,2025-06-23 00:52:33,256,2,1095.16
8866,23188,2025-03-23 08:47:13,210,2,25754.16
8867,23189,2025-01-31 20:36:37,103,2,84657.22
8868,23194,2025-06-20 03:01:35,399,1,17727.09
8869,23195,2025-04-26 17:18:25,203,1,13023.16
8870,23196,2025-06-16 16:01:14,288,1,11259.13
8871,23199,2025-01-25 06:39:21,346,1,14000.92
8872,23199,2025-02-14 01:42:45,211,1,31008.7
8873,23200,2025-06-13 07:49:53,49,1,3584.0
8874,23203,2025-02-11 06:51:23,158,1,2196.76
8875,23204,2025-04-11 02:29:03,155,1,27789.39
8876,23209,2025-05-30 04:03:40,254,1,16059.76
8877,23213,2025-05-06 03:01:05,387,1,28854.36
8878,23213,2025-05-28 21:47:37,152,1,7223.67
8879,23215,2025-03-15 21:38:17,152,2,14447.34
8880,23216,2025-03-05 12:20:42,228,1,9440.11
8881,23225,2025-06-14 10:25:34,483,1,43632.67
8882,23226,2025-02-24 10:17:44,330,2,6466.02
8883,23230,2025-06-27 14:53:28,464,1,28260.63
8884,23235,2025-06-24 01:19:22,13,1,2692.52
8885,23242,2025-03-28 18:52:46,476,1,2319.27
8886,23244,2025-03-06 15:45:44,475,1,11694.47
8887,23244,2025-03-12 05:51:42,438,1,5413.4
8888,23248,2025-04-03 05:53:53,67,1,3245.55
8889,23252,2025-04-01 04:02:01,374,1,10459.29
8890,23252,2025-04-07 01:21:51,294,1,34584.69
8891,23253,2025-02-28 11:58:11,76,1,513.56
8892,23255,2025-06-11 00:47:54,132,2,15583.54
8893,23256,2025-06-07 21:36:35,188,2,1263.54
8894,23261,2025-02-08 22:00:24,61,1,102219.65
8895,23264,2025-04-25 15:18:11,260,1,13781.16
8896,23265,2025-06-25 06:06:23,233,2,9256.5
8897,23266,2025-02-13 02:34:04,427,2,8625.32
8898,23272,2025-04-04 09:55:41,315,1,33862.07
8899,23273,2025-01-06 12:32:11,438,1,5413.4
8900,23276,2025-03-30 23:49:25,434,1,94224.67
8901,23279,2025-02-28 01:52:05,254,1,16059.76
8902,23281,2025-05-25 10:51:02,410,1,90198.25
8903,23282,2025-05-14 20:51:13,93,2,11548.06
8904,23288,2025-04-22 03:10:10,422,1,8047.95
8905,23291,2025-02-21 20:47:46,408,1,8934.48
8906,23292,2025-02-02 10:47:27,339,1,464.88
8907,23298,2025-05-25 18:22:55,58,1,33150.95
8908,23300,2025-05-30 05:26:21,492,1,8731.65
8909,23305,2025-05-06 03:13:27,397,1,38138.57
8910,23306,2025-04-24 05:41:22,429,1,2789.86
8911,23307,2025-05-23 18:01:30,163,1,7638.19
8912,23308,2025-05-09 20:46:42,53,3,201450.36
8913,23309,2025-06-23 03:49:01,481,3,11401.38
8914,23317,2025-01-05 18:59:46,335,1,6200.21
8915,23319,2025-06-18 23:05:37,488,1,32780.58
8916,23321,2025-01-18 00:59:00,110,1,18441.82
8917,23326,2025-06-26 05:46:41,479,1,17062.05
8918,23327,2025-03-14 17:09:43,215,1,30903.15
8919,23328,2025-02-10 14:33:30,382,1,17566.23
8920,23333,2025-06-16 11:16:45,8,1,2149.22
8921,23334,2025-01-20 07:48:43,195,1,17742.05
8922,23335,2025-03-15 23:58:59,411,1,2755.99
8923,23335,2025-04-06 10:22:27,493,2,34553.92
8924,23336,2025-05-02 21:39:30,292,1,9786.76
8925,23338,2025-03-04 11:51:55,333,1,4180.46
8926,23345,2025-05-18 15:13:56,229,1,30697.88
8927,23349,2025-01-20 03:32:49,384,1,4013.53
8928,23350,2025-06-12 09:58:19,208,2,6937.54
8929,23355,2025-03-03 01:58:35,238,1,20295.06
8930,23357,2025-04-30 15:36:19,76,2,1027.12
8931,23361,2025-05-16 18:56:17,350,1,4462.47
8932,23361,2025-05-22 20:37:59,129,1,358.85
8933,23362,2025-03-24 11:12:28,422,1,8047.95
8934,23363,2025-02-03 19:15:22,108,1,5270.83
8935,23365,2025-05-21 13:51:19,167,1,26417.09
8936,23370,2025-05-28 13:07:41,114,1,3834.0
8937,23371,2025-06-17 06:00:40,98,2,25166.1
8938,23376,2025-02-14 17:41:04,450,1,7501.43
8939,23384,2025-03-26 17:20:26,469,2,16917.84
8940,23384,2025-04-17 03:48:48,119,1,9009.08
8941,23385,2025-04-17 01:36:21,104,1,19691.24
8942,23386,2025-03-25 15:37:36,479,1,17062.05
8943,23389,2025-06-05 08:13:25,22,2,25180.76
8944,23392,2025-05-15 16:59:40,493,1,17276.96
8945,23393,2025-06-09 15:11:21,345,3,72738.6
8946,23396,2025-05-25 16:27:58,382,3,52698.69
8947,23398,2025-02-06 16:21:35,44,1,6132.16
8948,23399,2025-04-20 14:13:16,442,1,27027.64
8949,23401,2025-01-25 06:32:15,3,1,10094.67
8950,23403,2025-05-18 20:25:46,236,1,19589.44
8951,23403,2025-06-01 06:56:23,308,2,21386.08
8952,23404,2025-04-24 05:01:47,249,1,2728.95
8953,23405,2025-03-22 22:58:47,441,1,1146.71
8954,23408,2025-02-13 09:34:06,41,1,8500.67
8955,23410,2025-03-14 22:48:47,296,2,216254.82
8956,23414,2025-05-03 07:05:15,295,1,13255.4
8957,23414,2025-05-31 08:49:22,55,1,24029.51
8958,23415,2025-03-07 02:37:20,46,1,115208.75
8959,23419,2025-02-02 23:23:27,342,1,11288.79
8960,23419,2025-02-19 14:58:30,11,1,55867.12
8961,23419,2025-03-23 23:50:53,424,1,14170.15
8962,23421,2025-06-04 02:40:31,499,1,3999.82
8963,23424,2025-05-04 20:26:25,243,1,2252.58
8964,23424,2025-05-11 04:07:36,160,3,41479.59
8965,23429,2025-06-18 09:19:51,157,1,103545.76
8966,23431,2025-03-10 06:33:10,495,1,13165.95
8967,23432,2025-05-25 02:51:31,40,1,1173.14
8968,23436,2025-05-02 20:12:21,322,2,10971.04
8969,23437,2025-06-23 17:14:50,497,1,4676.48
8970,23437,2025-06-27 14:30:48,366,1,9798.21
8971,23438,2025-06-05 00:03:25,407,1,1432.1
8972,23442,2025-06-18 02:46:00,352,3,88573.23
8973,23442,2025-06-24 00:17:30,20,2,3557.5
8974,23444,2025-02-10 22:52:12,302,1,38776.55
8975,23451,2025-04-13 01:41:41,392,1,3931.31
8976,23454,2025-02-02 02:04:13,46,2,230417.5
8977,23460,2025-02-21 16:14:44,423,1,19615.97
8978,23461,2025-03-29 21:38:01,445,1,1748.17
8979,23461,2025-04-14 02:30:31,5,1,111884.19
8980,23465,2025-03-31 07:34:19,317,1,2354.88
8981,23466,2025-06-25 03:12:02,291,1,1193.57
8982,23467,2025-05-31 14:15:24,29,3,221514.6
8983,23468,2025-05-09 12:46:25,360,1,10778.02
8984,23469,2025-04-06 21:14:27,491,1,912.64
8985,23470,2025-05-26 14:07:57,16,2,8319.92
8986,23478,2025-05-09 22:23:29,381,2,18953.84
8987,23481,2025-04-29 05:06:23,271,1,35581.83
8988,23484,2025-03-31 05:10:58,156,1,8339.09
8989,23487,2025-04-02 20:19:05,9,2,13145.6
8990,23489,2025-03-20 08:05:23,116,1,13895.24
8991,23491,2025-05-19 06:32:47,109,1,13239.59
8992,23491,2025-05-24 04:06:42,150,1,19806.15
8993,23499,2025-04-24 15:01:13,420,1,3770.66
8994,23500,2025-06-18 23:38:36,189,2,19184.4
8995,23508,2025-06-10 00:00:30,437,1,1479.71
8996,23512,2025-04-20 04:16:24,488,1,32780.58
8997,23514,2025-02-22 12:07:22,199,2,260018.6
8998,23515,2025-02-02 14:23:07,80,1,124124.35
8999,23517,2025-04-16 03:33:24,498,1,13866.8
9000,23519,2025-06-05 01:05:32,314,2,13975.04
9001,23522,2025-05-17 07:39:46,67,1,3245.55
9002,23524,2025-03-25 01:36:27,390,1,3926.05
9003,23525,2025-06-20 22:06:00,114,1,3834.0
9004,23526,2025-04-23 05:42:46,405,1,20089.63
9005,23528,2025-01-23 07:08:05,73,1,3184.93
9006,23531,2025-01-28 10:23:16,170,2,5241.58
9007,23533,2025-05-31 12:43:55,343,1,71441.06
9008,23533,2025-06-18 05:51:06,395,2,61491.86
9009,23537,2025-02-05 16:08:06,332,3,1508.04
9010,23537,2025-02-13 03:05:52,404,2,27691.36
9011,23538,2025-03-21 04:09:02,110,1,18441.82
9012,23546,2025-06-26 10:06:20,230,3,11421.81
9013,23551,2025-05-27 10:01:26,281,1,8575.04
9014,23556,2025-05-01 17:10:03,178,1,122025.22
9015,23556,2025-06-02 21:39:52,4,1,110986.96
9016,23559,2025-04-27 20:12:15,251,1,8328.29
9017,23567,2025-05-22 17:44:51,324,1,28001.07
9018,23567,2025-06-10 01:20:31,385,1,347.25
9019,23568,2025-01-24 08:29:14,342,1,11288.79
9020,23569,2025-05-06 08:44:08,297,1,17729.74
9021,23571,2025-01-25 22:25:07,36,1,17558.77
9022,23576,2025-05-28 14:01:38,439,1,35173.02
9023,23584,2025-04-04 22:20:44,27,1,1626.81
9024,23584,2025-04-19 00:41:45,30,1,43984.69
9025,23588,2025-02-13 16:08:13,123,1,37439.59
9026,23588,2025-02-28 13:56:34,30,1,43984.69
9027,23589,2025-01-13 05:43:21,466,3,94677.15
9028,23589,2025-01-20 01:07:00,337,1,138096.58
9029,23596,2025-03-01 11:38:15,386,1,30141.47
9030,23599,2025-02-09 15:34:14,211,1,31008.7
9031,23604,2025-02-09 12:41:40,492,1,8731.65
9032,23605,2025-04-02 23:45:22,419,1,24719.61
9033,23607,2025-05-24 09:13:28,249,2,5457.9
9034,23613,2025-04-08 13:18:07,135,2,27301.5
9035,23618,2025-02-24 00:22:10,208,2,6937.54
9036,23619,2025-02-22 07:54:27,288,1,11259.13
9037,23623,2025-04-19 04:48:34,34,3,6294.15
9038,23623,2025-05-02 10:17:14,381,1,9476.92
9039,23626,2025-05-28 17:03:26,89,1,115692.18
9040,23627,2025-01-26 02:42:58,258,3,13752.54
9041,23631,2025-02-09 02:52:41,55,1,24029.51
9042,23631,2025-02-12 10:40:36,49,2,7168.0
9043,23632,2025-02-07 14:22:31,470,1,1252.58
9044,23632,2025-02-26 22:55:13,333,2,8360.92
9045,23634,2025-03-07 01:39:40,142,1,10287.19
9046,23635,2025-06-03 05:30:49,278,1,12926.7
9047,23637,2025-02-01 17:45:28,224,2,29106.26
9048,23641,2025-05-10 17:06:19,163,1,7638.19
9049,23650,2025-03-11 01:21:52,294,2,69169.38
9050,23652,2025-03-20 21:39:24,331,2,21448.86
9051,23653,2025-05-23 11:01:36,64,3,69901.59
9052,23654,2025-02-19 09:41:53,17,1,20450.91
9053,23659,2025-05-20 10:29:55,233,1,4628.25
9054,23662,2025-06-10 05:07:35,376,1,14562.53
9055,23663,2025-02-08 15:36:05,17,1,20450.91
9056,23668,2025-03-21 01:19:28,252,1,5818.59
9057,23670,2025-05-26 23:50:50,400,1,24109.01
9058,23675,2025-04-01 23:32:26,401,1,11690.67
9059,23678,2025-06-01 19:41:38,252,1,5818.59
9060,23678,2025-06-30 15:24:21,104,1,19691.24
9061,23688,2025-06-11 01:40:39,262,2,74114.38
9062,23692,2025-05-17 18:57:14,238,1,20295.06
9063,23693,2025-05-13 03:50:40,429,1,2789.86
9064,23695,2025-05-12 18:39:55,200,1,7837.57
9065,23696,2025-01-20 16:41:49,144,1,21135.77
9066,23697,2025-04-24 19:37:26,136,1,2438.57
9067,23698,2025-03-26 01:26:42,438,2,10826.8
9068,23699,2025-05-23 22:48:45,244,1,3774.78
9069,23704,2025-06-22 02:19:11,274,1,21627.09
9070,23706,2025-04-13 02:41:24,154,1,36463.8
9071,23710,2025-06-01 18:56:47,250,1,20800.98
9072,23710,2025-06-08 19:11:51,120,3,57071.94
9073,23712,2025-03-03 05:08:26,27,2,3253.62
9074,23714,2025-05-31 06:42:46,487,1,17124.6
9075,23721,2025-03-13 18:03:05,120,1,19023.98
9076,23722,2025-03-28 09:58:57,406,1,24419.24
9077,23723,2025-04-02 22:05:21,492,1,8731.65
9078,23731,2025-04-02 04:11:38,171,1,15094.37
9079,23737,2025-01-29 14:56:12,351,1,2039.17
9080,23738,2025-05-27 01:03:23,347,1,26954.74
9081,23738,2025-06-16 21:46:03,215,2,61806.3
9082,23739,2025-06-08 06:09:55,222,1,8006.41
9083,23741,2025-04-11 02:52:47,272,1,11789.2
9084,23743,2025-06-19 17:29:46,224,1,14553.13
9085,23745,2025-06-25 09:49:01,278,1,12926.7
9086,23745,2025-06-30 20:18:35,294,1,34584.69
9087,23747,2025-03-17 10:24:44,32,1,7276.12
9088,23760,2025-02-12 21:55:50,147,1,8701.96
9089,23760,2025-03-12 16:50:31,491,1,912.64
9090,23762,2025-02-08 06:36:30,147,1,8701.96
9091,23763,2025-02-15 08:42:23,259,2,19098.98
9092,23765,2025-01-17 18:20:33,302,2,77553.1
9093,23766,2025-03-17 01:25:18,323,1,21377.29
9094,23767,2025-04-14 10:05:26,309,2,5020.2
9095,23767,2025-05-09 01:13:01,74,1,24393.36
9096,23769,2025-03-04 14:42:48,118,2,4150.14
9097,23769,2025-03-22 22:00:08,262,1,37057.19
9098,23775,2025-02-07 08:51:29,290,1,4390.34
9099,23775,2025-02-16 10:41:19,77,1,70509.53
9100,23777,2025-06-18 15:42:51,118,2,4150.14
9101,23783,2025-04-19 07:12:33,263,2,77977.62
9102,23786,2025-04-08 19:18:12,327,1,8222.53
9103,23789,2025-06-15 18:00:08,312,1,24505.73
9104,23793,2025-01-15 11:34:32,364,3,14624.94
9105,23795,2025-01-28 04:10:03,398,2,18976.62
9106,23796,2025-01-20 15:16:49,445,1,1748.17
9107,23799,2025-04-17 13:59:16,229,1,30697.88
9108,23804,2025-04-12 17:31:27,24,3,4813.02
9109,23807,2025-03-16 23:34:26,89,1,115692.18
9110,23808,2025-04-24 09:51:20,429,1,2789.86
9111,23811,2025-03-04 07:53:23,391,1,7481.06
9112,23815,2025-05-10 05:47:55,123,3,112318.77
9113,23823,2025-01-29 07:37:52,419,1,24719.61
9114,23828,2025-03-21 05:01:18,129,1,358.85
9115,23828,2025-04-06 03:19:00,91,1,115829.28
9116,23829,2025-06-09 21:58:08,205,1,14938.64
9117,23834,2025-05-04 18:05:33,310,1,1082.78
9118,23835,2025-04-05 19:45:37,356,1,3337.9
9119,23835,2025-04-24 05:16:50,484,1,92913.94
9120,23838,2025-04-21 17:42:47,131,1,10203.73
9121,23848,2025-06-28 05:35:19,103,1,42328.61
9122,23850,2025-05-16 22:42:43,216,1,43283.26
9123,23853,2025-04-04 19:32:19,490,1,12740.04
9124,23860,2025-03-13 04:39:37,314,1,6987.52
9125,23863,2025-06-26 22:03:51,441,1,1146.71
9126,23864,2025-01-28 19:02:27,475,1,11694.47
9127,23874,2025-02-19 03:34:14,44,1,6132.16
9128,23874,2025-03-18 23:02:29,95,1,14154.76
9129,23874,2025-04-16 09:41:50,72,2,87607.34
9130,23881,2025-06-22 06:49:23,383,1,110906.1
9131,23883,2025-03-16 04:39:54,244,1,3774.78
9132,23885,2025-06-24 03:13:27,182,1,5001.59
9133,23888,2025-06-24 09:58:48,216,1,43283.26
9134,23890,2025-05-09 06:58:36,455,1,3164.97
9135,23895,2025-05-08 06:04:56,187,1,43342.31
9136,23907,2025-05-31 15:03:46,416,1,36650.72
9137,23907,2025-06-13 18:53:55,126,1,15953.08
9138,23908,2025-02-23 05:46:00,197,1,1108.19
9139,23913,2025-06-19 03:49:02,82,2,24783.08
9140,23914,2025-01-23 08:33:20,180,1,22619.63
9141,23919,2025-01-04 17:18:36,377,2,13009.02
9142,23922,2025-06-24 20:13:39,128,1,7580.95
9143,23924,2025-04-07 11:04:21,451,1,6674.43
9144,23924,2025-05-01 00:43:53,173,1,3095.58
9145,23925,2025-04-21 20:52:47,92,1,3738.51
9146,23927,2025-06-05 23:15:49,257,1,2435.84
9147,23928,2025-03-10 23:55:31,188,1,631.77
9148,23929,2025-03-04 12:22:05,228,1,9440.11
9149,23930,2025-04-06 10:54:11,12,2,20797.7
9150,23935,2025-02-15 21:24:26,246,1,4485.92
9151,23936,2025-06-18 08:24:39,58,2,66301.9
9152,23941,2025-04-30 18:24:12,401,1,11690.67
9153,23943,2025-03-02 12:27:15,292,1,9786.76
9154,23944,2025-03-11 04:50:14,269,2,231029.86
9155,23944,2025-03-14 10:23:23,60,1,5108.13
9156,23956,2025-03-28 00:44:40,72,2,87607.34
9157,23958,2025-05-24 17:30:29,490,1,12740.04
9158,23959,2025-06-12 00:03:17,467,2,164023.54
9159,23960,2025-06-18 09:24:49,305,1,2454.31
9160,23963,2025-02-20 18:26:48,69,1,7709.45
9161,23964,2025-02-10 02:20:20,445,3,5244.51
9162,23966,2025-03-25 21:57:53,406,2,48838.48
9163,23967,2025-01-19 06:13:51,190,1,27317.1
9164,23968,2025-02-10 15:11:00,158,1,2196.76
9165,23969,2025-05-31 06:31:12,219,2,5071.08
9166,23970,2025-05-20 16:37:38,493,1,17276.96
9167,23975,2025-04-02 14:05:10,331,3,32173.29
9168,23981,2025-03-16 09:25:36,104,3,59073.72
9169,23981,2025-03-26 01:47:28,136,1,2438.57
9170,23984,2025-04-26 14:15:47,110,3,55325.46
9171,23987,2025-03-13 16:33:04,313,1,11749.91
9172,23988,2025-02-04 21:17:12,287,1,5328.56
9173,23990,2025-04-06 06:23:39,350,3,13387.41
9174,23992,2025-03-07 18:42:04,361,2,27971.36
9175,23993,2025-06-02 01:21:29,472,1,47216.19
9176,23993,2025-06-08 23:12:01,415,1,4695.16
9177,24003,2025-01-14 13:57:36,490,1,12740.04
9178,24003,2025-02-07 07:12:53,24,1,1604.34
9179,24018,2025-05-07 08:15:10,314,1,6987.52
9180,24019,2025-03-04 04:46:00,256,1,547.58
9181,24022,2025-03-25 17:26:21,93,1,5774.03
9182,24023,2025-05-03 01:30:36,495,1,13165.95
9183,24024,2025-06-19 00:15:30,124,1,4288.14
9184,24027,2025-05-12 16:54:57,310,1,1082.78
9185,24030,2025-04-20 16:26:32,292,1,9786.76
9186,24032,2025-05-13 10:01:44,159,2,61544.26
9187,24035,2025-05-03 09:19:14,69,1,7709.45
9188,24037,2025-05-28 19:47:06,416,1,36650.72
9189,24038,2025-05-27 12:21:59,386,1,30141.47
9190,24039,2025-06-09 08:31:48,499,1,3999.82
9191,24045,2025-02-16 01:38:10,210,1,12877.08
9192,24045,2025-03-07 15:47:57,188,3,1895.31
9193,24046,2025-02-09 00:01:32,333,1,4180.46
9194,24047,2025-04-05 05:17:20,28,1,10248.86
9195,24051,2025-02-16 00:44:35,473,1,1074.49
9196,24055,2025-04-07 05:49:19,262,1,37057.19
9197,24057,2025-01-16 08:24:13,236,1,19589.44
9198,24061,2025-01-25 20:19:47,239,1,1734.95
9199,24070,2025-03-19 16:13:52,29,1,73838.2
9200,24071,2025-05-27 13:10:04,295,2,26510.8
9201,24073,2025-04-18 04:47:37,48,1,5407.24
9202,24085,2025-02-28 20:02:48,245,1,15399.15
9203,24085,2025-03-15 16:08:42,420,1,3770.66
9204,24086,2025-03-24 10:31:02,70,2,10917.36
9205,24090,2025-05-17 03:01:44,359,1,7693.07
9206,24098,2025-01-23 11:41:28,152,1,7223.67
9207,24099,2025-01-10 12:30:35,443,2,38179.88
9208,24102,2025-02-16 04:42:33,40,1,1173.14
9209,24103,2025-02-13 02:32:05,382,2,35132.46
9210,24112,2025-05-25 11:38:47,243,1,2252.58
9211,24114,2025-01-11 02:10:51,420,1,3770.66
9212,24115,2025-04-13 10:54:26,8,1,2149.22
9213,24115,2025-04-29 09:46:30,72,3,131411.01
9214,24116,2025-06-05 01:55:15,237,1,23121.27
9215,24117,2025-04-02 20:38:25,463,1,6385.22
9216,24120,2025-05-14 06:01:11,329,1,11214.8
9217,24121,2025-05-26 09:16:04,452,2,35516.52
9218,24122,2025-05-17 16:47:35,458,1,50236.06
9219,24124,2025-04-20 17:07:03,21,1,14166.0
9220,24130,2025-03-08 16:35:05,273,1,8130.43
9221,24131,2025-02-17 02:43:42,244,1,3774.78
9222,24132,2025-04-24 15:01:22,451,2,13348.86
9223,24135,2025-03-23 15:52:53,341,1,4466.97
9224,24138,2025-05-10 21:38:39,27,1,1626.81
9225,24143,2025-06-13 00:41:58,325,1,13982.87
9226,24144,2025-02-02 12:32:01,103,2,84657.22
9227,24144,2025-02-12 14:37:41,90,1,93514.94
9228,24145,2025-04-07 22:32:56,336,2,23539.72
9229,24154,2025-02-27 11:18:38,487,1,17124.6
9230,24157,2025-04-09 10:56:35,187,1,43342.31
9231,24159,2025-03-20 11:54:25,252,2,11637.18
9232,24165,2025-03-01 11:26:26,98,1,12583.05
9233,24171,2025-04-09 01:31:18,250,1,20800.98
9234,24174,2025-02-26 16:14:34,303,1,1454.24
9235,24174,2025-03-06 19:39:40,456,1,19874.65
9236,24176,2025-01-26 13:36:20,306,1,4449.97
9237,24180,2025-05-12 20:15:30,186,1,5082.83
9238,24181,2025-04-29 21:13:57,115,2,33418.76
9239,24182,2025-05-31 09:12:29,144,1,21135.77
9240,24183,2025-04-18 09:24:18,29,1,73838.2
9241,24184,2025-02-23 13:32:37,32,1,7276.12
9242,24186,2025-02-08 20:42:18,195,1,17742.05
9243,24188,2025-04-21 09:39:22,430,2,49290.8
9244,24197,2025-06-03 11:48:27,224,2,29106.26
9245,24198,2025-05-26 12:35:18,319,1,29688.49
9246,24198,2025-06-05 05:46:09,230,1,3807.27
9247,24198,2025-06-09 16:15:31,192,1,33176.4
9248,24202,2025-05-18 02:35:53,182,1,5001.59
9249,24203,2025-02-25 10:33:52,82,1,12391.54
9250,24205,2025-05-10 08:20:56,80,1,124124.35
9251,24210,2025-01-30 08:37:24,147,1,8701.96
9252,24211,2025-05-07 15:42:41,174,1,2937.34
9253,24214,2025-04-24 04:59:30,481,1,3800.46
9254,24214,2025-05-09 03:48:17,427,2,8625.32
9255,24217,2025-06-14 02:28:07,214,2,41746.38
9256,24218,2025-02-19 15:49:16,468,1,141578.31
9257,24218,2025-03-02 18:51:14,212,2,210406.84
9258,24219,2025-02-25 15:24:47,228,1,9440.11
9259,24223,2025-01-04 12:11:15,493,1,17276.96
9260,24226,2025-02-06 09:58:16,49,2,7168.0
9261,24227,2025-06-24 04:28:17,487,1,17124.6
9262,24231,2025-06-03 00:19:17,476,1,2319.27
9263,24235,2025-04-13 04:51:05,80,2,248248.7
9264,24236,2025-03-18 14:12:08,293,1,3662.24
9265,24238,2025-05-30 23:07:57,245,1,15399.15
9266,24238,2025-06-18 14:07:45,84,1,2448.39
9267,24246,2025-06-04 18:53:55,185,1,12990.29
9268,24248,2025-06-23 20:30:00,122,2,48621.04
9269,24249,2025-03-11 07:53:47,58,1,33150.95
9270,24255,2025-06-23 06:31:12,90,1,93514.94
9271,24257,2025-05-15 08:25:13,192,1,33176.4
9272,24258,2025-01-10 07:13:45,89,1,115692.18
9273,24258,2025-01-25 20:43:02,85,3,201814.02
9274,24263,2025-03-30 20:58:38,440,1,3107.23
9275,24264,2025-04-23 22:09:54,343,1,71441.06
9276,24265,2025-03-16 14:49:06,358,2,16075.36
9277,24271,2025-03-13 10:21:53,80,1,124124.35
9278,24275,2025-03-31 21:03:54,383,1,110906.1
9279,24277,2025-06-23 07:39:00,30,1,43984.69
9280,24282,2025-05-29 09:06:59,116,1,13895.24
9281,24284,2025-03-06 12:01:53,498,1,13866.8
9282,24285,2025-06-02 12:32:59,194,1,1522.19
9283,24290,2025-01-31 04:56:35,371,1,23547.53
9284,24291,2025-02-21 03:22:23,414,2,40594.52
9285,24292,2025-03-30 21:28:39,340,1,86475.35
9286,24292,2025-04-24 04:49:18,115,1,16709.38
9287,24294,2025-06-06 04:34:42,162,1,6647.03
9288,24294,2025-06-26 02:45:24,498,2,27733.6
9289,24300,2025-05-26 09:21:50,39,1,19720.04
9290,24301,2025-05-20 19:10:41,120,1,19023.98
9291,24304,2025-06-28 20:38:23,41,2,17001.34
9292,24306,2025-02-10 08:57:24,99,1,58745.84
9293,24311,2025-02-15 06:12:17,202,1,2128.85
9294,24311,2025-02-18 07:27:44,187,1,43342.31
9295,24315,2025-04-23 18:43:11,441,1,1146.71
9296,24316,2025-05-29 12:02:15,229,1,30697.88
9297,24319,2025-02-22 03:31:05,416,1,36650.72
9298,24321,2025-05-24 13:20:46,481,2,7600.92
9299,24321,2025-06-05 23:56:33,120,3,57071.94
9300,24322,2025-04-23 12:58:25,397,1,38138.57
9301,24324,2025-01-13 02:02:59,433,1,10765.07
9302,24328,2025-02-11 13:49:27,351,1,2039.17
9303,24330,2025-03-22 08:07:53,208,1,3468.77
9304,24332,2025-03-16 17:44:06,336,2,23539.72
9305,24334,2025-01-15 03:18:48,20,1,1778.75
9306,24336,2025-04-08 05:14:52,88,1,38903.03
9307,24339,2025-03-23 04:47:45,267,1,20054.79
9308,24339,2025-04-30 22:36:51,302,1,38776.55
9309,24343,2025-06-24 06:40:36,334,1,4204.59
9310,24344,2025-01-23 04:49:07,64,1,23300.53
9311,24347,2025-05-30 19:45:56,401,1,11690.67
9312,24352,2025-05-20 01:37:09,393,1,13053.76
9313,24354,2025-02-09 19:50:12,35,1,3087.93
9314,24359,2025-03-08 09:40:54,296,1,108127.41
9315,24361,2025-02-06 15:26:59,421,1,3913.39
9316,24364,2025-03-29 01:05:12,489,1,8331.51
9317,24366,2025-01-01 07:08:14,248,2,18840.24
9318,24368,2025-02-01 05:32:16,64,2,46601.06
9319,24382,2025-01-22 09:06:45,486,1,5773.24
9320,24384,2025-03-15 09:26:02,299,1,9185.44
9321,24387,2025-03-16 05:40:37,472,1,47216.19
9322,24390,2025-04-18 10:24:48,246,1,4485.92
9323,24392,2025-02-08 12:35:54,324,1,28001.07
9324,24394,2025-05-22 20:36:54,209,2,76822.74
9325,24402,2025-05-26 03:22:02,420,1,3770.66
9326,24404,2025-03-13 00:08:56,287,1,5328.56
9327,24404,2025-04-28 19:52:39,446,1,136780.08
9328,24407,2025-04-30 08:30:11,448,2,36988.52
9329,24410,2025-04-01 21:47:11,117,1,1496.44
9330,24410,2025-04-19 01:37:06,195,1,17742.05
9331,24424,2025-03-28 11:51:49,146,1,9446.45
9332,24425,2025-02-06 07:24:57,441,1,1146.71
9333,24427,2025-03-04 20:28:32,235,1,42017.2
9334,24429,2025-01-30 01:49:24,210,1,12877.08
9335,24429,2025-02-05 15:24:46,472,1,47216.19
9336,24433,2025-05-06 23:46:33,379,1,29755.14
9337,24436,2025-06-03 01:22:46,234,1,69647.59
9338,24441,2025-06-25 13:03:49,232,1,3213.9
9339,24446,2025-06-17 07:44:19,333,1,4180.46
9340,24450,2025-03-22 05:23:25,245,1,15399.15
9341,24452,2025-05-03 20:52:35,429,1,2789.86
9342,24455,2025-02-14 13:55:43,78,1,149482.7
9343,24456,2025-06-16 21:19:34,361,2,27971.36
9344,24456,2025-06-29 11:36:30,288,1,11259.13
9345,24462,2025-02-22 20:55:33,353,1,14609.61
9346,24462,2025-03-05 23:50:50,209,1,38411.37
9347,24462,2025-03-13 07:47:59,332,1,502.68
9348,24465,2025-03-25 23:14:47,133,1,30464.02
9349,24465,2025-04-15 17:18:39,126,2,31906.16
9350,24470,2025-02-15 21:07:44,95,1,14154.76
9351,24471,2025-04-15 02:53:38,304,2,299137.2
9352,24472,2025-04-19 11:52:27,376,1,14562.53
9353,24473,2025-03-15 19:34:11,269,1,115514.93
9354,24474,2025-04-14 19:51:30,101,1,19086.83
9355,24476,2025-04-29 22:27:31,437,1,1479.71
9356,24477,2025-01-08 20:56:27,213,1,14323.4
9357,24480,2025-05-14 19:04:26,3,1,10094.67
9358,24484,2025-06-01 22:37:44,80,1,124124.35
9359,24485,2025-05-19 22:47:06,377,2,13009.02
9360,24486,2025-06-03 06:23:39,145,1,5753.8
9361,24491,2025-05-26 17:22:01,405,3,60268.89
9362,24497,2025-04-26 15:45:10,329,2,22429.6
9363,24504,2025-06-02 20:48:43,35,1,3087.93
9364,24512,2025-03-31 22:32:25,102,1,25792.01
9365,24517,2025-05-30 09:53:08,141,1,78006.44
9366,24519,2025-06-01 20:17:28,26,1,10901.13
9367,24520,2025-01-16 07:30:26,455,2,6329.94
9368,24521,2025-06-23 06:28:19,104,1,19691.24
9369,24523,2025-04-22 03:58:25,123,2,74879.18
9370,24526,2025-04-15 18:29:20,224,1,14553.13
9371,24526,2025-04-29 02:19:26,314,1,6987.52
9372,24527,2025-01-29 13:21:56,293,1,3662.24
9373,24530,2025-05-15 09:24:40,18,1,1846.66
9374,24531,2025-03-17 03:47:26,22,1,12590.38
9375,24533,2025-06-10 04:02:57,262,1,37057.19
9376,24537,2025-02-10 13:03:24,491,1,912.64
9377,24541,2025-06-22 03:46:55,497,1,4676.48
9378,24546,2025-03-29 08:38:09,413,2,49504.66
9379,24556,2025-04-01 18:53:07,142,1,10287.19
9380,24557,2025-01-25 11:08:39,352,1,29524.41
9381,24558,2025-03-30 05:01:45,445,2,3496.34
9382,24572,2025-05-08 22:07:18,494,1,495.37
9383,24575,2025-04-27 04:58:40,34,1,2098.05
9384,24584,2025-03-05 03:46:05,499,1,3999.82
9385,24585,2025-03-10 11:06:18,431,1,6259.3
9386,24585,2025-03-14 10:47:24,173,1,3095.58
9387,24589,2025-04-09 01:33:37,330,1,3233.01
9388,24589,2025-04-12 17:59:46,293,1,3662.24
9389,24591,2025-06-23 04:16:20,305,1,2454.31
9390,24594,2025-04-20 02:23:39,352,2,59048.82
9391,24596,2025-01-25 04:13:11,384,2,8027.06
9392,24599,2025-05-09 18:02:43,372,2,2628.06
9393,24608,2025-04-12 18:44:51,152,1,7223.67
9394,24609,2025-05-28 05:21:31,326,1,81782.53
9395,24613,2025-02-28 10:45:35,313,1,11749.91
9396,24613,2025-03-28 01:37:14,490,2,25480.08
9397,24616,2025-01-30 08:13:51,40,1,1173.14
9398,24617,2025-02-20 07:20:46,357,1,136130.58
9399,24620,2025-06-21 19:10:29,108,3,15812.49
9400,24623,2025-01-19 15:31:34,147,2,17403.92
9401,24626,2025-05-26 02:41:05,226,3,4381.02
9402,24627,2025-03-14 21:23:49,158,1,2196.76
9403,24631,2025-01-10 04:31:43,115,1,16709.38
9404,24632,2025-03-20 13:00:15,329,2,22429.6
9405,24634,2025-04-21 07:23:54,16,2,8319.92
9406,24636,2025-06-06 16:24:01,212,1,105203.42
9407,24640,2025-05-01 05:08:56,26,3,32703.39
9408,24642,2025-01-19 06:18:02,95,1,14154.76
9409,24644,2025-05-25 10:33:20,23,1,24086.36
9410,24646,2025-05-10 22:29:49,34,1,2098.05
9411,24648,2025-06-02 11:23:11,485,1,26241.01
9412,24651,2025-05-03 06:49:02,147,1,8701.96
9413,24652,2025-03-28 20:07:07,40,1,1173.14
9414,24656,2025-04-03 08:42:43,407,1,1432.1
9415,24656,2025-04-16 00:10:00,337,1,138096.58
9416,24658,2025-06-03 16:18:54,487,2,34249.2
9417,24659,2025-04-23 01:23:11,388,1,37608.5
9418,24661,2025-06-12 08:41:56,75,1,12610.21
9419,24665,2025-05-24 20:22:55,168,2,19009.64
9420,24666,2025-01-10 17:32:06,238,2,40590.12
9421,24672,2025-04-06 19:56:11,149,1,10316.11
9422,24682,2025-03-09 07:15:13,346,1,14000.92
9423,24684,2025-01-28 15:17:28,479,1,17062.05
9424,24685,2025-05-14 16:12:36,11,1,55867.12
9425,24689,2025-02-11 19:33:04,116,2,27790.48
9426,24689,2025-02-15 08:56:43,343,1,71441.06
9427,24692,2025-03-09 13:46:30,291,1,1193.57
9428,24694,2025-04-07 20:09:36,207,1,30716.03
9429,24698,2025-05-29 10:18:28,84,1,2448.39
9430,24701,2025-06-10 03:07:45,187,1,43342.31
9431,24702,2025-03-15 18:56:38,183,1,5734.14
9432,24706,2025-02-16 14:59:18,201,1,13102.72
9433,24710,2025-06-04 11:43:11,145,2,11507.6
9434,24712,2025-04-24 15:41:16,377,1,6504.51
9435,24715,2025-03-29 12:30:05,274,2,43254.18
9436,24717,2025-05-18 22:31:31,442,2,54055.28
9437,24718,2025-06-28 14:41:35,7,1,1408.94
9438,24719,2025-01-26 14:47:35,310,1,1082.78
9439,24719,2025-02-11 23:13:49,4,1,110986.96
9440,24726,2025-04-20 11:27:05,89,2,231384.36
9441,24726,2025-04-28 07:06:31,149,2,20632.22
9442,24728,2025-04-10 15:02:44,17,1,20450.91
9443,24728,2025-05-01 15:21:01,155,1,27789.39
9444,24732,2025-05-19 17:02:27,142,1,10287.19
9445,24734,2025-01-07 21:18:52,305,1,2454.31
9446,24737,2025-06-24 04:55:32,457,1,32494.5
9447,24741,2025-04-30 16:48:36,423,2,39231.94
9448,24744,2025-04-20 15:25:29,268,1,7387.83
9449,24744,2025-05-13 06:03:37,55,1,24029.51
9450,24745,2025-01-10 03:57:19,428,1,147572.66
9451,24748,2025-04-26 17:41:44,424,1,14170.15
9452,24748,2025-05-12 03:27:10,268,1,7387.83
9453,24751,2025-01-13 11:22:36,74,1,24393.36
9454,24756,2025-05-24 19:40:31,450,1,7501.43
9455,24758,2025-04-03 05:05:01,346,1,14000.92
9456,24759,2025-03-20 20:42:32,416,1,36650.72
9457,24763,2025-06-27 03:18:41,261,3,57474.57
9458,24765,2025-01-27 10:52:27,161,2,99621.54
9459,24767,2025-01-08 00:27:06,392,1,3931.31
9460,24769,2025-01-20 18:51:51,136,1,2438.57
9461,24770,2025-04-22 11:26:46,111,1,1028.45
9462,24771,2025-02-09 01:58:19,270,1,514.56
9463,24779,2025-02-28 09:15:10,358,2,16075.36
9464,24784,2025-02-07 18:52:42,122,1,24310.52
9465,24786,2025-03-25 00:51:27,260,1,13781.16
9466,24788,2025-04-26 02:58:25,92,2,7477.02
9467,24788,2025-05-24 21:22:37,277,1,134439.28
9468,24793,2025-03-21 22:58:16,20,1,1778.75
9469,24795,2025-06-12 04:42:31,362,1,539.2
9470,24798,2025-01-06 15:44:23,197,1,1108.19
9471,24800,2025-02-07 10:14:35,105,1,7627.67
9472,24803,2025-01-06 07:03:18,376,1,14562.53
9473,24807,2025-02-24 09:38:32,418,1,16621.38
9474,24814,2025-02-12 21:50:38,176,2,30582.34
9475,24817,2025-02-18 06:45:46,396,2,221064.42
9476,24821,2025-02-25 22:40:16,47,1,6372.46
9477,24824,2025-04-04 21:00:44,359,1,7693.07
9478,24827,2025-02-14 17:09:51,418,1,16621.38
9479,24831,2025-05-18 00:26:05,214,2,41746.38
9480,24832,2025-05-17 14:26:21,42,2,70810.56
9481,24841,2025-06-28 16:08:42,308,1,10693.04
9482,24852,2025-03-11 04:23:29,477,2,74707.18
9483,24853,2025-05-03 21:24:18,477,1,37353.59
9484,24858,2025-03-15 21:01:40,19,2,5540.18
9485,24862,2025-03-27 04:35:31,358,1,8037.68
9486,24863,2025-01-13 04:45:22,421,1,3913.39
9487,24868,2025-03-11 20:55:47,6,1,4629.86
9488,24868,2025-03-20 06:41:52,311,1,90815.28
9489,24869,2025-06-02 09:15:17,192,1,33176.4
9490,24869,2025-06-06 15:02:14,289,1,116522.54
9491,24873,2025-06-18 12:12:30,109,1,13239.59
9492,24877,2025-04-01 09:38:39,318,1,19551.59
9493,24881,2025-02-13 22:15:46,283,1,38631.44
9494,24881,2025-03-02 15:55:53,22,1,12590.38
9495,24882,2025-05-26 02:21:54,182,1,5001.59
9496,24884,2025-01-26 16:03:27,233,2,9256.5
9497,24885,2025-04-07 13:47:07,169,1,2636.13
9498,24895,2025-02-14 03:10:53,82,1,12391.54
9499,24896,2025-02-16 14:40:08,223,1,11303.07
9500,24897,2025-05-19 22:27:28,81,1,47864.88
9501,24899,2025-03-04 22:20:14,403,1,25390.62
9502,24901,2025-06-01 11:15:35,13,1,2692.52
9503,24902,2025-01-23 15:32:21,8,2,4298.44
9504,24903,2025-03-29 00:44:31,370,2,37808.82
9505,24904,2025-04-28 08:01:13,283,1,38631.44
9506,24904,2025-05-04 12:01:02,185,2,25980.58
9507,24907,2025-01-13 09:59:14,378,1,15995.17
9508,24910,2025-05-20 18:19:33,343,2,142882.12
9509,24913,2025-01-30 03:54:20,416,2,73301.44
9510,24917,2025-04-01 16:00:16,344,1,21107.94
9511,24918,2025-03-09 22:39:05,166,2,30353.98
9512,24918,2025-03-29 00:13:32,92,1,3738.51
9513,24921,2025-04-02 13:44:01,437,1,1479.71
9514,24928,2025-05-07 11:23:40,425,2,28629.48
9515,24941,2025-05-30 22:26:15,270,1,514.56
9516,24950,2025-06-23 17:44:49,300,1,11130.88
9517,24954,2025-03-14 15:54:40,431,1,6259.3
9518,24957,2025-04-07 16:20:03,466,1,31559.05
9519,24959,2025-04-28 15:12:35,22,2,25180.76
9520,24960,2025-04-11 15:40:09,447,1,1488.36
9521,24961,2025-05-06 13:40:52,183,1,5734.14
9522,24966,2025-02-23 09:10:29,142,2,20574.38
9523,24968,2025-06-26 08:11:23,366,2,19596.42
9524,24969,2025-03-12 04:08:55,499,1,3999.82
9525,24971,2025-05-06 12:10:17,359,1,7693.07
9526,24973,2025-03-09 17:55:09,160,1,13826.53
9527,24976,2025-03-04 05:59:26,169,1,2636.13
9528,24979,2025-04-23 05:23:34,330,1,3233.01
9529,24981,2025-03-12 15:10:29,345,2,48492.4
9530,24984,2025-06-17 11:49:02,114,1,3834.0
9531,24985,2025-03-21 15:12:51,246,1,4485.92
9532,24985,2025-04-05 07:36:06,288,1,11259.13
9533,24987,2025-05-12 04:57:15,114,1,3834.0
9534,24992,2025-04-07 13:19:14,144,2,42271.54
9535,24999,2025-06-09 15:49:18,71,1,4426.79
9536,25006,2025-06-07 21:25:38,389,2,6439.7
9537,25008,2025-03-26 01:16:27,198,3,23383.53
9538,25010,2025-04-23 11:30:27,45,1,25096.16
9539,25014,2025-06-11 06:19:32,396,1,110532.21
9540,25015,2025-04-05 13:04:06,241,1,11168.82
9541,25020,2025-05-21 20:15:19,141,2,156012.88
9542,25020,2025-06-03 02:35:25,116,1,13895.24
9543,25021,2025-05-22 17:01:36,418,1,16621.38
9544,25023,2025-02-27 02:51:59,143,3,39458.07
9545,25023,2025-03-11 23:31:11,368,1,49977.44
9546,25026,2025-03-27 10:12:44,230,1,3807.27
9547,25031,2025-03-07 19:56:41,431,2,12518.6
9548,25038,2025-02-18 13:50:16,472,2,94432.38
9549,25042,2025-03-15 01:30:06,250,1,20800.98
9550,25046,2025-03-11 21:13:29,412,2,5494.78
9551,25047,2025-01-29 12:47:44,389,1,3219.85
9552,25052,2025-02-01 05:41:25,334,1,4204.59
9553,25056,2025-04-01 23:24:01,105,1,7627.67
9554,25057,2025-01-04 15:34:33,146,1,9446.45
9555,25058,2025-02-22 22:01:56,75,2,25220.42
9556,25062,2025-04-21 11:25:14,322,1,5485.52
9557,25064,2025-04-24 14:08:14,215,2,61806.3
9558,25065,2025-04-28 05:00:09,158,1,2196.76
9559,25068,2025-05-01 21:26:22,426,1,24723.16
9560,25077,2025-05-10 09:33:01,70,1,5458.68
9561,25080,2025-04-02 14:23:16,351,1,2039.17
9562,25081,2025-03-17 00:22:26,253,1,9261.77
9563,25083,2025-01-27 02:32:54,17,1,20450.91
9564,25086,2025-01-25 09:32:25,256,1,547.58
9565,25090,2025-02-06 09:34:28,228,1,9440.11
9566,25090,2025-02-20 19:50:37,419,1,24719.61
9567,25097,2025-04-21 12:40:20,378,3,47985.51
9568,25099,2025-02-01 16:34:06,169,1,2636.13
9569,25099,2025-02-18 01:18:11,54,1,4159.48
9570,25101,2025-02-12 09:50:11,316,1,5050.1
9571,25103,2025-06-17 12:08:53,172,1,36415.92
9572,25105,2025-03-25 14:33:19,372,2,2628.06
9573,25107,2025-01-24 17:09:37,320,1,33560.76
9574,25109,2025-05-23 03:25:57,5,3,335652.57
9575,25111,2025-01-25 18:23:00,475,2,23388.94
9576,25113,2025-01-29 22:05:30,289,1,116522.54
9577,25120,2025-02-19 08:36:18,412,1,2747.39
9578,25125,2025-04-28 22:12:02,210,2,25754.16
9579,25128,2025-04-18 14:09:13,338,1,88128.75
9580,25134,2025-04-21 05:00:37,128,1,7580.95
9581,25136,2025-03-08 07:56:20,9,1,6572.8
9582,25139,2025-02-06 11:14:21,361,1,13985.68
9583,25140,2025-06-13 21:06:04,34,1,2098.05
9584,25146,2025-01-18 17:21:31,469,1,8458.92
9585,25147,2025-02-02 19:25:30,498,1,13866.8
9586,25152,2025-02-28 15:11:15,432,1,16557.1
9587,25154,2025-04-05 00:32:03,432,1,16557.1
9588,25162,2025-03-31 17:34:30,302,1,38776.55
9589,25165,2025-06-24 18:49:59,47,1,6372.46
9590,25166,2025-02-06 00:29:35,272,1,11789.2
9591,25169,2025-03-16 08:56:17,375,2,5594.74
9592,25171,2025-01-01 22:19:41,443,2,38179.88
9593,25175,2025-03-29 16:22:21,334,1,4204.59
9594,25176,2025-04-24 15:44:51,198,1,7794.51
9595,25177,2025-06-24 20:45:57,465,1,17429.18
9596,25180,2025-03-31 04:54:00,217,1,3789.89
9597,25184,2025-02-16 03:33:41,241,1,11168.82
9598,25185,2025-06-15 04:11:58,409,3,18889.41
9599,25187,2025-04-02 11:19:49,159,1,30772.13
9600,25190,2025-04-16 13:49:41,496,3,94619.73
9601,25192,2025-06-15 01:59:25,94,1,9377.5
9602,25193,2025-06-23 15:09:52,240,1,29634.73
9603,25193,2025-06-28 07:14:03,113,3,23457.75
9604,25194,2025-04-02 05:32:38,224,2,29106.26
9605,25197,2025-05-26 19:52:41,444,1,148248.16
9606,25197,2025-06-11 12:45:48,13,2,5385.04
9607,25200,2025-04-24 18:08:04,312,2,49011.46
9608,25201,2025-06-01 04:24:49,353,1,14609.61
9609,25205,2025-05-12 03:35:53,348,2,22907.14
9610,25207,2025-03-27 22:35:38,470,1,1252.58
9611,25208,2025-06-03 19:19:53,412,1,2747.39
9612,25214,2025-04-08 21:37:10,365,1,13691.92
9613,25217,2025-03-24 00:36:36,356,1,3337.9
9614,25221,2025-03-07 23:46:45,212,1,105203.42
9615,25221,2025-03-29 01:13:16,230,1,3807.27
9616,25222,2025-03-28 13:34:30,307,1,22758.27
9617,25223,2025-01-29 12:37:04,336,1,11769.86
9618,25229,2025-05-16 03:10:23,143,1,13152.69
9619,25229,2025-06-07 02:13:16,86,1,95739.09
9620,25230,2025-03-15 06:25:09,499,1,3999.82
9621,25230,2025-04-06 23:16:12,411,1,2755.99
9622,25235,2025-03-02 15:30:46,343,1,71441.06
9623,25235,2025-03-22 15:05:10,127,1,37875.42
9624,25239,2025-03-02 16:13:52,132,2,15583.54
9625,25248,2025-04-09 05:13:06,491,1,912.64
9626,25249,2025-01-12 20:26:49,3,2,20189.34
9627,25254,2025-05-17 20:51:33,300,2,22261.76
9628,25255,2025-01-14 05:17:01,425,1,14314.74
9629,25256,2025-04-01 08:40:34,106,1,4353.63
9630,25260,2025-04-03 05:59:00,359,2,15386.14
9631,25262,2025-03-12 01:55:31,11,1,55867.12
9632,25267,2025-03-27 22:55:40,323,1,21377.29
9633,25269,2025-05-02 14:26:43,203,1,13023.16
9634,25270,2025-06-26 22:47:48,77,2,141019.06
9635,25274,2025-02-19 13:34:56,4,3,332960.88
9636,25274,2025-03-11 14:22:22,182,1,5001.59
9637,25277,2025-03-12 12:49:17,181,2,23739.52
9638,25278,2025-03-20 07:13:25,121,1,8945.4
9639,25278,2025-03-29 21:45:18,421,1,3913.39
9640,25282,2025-03-01 20:23:11,195,1,17742.05
9641,25286,2025-05-02 15:34:24,492,2,17463.3
9642,25286,2025-05-09 12:24:57,495,1,13165.95
9643,25287,2025-05-06 12:51:50,459,1,2696.03
9644,25290,2025-04-15 18:32:41,99,2,117491.68
9645,25292,2025-04-08 08:22:42,69,1,7709.45
9646,25297,2025-01-17 05:26:32,291,1,1193.57
9647,25300,2025-03-02 23:55:11,143,2,26305.38
9648,25305,2025-05-05 22:39:47,313,2,23499.82
9649,25306,2025-05-17 18:05:24,26,1,10901.13
9650,25310,2025-01-19 23:22:17,384,1,4013.53
9651,25311,2025-04-13 23:06:33,237,2,46242.54
9652,25314,2025-01-30 21:27:00,82,1,12391.54
9653,25315,2025-03-13 02:03:43,140,2,99968.1
9654,25317,2025-06-30 06:56:45,158,1,2196.76
9655,25324,2025-04-11 09:04:45,142,2,20574.38
9656,25324,2025-04-29 01:30:30,258,1,4584.18
9657,25328,2025-01-31 23:17:55,148,2,258213.1
9658,25338,2025-06-20 13:43:55,43,1,11732.3
9659,25339,2025-06-25 04:13:01,119,1,9009.08
9660,25340,2025-06-08 12:49:42,260,1,13781.16
9661,25342,2025-03-11 22:23:38,94,1,9377.5
9662,25344,2025-04-02 15:13:09,160,1,13826.53
9663,25347,2025-02-09 22:49:07,122,1,24310.52
9664,25347,2025-03-02 15:24:49,171,1,15094.37
9665,25350,2025-06-09 03:41:44,321,1,133685.08
9666,25360,2025-06-03 11:05:51,423,1,19615.97
9667,25360,2025-06-13 01:00:02,400,2,48218.02
9668,25361,2025-02-04 00:37:51,161,1,49810.77
9669,25369,2025-05-29 00:01:34,496,1,31539.91
9670,25370,2025-02-20 03:08:35,249,1,2728.95
9671,25374,2025-03-29 01:23:57,397,1,38138.57
9672,25384,2025-01-12 18:42:20,331,1,10724.43
9673,25384,2025-02-02 21:40:09,168,1,9504.82
9674,25386,2025-04-09 07:01:43,135,3,40952.25
9675,25391,2025-02-16 08:03:39,32,2,14552.24
9676,25402,2025-05-11 17:10:12,382,1,17566.23
9677,25406,2025-02-18 22:54:55,221,1,14298.27
9678,25408,2025-02-05 10:24:25,71,1,4426.79
9679,25408,2025-02-24 18:15:00,50,1,9054.04
9680,25409,2025-06-01 20:16:16,23,2,48172.72
9681,25412,2025-03-08 21:31:40,41,2,17001.34
9682,25413,2025-02-01 05:41:17,397,1,38138.57
9683,25417,2025-01-12 06:29:27,446,2,273560.16
9684,25418,2025-01-21 08:26:10,440,1,3107.23
9685,25424,2025-04-18 16:36:40,393,1,13053.76
9686,25425,2025-06-06 16:02:35,492,1,8731.65
9687,25425,2025-06-22 22:09:39,47,1,6372.46
9688,25428,2025-06-26 05:17:08,459,2,5392.06
9689,25432,2025-05-22 11:23:22,454,1,3744.31
9690,25432,2025-06-07 22:02:24,491,2,1825.28
9691,25432,2025-06-14 00:32:37,175,1,81468.72
9692,25433,2025-04-02 15:57:19,173,1,3095.58
9693,25433,2025-04-21 05:23:09,487,3,51373.8
9694,25434,2025-06-29 21:40:30,489,1,8331.51
9695,25437,2025-05-09 09:37:01,372,2,2628.06
9696,25437,2025-05-27 01:18:48,330,1,3233.01
9697,25440,2025-06-09 14:44:23,221,1,14298.27
9698,25440,2025-06-29 02:50:38,201,3,39308.16
9699,25442,2025-04-24 07:11:23,458,1,50236.06
9700,25444,2025-06-26 18:40:13,117,2,2992.88
9701,25449,2025-04-13 09:20:36,245,1,15399.15
9702,25450,2025-04-04 03:09:42,160,1,13826.53
9703,25457,2025-02-02 08:18:01,389,1,3219.85
9704,25459,2025-01-22 03:45:04,438,1,5413.4
9705,25460,2025-04-28 00:57:02,295,1,13255.4
9706,25462,2025-06-25 13:30:36,138,1,6720.91
9707,25465,2025-05-05 14:11:49,377,2,13009.02
9708,25470,2025-02-28 08:37:44,58,3,99452.85
9709,25470,2025-03-21 22:27:28,342,1,11288.79
9710,25470,2025-04-01 07:24:37,89,1,115692.18
9711,25479,2025-03-27 13:42:04,29,1,73838.2
9712,25481,2025-06-04 19:26:38,169,1,2636.13
9713,25487,2025-06-03 14:03:45,212,1,105203.42
9714,25489,2025-05-27 06:43:19,389,1,3219.85
9715,25493,2025-03-30 13:17:41,65,1,15098.74
9716,25496,2025-01-29 02:56:37,139,2,2017.22
9717,25502,2025-02-20 13:14:07,418,1,16621.38
9718,25503,2025-04-18 16:49:00,83,1,20559.25
9719,25504,2025-04-09 05:19:09,45,1,25096.16
9720,25506,2025-06-12 20:51:22,133,2,60928.04
9721,25509,2025-06-28 07:32:45,327,1,8222.53
9722,25514,2025-02-21 10:43:02,250,3,62402.94
9723,25517,2025-06-25 02:07:42,303,2,2908.48
9724,25520,2025-01-21 11:11:43,372,1,1314.03
9725,25522,2025-03-14 04:55:45,353,1,14609.61
9726,25524,2025-03-13 02:59:36,316,2,10100.2
9727,25531,2025-03-29 11:42:28,272,2,23578.4
9728,25532,2025-02-11 00:29:19,356,1,3337.9
9729,25534,2025-03-02 20:58:54,430,2,49290.8
9730,25537,2025-04-11 09:19:29,198,1,7794.51
9731,25538,2025-04-21 03:56:05,43,2,23464.6
9732,25538,2025-05-30 10:37:44,440,1,3107.23
9733,25545,2025-03-17 23:47:27,268,1,7387.83
9734,25546,2025-03-06 20:26:58,469,3,25376.76
9735,25548,2025-03-16 23:55:51,85,1,67271.34
9736,25555,2025-06-17 12:16:05,117,1,1496.44
9737,25556,2025-05-22 14:17:46,178,1,122025.22
9738,25560,2025-01-08 09:13:28,365,1,13691.92
9739,25566,2025-01-19 12:15:50,70,1,5458.68
9740,25566,2025-02-11 02:33:21,337,1,138096.58
9741,25567,2025-04-10 01:45:42,309,2,5020.2
9742,25570,2025-06-11 04:03:32,266,1,8000.62
9743,25571,2025-05-07 17:16:14,338,2,176257.5
9744,25578,2025-01-10 13:54:09,286,1,3189.98
9745,25580,2025-04-18 22:10:45,115,1,16709.38
9746,25581,2025-04-25 06:52:02,32,3,21828.36
9747,25585,2025-05-31 09:33:55,453,2,6550.42
9748,25586,2025-04-08 00:42:24,43,2,23464.6
9749,25587,2025-03-29 09:03:58,205,1,14938.64
9750,25587,2025-04-30 14:51:48,211,1,31008.7
9751,25588,2025-06-04 20:20:02,64,1,23300.53
9752,25589,2025-04-24 04:07:11,146,1,9446.45
9753,25594,2025-05-25 13:23:10,403,1,25390.62
9754,25594,2025-06-20 16:07:03,210,2,25754.16
9755,25595,2025-06-17 05:46:01,285,2,231823.64
9756,25596,2025-04-20 16:17:09,435,1,4498.66
9757,25600,2025-06-10 23:57:12,302,3,116329.65
9758,25601,2025-04-05 01:45:48,39,1,19720.04
9759,25602,2025-03-06 23:39:58,85,1,67271.34
9760,25603,2025-05-12 17:53:29,109,1,13239.59
9761,25605,2025-03-30 00:28:42,201,1,13102.72
9762,25609,2025-03-07 03:39:32,276,2,9686.02
9763,25610,2025-02-04 06:57:17,341,2,8933.94
9764,25614,2025-03-30 00:54:13,43,1,11732.3
9765,25615,2025-01-22 20:40:34,57,1,55100.21
9766,25620,2025-02-19 02:46:38,62,1,20430.08
9767,25621,2025-01-26 07:24:28,306,1,4449.97
9768,25623,2025-03-08 11:29:10,104,1,19691.24
9769,25626,2025-02-10 08:30:18,51,1,10465.17
9770,25628,2025-04-24 21:02:34,324,1,28001.07
9771,25628,2025-05-01 22:05:58,62,1,20430.08
9772,25633,2025-06-24 07:49:46,393,2,26107.52
9773,25635,2025-03-24 11:10:21,407,2,2864.2
9774,25637,2025-05-18 21:09:48,203,1,13023.16
9775,25646,2025-03-17 17:10:22,76,1,513.56
9776,25647,2025-05-22 09:40:33,336,1,11769.86
9777,25647,2025-05-30 03:43:09,465,1,17429.18
9778,25648,2025-04-04 17:03:18,9,1,6572.8
9779,25651,2025-02-13 01:51:43,327,1,8222.53
9780,25656,2025-05-14 10:42:47,484,2,185827.88
9781,25657,2025-04-06 23:16:59,494,1,495.37
9782,25659,2025-01-17 05:52:07,365,1,13691.92
9783,25668,2025-06-18 05:28:36,155,2,55578.78
9784,25669,2025-04-08 14:33:21,478,1,37666.35
9785,25671,2025-04-27 12:50:54,121,1,8945.4
9786,25671,2025-05-06 13:36:49,98,1,12583.05
9787,25673,2025-05-14 06:06:00,472,1,47216.19
9788,25678,2025-03-06 15:34:51,311,1,90815.28
9789,25679,2025-05-22 08:17:44,435,1,4498.66
9790,25685,2025-05-16 06:27:21,417,1,32512.83
9791,25689,2025-04-11 22:29:57,207,1,30716.03
9792,25689,2025-04-22 06:27:12,268,1,7387.83
9793,25691,2025-03-09 19:48:37,78,3,448448.1
9794,25692,2025-06-09 03:13:42,166,2,30353.98
9795,25694,2025-06-29 04:57:05,219,3,7606.62
9796,25697,2025-03-25 05:33:31,191,1,36768.02
9797,25701,2025-04-18 09:18:56,61,1,102219.65
9798,25702,2025-03-08 12:22:02,230,2,7614.54
9799,25704,2025-05-05 11:11:43,408,2,17868.96
9800,25705,2025-02-28 23:04:13,351,1,2039.17
9801,25711,2025-03-03 08:40:10,189,1,9592.2
9802,25712,2025-06-05 11:45:41,161,1,49810.77
9803,25714,2025-02-28 14:08:52,47,1,6372.46
9804,25714,2025-03-11 12:25:12,338,1,88128.75
9805,25716,2025-06-13 00:15:49,300,3,33392.64
9806,25718,2025-05-22 14:04:00,466,2,63118.1
9807,25722,2025-02-19 00:11:50,68,1,47179.0
9808,25722,2025-02-27 18:45:28,261,1,19158.19
9809,25734,2025-04-04 14:04:02,245,1,15399.15
9810,25739,2025-03-06 05:08:38,393,1,13053.76
9811,25740,2025-03-03 19:15:10,472,1,47216.19
9812,25742,2025-02-24 22:57:48,49,1,3584.0
9813,25744,2025-05-08 06:55:05,117,2,2992.88
9814,25745,2025-04-11 09:08:30,387,1,28854.36
9815,25745,2025-04-27 11:50:36,418,1,16621.38
9816,25747,2025-02-15 05:06:10,219,1,2535.54
9817,25748,2025-06-03 04:48:47,72,2,87607.34
9818,25749,2025-03-15 14:43:04,121,2,17890.8
9819,25750,2025-06-30 23:25:53,167,1,26417.09
9820,25757,2025-02-06 01:53:48,391,1,7481.06
9821,25758,2025-03-25 00:31:24,418,1,16621.38
9822,25768,2025-04-26 07:16:00,224,1,14553.13
9823,25769,2025-03-21 00:50:58,139,2,2017.22
9824,25769,2025-04-05 20:44:43,357,2,272261.16
9825,25769,2025-04-10 12:42:03,364,1,4874.98
9826,25770,2025-05-06 21:52:00,54,1,4159.48
9827,25773,2025-03-25 21:47:39,42,3,106215.84
9828,25775,2025-02-16 14:05:48,196,1,1179.56
9829,25776,2025-03-11 07:29:11,483,1,43632.67
9830,25777,2025-02-17 23:09:59,63,1,8572.39
9831,25784,2025-03-08 04:28:10,161,1,49810.77
9832,25785,2025-05-15 19:11:12,222,1,8006.41
9833,25788,2025-01-20 13:34:45,415,2,9390.32
9834,25789,2025-01-20 16:44:12,118,1,2075.07
9835,25789,2025-01-27 21:44:57,245,1,15399.15
9836,25790,2025-01-16 02:24:17,193,1,33028.41
9837,25791,2025-01-28 11:37:44,86,1,95739.09
9838,25794,2025-01-09 17:41:12,59,1,43466.97
9839,25796,2025-04-18 15:14:00,500,1,101175.55
9840,25798,2025-04-25 03:32:28,275,2,6614.96
9841,25798,2025-05-05 14:52:40,454,1,3744.31
9842,25802,2025-06-20 21:19:25,307,1,22758.27
9843,25803,2025-05-19 19:54:18,430,1,24645.4
9844,25803,2025-06-01 19:39:12,410,1,90198.25
9845,25805,2025-02-06 01:21:27,447,1,1488.36
9846,25806,2025-01-17 20:39:16,449,1,651.83
9847,25809,2025-02-07 06:03:08,68,2,94358.0
9848,25809,2025-03-08 16:48:53,81,2,95729.76
9849,25812,2025-03-17 01:32:22,13,3,8077.56
9850,25812,2025-04-29 00:36:30,23,2,48172.72
9851,25815,2025-05-12 22:40:26,194,1,1522.19
9852,25817,2025-06-29 22:03:19,466,1,31559.05
9853,25818,2025-06-10 01:19:47,131,2,20407.46
9854,25818,2025-06-28 02:42:19,396,1,110532.21
9855,25822,2025-05-08 04:37:28,442,1,27027.64
9856,25824,2025-01-09 08:43:49,497,1,4676.48
9857,25825,2025-02-16 12:54:19,258,1,4584.18
9858,25832,2025-02-09 18:55:27,348,1,11453.57
9859,25832,2025-03-02 09:36:54,296,2,216254.82
9860,25833,2025-01-09 01:40:09,306,1,4449.97
9861,25834,2025-05-20 05:18:52,70,1,5458.68
9862,25835,2025-02-05 02:00:58,375,2,5594.74
9863,25838,2025-02-14 01:16:47,423,2,39231.94
9864,25840,2025-02-02 06:38:31,298,3,38079.66
9865,25840,2025-02-26 20:19:51,220,2,5167.84
9866,25843,2025-06-13 21:53:53,232,1,3213.9
9867,25846,2025-02-28 14:44:53,34,3,6294.15
9868,25846,2025-03-09 04:55:36,448,2,36988.52
9869,25849,2025-04-30 02:51:42,443,1,19089.94
9870,25852,2025-02-01 11:39:36,200,1,7837.57
9871,25854,2025-05-02 20:43:33,89,1,115692.18
9872,25855,2025-02-25 05:37:58,295,1,13255.4
9873,25855,2025-03-07 23:47:23,483,2,87265.34
9874,25856,2025-01-30 05:06:13,480,1,35487.49
9875,25857,2025-01-27 06:19:45,493,1,17276.96
9876,25858,2025-04-12 00:15:51,384,1,4013.53
9877,25858,2025-04-21 00:17:46,376,1,14562.53
9878,25858,2025-04-28 03:09:39,327,1,8222.53
9879,25860,2025-06-29 15:53:53,410,3,270594.75
9880,25864,2025-06-16 14:09:29,361,1,13985.68
9881,25865,2025-05-17 21:23:01,280,1,16802.32
9882,25866,2025-04-16 23:55:51,474,1,15410.11
9883,25866,2025-04-25 16:03:21,210,1,12877.08
9884,25868,2025-04-07 20:31:25,303,1,1454.24
9885,25870,2025-03-04 06:26:57,268,1,7387.83
9886,25870,2025-03-19 00:18:18,484,1,92913.94
9887,25871,2025-05-30 18:07:30,216,1,43283.26
9888,25873,2025-01-08 08:40:53,406,1,24419.24
9889,25884,2025-04-27 15:26:20,309,2,5020.2
9890,25892,2025-06-12 13:35:50,111,1,1028.45
9891,25894,2025-06-04 09:41:19,346,1,14000.92
9892,25894,2025-06-21 21:54:29,333,1,4180.46
9893,25895,2025-06-17 09:14:15,439,1,35173.02
9894,25897,2025-05-17 13:41:51,74,2,48786.72
9895,25904,2025-02-14 11:21:48,288,1,11259.13
9896,25905,2025-01-22 15:54:52,228,2,18880.22
9897,25906,2025-02-07 05:26:29,296,3,324382.23
9898,25907,2025-01-15 18:47:35,36,1,17558.77
9899,25908,2025-05-14 13:19:19,62,1,20430.08
9900,25908,2025-05-17 23:35:50,314,1,6987.52
9901,25909,2025-06-19 15:12:56,20,1,1778.75
9902,25911,2025-02-01 07:44:48,427,1,4312.66
9903,25913,2025-03-30 18:10:57,359,2,15386.14
9904,25913,2025-04-14 16:00:37,92,1,3738.51
9905,25913,2025-04-30 11:54:01,108,1,5270.83
9906,25913,2025-05-13 11:59:16,370,1,18904.41
9907,25914,2025-02-08 08:45:09,342,1,11288.79
9908,25915,2025-02-22 12:37:21,79,2,28589.74
9909,25919,2025-05-31 07:16:58,256,1,547.58
9910,25921,2025-06-04 19:30:12,10,2,7904.74
9911,25923,2025-04-26 10:10:53,424,2,28340.3
9912,25923,2025-05-14 14:26:20,266,1,8000.62
9913,25934,2025-06-05 10:57:33,104,1,19691.24
9914,25935,2025-05-06 10:03:11,15,1,9205.01
9915,25935,2025-05-23 15:28:35,282,2,2226.6
9916,25939,2025-06-23 19:11:37,106,1,4353.63
9917,25942,2025-01-10 23:13:10,208,1,3468.77
9918,25946,2025-02-10 23:31:23,294,2,69169.38
9919,25946,2025-03-15 16:36:29,282,1,1113.3
9920,25948,2025-01-27 22:20:19,2,1,19570.0
9921,25949,2025-01-11 00:40:52,308,3,32079.12
9922,25953,2025-06-07 18:01:50,228,1,9440.11
9923,25956,2025-02-06 02:36:18,141,1,78006.44
9924,25962,2025-06-16 17:58:04,319,1,29688.49
9925,25963,2025-05-25 01:48:13,242,2,18570.78
9926,25965,2025-03-07 08:19:18,250,1,20800.98
9927,25967,2025-01-27 12:12:12,326,2,163565.06
9928,25969,2025-03-08 06:27:33,362,2,1078.4
9929,25970,2025-05-25 23:32:34,205,1,14938.64
9930,25972,2025-03-31 20:03:06,264,1,4577.56
9931,25973,2025-05-31 16:34:12,306,1,4449.97
9932,25984,2025-02-07 16:00:45,29,1,73838.2
9933,25984,2025-02-12 08:58:38,12,1,10398.85
9934,25988,2025-04-19 18:31:55,13,1,2692.52
9935,25996,2025-04-21 17:35:42,412,2,5494.78
9936,26004,2025-03-23 08:48:32,106,1,4353.63
9937,26007,2025-01-02 04:58:20,330,1,3233.01
9938,26014,2025-04-04 03:52:48,415,2,9390.32
9939,26016,2025-01-15 13:13:44,431,1,6259.3
9940,26016,2025-02-09 07:20:59,334,2,8409.18
9941,26017,2025-01-22 01:14:31,168,1,9504.82
9942,26018,2025-04-07 23:21:22,405,1,20089.63
9943,26019,2025-06-15 23:12:55,76,1,513.56
9944,26021,2025-04-08 06:22:40,500,1,101175.55
9945,26021,2025-04-19 12:54:39,70,2,10917.36
9946,26021,2025-06-11 13:49:41,250,1,20800.98
9947,26027,2025-05-09 16:08:04,181,1,11869.76
9948,26032,2025-03-28 07:01:39,352,2,59048.82
9949,26037,2025-04-25 06:46:27,424,1,14170.15
9950,26038,2025-05-14 05:19:05,39,1,19720.04
9951,26040,2025-04-30 14:54:43,75,1,12610.21
9952,26045,2025-06-21 09:32:08,73,2,6369.86
9953,26048,2025-05-21 17:14:41,405,1,20089.63
9954,26049,2025-04-25 03:46:08,234,2,139295.18
9955,26049,2025-05-03 02:50:18,125,1,20320.95
9956,26050,2025-04-24 18:41:49,192,2,66352.8
9957,26052,2025-04-21 13:18:26,231,1,2920.42
9958,26053,2025-05-30 05:34:30,317,1,2354.88
9959,26055,2025-01-09 07:50:00,491,1,912.64
9960,26062,2025-06-03 07:28:42,448,1,18494.26
9961,26063,2025-01-27 19:22:11,180,1,22619.63
9962,26064,2025-04-04 21:22:09,186,1,5082.83
9963,26064,2025-04-12 23:39:12,420,1,3770.66
9964,26065,2025-06-12 08:44:16,20,1,1778.75
9965,26067,2025-03-31 18:38:24,319,1,29688.49
9966,26075,2025-03-06 18:21:30,131,1,10203.73
9967,26076,2025-06-15 16:31:53,280,1,16802.32
9968,26078,2025-03-21 00:16:48,388,2,75217.0
9969,26082,2025-06-24 08:59:11,488,1,32780.58
9970,26086,2025-06-24 12:57:11,48,1,5407.24
9971,26094,2025-01-02 17:57:08,455,2,6329.94
9972,26095,2025-04-15 10:13:49,169,1,2636.13
9973,26096,2025-03-01 15:25:13,485,1,26241.01
9974,26099,2025-06-10 00:53:59,460,3,123986.01
9975,26100,2025-04-05 11:38:11,239,1,1734.95
9976,26100,2025-04-12 16:56:33,374,1,10459.29
9977,26108,2025-06-06 05:50:41,230,1,3807.27
9978,26108,2025-06-25 10:35:22,447,1,1488.36
9979,26111,2025-06-11 15:37:33,391,1,7481.06
9980,26111,2025-06-28 06:59:50,358,3,24113.04
9981,26112,2025-06-25 03:28:07,97,2,1247.02
9982,26117,2025-06-19 03:00:30,311,1,90815.28
9983,26120,2025-06-09 14:28:59,25,3,8831.76
9984,26125,2025-05-04 19:23:47,439,1,35173.02
9985,26126,2025-05-12 23:35:34,469,1,8458.92
9986,26128,2025-04-08 04:32:08,497,1,4676.48
9987,26128,2025-04-12 05:50:21,185,2,25980.58
9988,26128,2025-04-25 03:28:44,12,1,10398.85
9989,26131,2025-04-28 19:05:24,237,1,23121.27
9990,26134,2025-02-26 18:14:03,230,1,3807.27
9991,26140,2025-03-18 05:55:43,134,3,11404.41
9992,26143,2025-03-12 15:33:43,328,1,7767.1
9993,26143,2025-03-26 12:05:59,182,1,5001.59
9994,26148,2025-01-03 17:51:39,471,1,29952.23
9995,26151,2025-01-17 03:12:10,203,1,13023.16
9996,26153,2025-05-06 16:14:28,414,1,20297.26
9997,26156,2025-01-12 18:44:33,127,1,37875.42
9998,26157,2025-02-07 08:16:12,88,2,77806.06
9999,26158,2025-01-27 12:04:03,231,2,5840.84
10000,26158,2025-03-01 23:59:06,213,1,14323.4
10001,26159,2025-06-04 21:22:41,73,1,3184.93
10002,26159,2025-06-09 12:45:44,122,2,48621.04
10003,26164,2025-02-27 20:50:24,128,1,7580.95
10004,26164,2025-03-05 07:48:21,223,2,22606.14
10005,26165,2025-05-11 02:46:05,467,2,164023.54
10006,26168,2025-02-02 19:54:49,364,1,4874.98
10007,26171,2025-02-26 07:20:05,283,1,38631.44
10008,26180,2025-05-18 07:27:20,164,1,100669.41
10009,26181,2025-04-24 00:44:50,274,1,21627.09
10010,26185,2025-02-16 19:16:40,153,2,2100.28
10011,26188,2025-06-15 17:38:30,275,1,3307.48
10012,26191,2025-01-30 22:25:13,100,2,35149.9
10013,26192,2025-06-01 14:37:32,328,1,7767.1
10014,26192,2025-06-18 03:23:48,43,1,11732.3
10015,26195,2025-06-15 10:37:18,445,1,1748.17
10016,26199,2025-06-06 21:39:03,473,2,2148.98
10017,26202,2025-01-25 00:45:02,369,1,14392.59
10018,26204,2025-06-05 10:28:34,284,3,32010.96
10019,26208,2025-04-11 05:05:23,500,2,202351.1
10020,26215,2025-06-05 03:15:49,206,1,23007.56
10021,26216,2025-01-24 03:06:18,140,1,49984.05
10022,26217,2025-03-18 01:21:45,212,1,105203.42
10023,26217,2025-04-06 20:50:55,470,2,2505.16
10024,26219,2025-01-25 20:51:47,472,1,47216.19
10025,26223,2025-06-19 11:08:39,381,1,9476.92
10026,26227,2025-06-04 12:58:20,77,3,211528.59
10027,26231,2025-05-01 13:04:03,318,1,19551.59
10028,26234,2025-05-30 08:04:17,47,1,6372.46
10029,26240,2025-02-01 12:08:24,269,1,115514.93
10030,26245,2025-02-08 18:44:56,360,1,10778.02
10031,26246,2025-04-27 15:03:09,286,1,3189.98
10032,26252,2025-03-24 03:59:01,341,2,8933.94
10033,26253,2025-06-16 20:02:29,149,3,30948.33
10034,26253,2025-06-28 14:08:49,252,1,5818.59
10035,26255,2025-06-06 21:06:48,257,1,2435.84
10036,26256,2025-05-28 16:17:45,268,1,7387.83
10037,26256,2025-06-04 13:34:33,83,1,20559.25
10038,26259,2025-06-06 19:28:09,71,1,4426.79
10039,26260,2025-04-17 23:59:17,382,1,17566.23
10040,26261,2025-06-07 03:57:13,138,2,13441.82
10041,26264,2025-02-18 23:12:35,355,1,4384.45
10042,26271,2025-05-08 21:51:02,304,1,149568.6
10043,26272,2025-05-29 13:33:11,112,1,6810.44
10044,26273,2025-05-30 02:44:21,329,1,11214.8
10045,26274,2025-02-05 05:51:24,199,1,130009.3
10046,26276,2025-03-03 15:41:53,163,1,7638.19
10047,26278,2025-05-25 04:24:34,293,1,3662.24
10048,26281,2025-04-13 20:56:21,205,2,29877.28
10049,26282,2025-04-26 06:00:28,211,1,31008.7
10050,26282,2025-05-15 03:23:22,432,1,16557.1
10051,26283,2025-05-31 19:29:42,370,1,18904.41
10052,26284,2025-03-30 09:42:01,86,1,95739.09
10053,26285,2025-03-17 20:11:38,273,1,8130.43
10054,26288,2025-03-14 09:17:21,337,1,138096.58
10055,26289,2025-02-13 02:17:00,265,1,7512.87
10056,26297,2025-03-12 03:12:00,467,1,82011.77
10057,26300,2025-04-10 00:11:14,225,1,3052.25
10058,26305,2025-06-15 12:39:30,46,3,345626.25
10059,26306,2025-01-09 18:40:33,256,1,547.58
10060,26315,2025-05-15 06:10:44,484,1,92913.94
10061,26318,2025-02-15 12:53:18,361,2,27971.36
10062,26323,2025-05-02 23:39:58,210,1,12877.08
10063,26328,2025-01-31 21:55:05,66,1,7734.16
10064,26334,2025-05-07 10:07:14,80,2,248248.7
10065,26335,2025-03-10 18:56:14,22,1,12590.38
10066,26335,2025-04-17 02:09:58,162,1,6647.03
10067,26335,2025-05-01 19:49:16,19,1,2770.09
10068,26339,2025-06-09 19:59:10,129,1,358.85
10069,26343,2025-06-30 23:21:20,379,1,29755.14
10070,26344,2025-01-28 18:45:29,113,1,7819.25
10071,26350,2025-02-26 02:57:42,410,3,270594.75
10072,26350,2025-03-23 15:01:04,460,1,41328.67
10073,26354,2025-03-22 23:17:55,51,3,31395.51
10074,26357,2025-03-22 01:07:40,189,2,19184.4
10075,26360,2025-03-19 10:23:28,74,1,24393.36
10076,26360,2025-04-19 20:44:44,370,1,18904.41
10077,26363,2025-03-04 08:35:20,27,2,3253.62
10078,26366,2025-04-04 02:07:51,361,1,13985.68
10079,26368,2025-01-07 16:00:31,316,1,5050.1
10080,26372,2025-05-28 16:15:10,410,1,90198.25
10081,26374,2025-06-18 18:39:36,132,1,7791.77
10082,26377,2025-05-05 16:01:41,43,1,11732.3
10083,26377,2025-05-11 01:44:57,299,1,9185.44
10084,26377,2025-06-04 03:33:14,345,1,24246.2
10085,26378,2025-05-09 13:00:35,278,1,12926.7
10086,26379,2025-06-25 11:40:02,437,1,1479.71
10087,26382,2025-02-11 16:13:14,273,1,8130.43
10088,26382,2025-02-16 03:57:48,58,2,66301.9
10089,26385,2025-06-06 07:21:30,147,1,8701.96
10090,26389,2025-01-26 09:17:48,132,2,15583.54
10091,26391,2025-04-27 11:47:41,227,2,3729.02
10092,26392,2025-03-03 20:40:31,366,2,19596.42
10093,26395,2025-01-19 20:11:50,143,1,13152.69
10094,26399,2025-03-20 15:31:12,453,1,3275.21
10095,26409,2025-06-04 01:39:20,86,1,95739.09
10096,26412,2025-06-28 00:20:42,496,1,31539.91
10097,26413,2025-05-31 02:00:46,426,2,49446.32
10098,26413,2025-06-27 22:57:47,299,2,18370.88
10099,26415,2025-02-27 14:07:42,372,2,2628.06
10100,26415,2025-03-04 08:20:48,211,1,31008.7
10101,26415,2025-03-29 01:13:02,160,1,13826.53
10102,26420,2025-02-03 04:49:41,6,1,4629.86
10103,26424,2025-01-11 12:09:30,189,1,9592.2
10104,26427,2025-06-27 07:18:00,69,2,15418.9
10105,26428,2025-03-26 19:54:26,212,1,105203.42
10106,26429,2025-01-20 03:39:38,191,2,73536.04
10107,26432,2025-02-25 14:22:12,346,1,14000.92
10108,26437,2025-01-20 07:01:43,117,1,1496.44
10109,26438,2025-04-28 02:43:22,452,2,35516.52
10110,26438,2025-05-05 20:16:54,185,2,25980.58
10111,26441,2025-06-23 17:07:27,43,1,11732.3
10112,26442,2025-04-10 08:33:48,51,3,31395.51
10113,26443,2025-01-09 07:00:43,354,1,13893.05
10114,26444,2025-05-04 09:47:02,157,1,103545.76
10115,26446,2025-03-13 02:11:11,29,2,147676.4
10116,26446,2025-03-27 15:18:35,181,1,11869.76
10117,26449,2025-01-22 13:07:15,191,1,36768.02
10118,26450,2025-03-07 22:36:00,406,1,24419.24
10119,26454,2025-06-24 22:52:46,429,3,8369.58
10120,26461,2025-05-13 20:15:30,355,1,4384.45
10121,26463,2025-04-28 20:55:57,32,1,7276.12
10122,26466,2025-01-22 16:40:07,232,1,3213.9
10123,26469,2025-01-22 23:54:10,190,1,27317.1
10124,26470,2025-04-05 19:21:32,106,2,8707.26
10125,26471,2025-02-13 06:57:01,43,1,11732.3
10126,26471,2025-02-26 08:50:35,424,1,14170.15
10127,26473,2025-06-07 13:47:10,153,1,1050.14
10128,26473,2025-06-25 02:19:00,221,1,14298.27
10129,26476,2025-05-24 15:01:15,44,2,12264.32
10130,26478,2025-06-24 15:14:46,361,1,13985.68
10131,26480,2025-05-19 05:34:09,361,1,13985.68
10132,26482,2025-04-03 17:04:04,330,1,3233.01
10133,26482,2025-04-20 16:41:50,1,1,7205.01
10134,26484,2025-05-14 01:58:15,297,1,17729.74
10135,26487,2025-02-24 01:39:10,491,1,912.64
10136,26489,2025-06-11 17:15:12,491,1,912.64
10137,26490,2025-05-26 00:08:12,415,1,4695.16
10138,26493,2025-02-09 03:54:04,67,3,9736.65
10139,26494,2025-04-13 01:17:35,200,1,7837.57
10140,26495,2025-05-04 00:56:27,384,1,4013.53
10141,26501,2025-05-13 15:22:51,453,1,3275.21
10142,26502,2025-03-20 18:44:13,232,1,3213.9
10143,26503,2025-03-07 23:52:00,171,1,15094.37
10144,26505,2025-04-14 07:16:12,271,1,35581.83
10145,26508,2025-01-30 12:51:15,123,1,37439.59
10146,26509,2025-04-12 10:47:10,179,2,227473.0
10147,26513,2025-04-24 03:37:04,207,1,30716.03
10148,26516,2025-02-21 06:26:15,457,1,32494.5
10149,26518,2025-06-16 00:36:29,92,1,3738.51
10150,26525,2025-05-05 20:17:54,59,1,43466.97
10151,26526,2025-04-14 12:17:25,15,1,9205.01
10152,26529,2025-03-23 03:44:56,467,1,82011.77
10153,26530,2025-04-28 11:24:46,68,1,47179.0
10154,26531,2025-02-07 13:37:29,314,1,6987.52
10155,26534,2025-06-16 00:42:24,467,1,82011.77
10156,26536,2025-04-29 14:10:01,209,2,76822.74
10157,26537,2025-02-19 12:18:03,227,1,1864.51
10158,26537,2025-02-28 20:53:27,416,1,36650.72
10159,26545,2025-05-20 20:49:56,472,1,47216.19
10160,26546,2025-01-22 00:28:33,398,1,9488.31
10161,26548,2025-02-21 06:18:17,464,1,28260.63
10162,26549,2025-06-04 11:48:28,483,1,43632.67
10163,26550,2025-01-24 21:20:07,267,1,20054.79
10164,26551,2025-05-29 20:32:11,43,1,11732.3
10165,26552,2025-01-16 22:23:56,75,2,25220.42
10166,26553,2025-05-27 21:04:25,122,1,24310.52
10167,26558,2025-01-22 20:20:21,330,1,3233.01
10168,26563,2025-05-23 21:37:20,488,2,65561.16
10169,26566,2025-05-19 04:48:41,56,1,29155.33
10170,26568,2025-03-23 21:18:08,91,2,231658.56
10171,26568,2025-03-27 02:00:11,478,1,37666.35
10172,26570,2025-03-09 10:29:22,148,1,129106.55
10173,26571,2025-02-24 02:09:25,95,1,14154.76
10174,26571,2025-03-13 11:43:14,315,2,67724.14
10175,26576,2025-05-09 20:08:39,253,1,9261.77
10176,26578,2025-01-24 13:11:23,68,1,47179.0
10177,26578,2025-03-01 05:19:33,285,3,347735.46
10178,26583,2025-03-29 12:59:04,40,1,1173.14
10179,26585,2025-04-12 11:25:53,16,1,4159.96
10180,26585,2025-05-02 17:59:56,200,1,7837.57
10181,26587,2025-02-26 09:18:20,199,1,130009.3
10182,26588,2025-03-29 17:14:52,214,1,20873.19
10183,26593,2025-02-05 20:41:43,416,1,36650.72
10184,26600,2025-06-23 10:16:45,178,1,122025.22
10185,26601,2025-06-08 21:39:30,52,1,4983.11
10186,26603,2025-04-11 17:11:19,47,1,6372.46
10187,26604,2025-04-19 06:46:23,474,1,15410.11
10188,26605,2025-03-12 05:56:03,256,1,547.58
10189,26605,2025-03-31 08:07:18,468,2,283156.62
10190,26608,2025-03-17 19:52:12,134,1,3801.47
10191,26609,2025-01-04 15:03:42,126,1,15953.08
10192,26613,2025-01-13 18:22:33,471,1,29952.23
10193,26614,2025-06-05 00:08:48,476,1,2319.27
10194,26616,2025-06-12 04:21:25,467,1,82011.77
10195,26617,2025-01-16 03:51:11,451,2,13348.86
10196,26618,2025-05-29 18:44:04,75,1,12610.21
10197,26619,2025-04-01 01:23:32,52,1,4983.11
10198,26623,2025-03-22 12:52:31,381,1,9476.92
10199,26626,2025-02-25 20:31:58,84,1,2448.39
10200,26628,2025-02-26 06:52:34,348,1,11453.57
10201,26629,2025-02-25 15:16:29,443,2,38179.88
10202,26634,2025-04-05 22:56:16,205,1,14938.64
10203,26634,2025-04-27 22:10:36,214,1,20873.19
10204,26635,2025-06-09 15:10:14,307,1,22758.27
10205,26635,2025-06-12 19:06:23,200,1,7837.57
10206,26639,2025-04-24 06:20:18,341,1,4466.97
10207,26641,2025-03-16 03:16:23,47,1,6372.46
10208,26643,2025-05-13 22:47:36,308,1,10693.04
10209,26644,2025-02-16 02:02:25,44,3,18396.48
10210,26644,2025-02-24 07:09:56,376,1,14562.53
10211,26646,2025-02-09 03:14:25,118,1,2075.07
10212,26652,2025-03-17 05:16:27,97,1,623.51
10213,26654,2025-02-02 18:45:24,277,1,134439.28
10214,26655,2025-04-05 15:22:02,364,1,4874.98
10215,26657,2025-04-13 21:28:48,211,1,31008.7
10216,26659,2025-02-14 17:55:21,235,1,42017.2
10217,26662,2025-03-06 02:27:28,194,1,1522.19
10218,26663,2025-05-09 01:58:43,42,2,70810.56
10219,26663,2025-06-05 17:52:59,45,1,25096.16
10220,26664,2025-04-25 19:37:29,479,1,17062.05
10221,26665,2025-03-30 03:34:40,368,1,49977.44
10222,26672,2025-02-22 11:30:30,24,2,3208.68
10223,26673,2025-05-21 21:27:12,47,2,12744.92
10224,26677,2025-05-17 19:55:32,114,2,7668.0
10225,26680,2025-06-20 21:58:11,328,1,7767.1
10226,26683,2025-06-06 15:21:51,368,1,49977.44
10227,26683,2025-06-14 07:42:03,51,1,10465.17
10228,26683,2025-06-26 00:03:02,458,1,50236.06
10229,26684,2025-03-23 05:33:17,418,1,16621.38
10230,26690,2025-06-21 04:09:30,471,1,29952.23
10231,26691,2025-01-22 10:55:51,126,1,15953.08
10232,26691,2025-02-06 00:39:37,265,1,7512.87
10233,26694,2025-03-21 03:24:22,423,1,19615.97
10234,26697,2025-03-08 16:13:03,33,1,17762.94
10235,26700,2025-04-25 03:30:50,262,2,74114.38
10236,26703,2025-05-07 14:18:14,461,1,5690.14
10237,26709,2025-05-09 21:51:06,193,2,66056.82
10238,26713,2025-02-15 15:22:59,453,1,3275.21
10239,26713,2025-02-20 23:29:53,5,1,111884.19
10240,26717,2025-05-21 12:39:06,90,2,187029.88
10241,26719,2025-04-18 14:56:29,123,2,74879.18
10242,26719,2025-05-01 04:24:55,106,1,4353.63
10243,26724,2025-04-11 14:53:11,309,1,2510.1
10244,26726,2025-02-25 02:51:37,255,1,3001.4
10245,26727,2025-01-26 00:02:08,317,1,2354.88
10246,26733,2025-03-03 16:55:49,151,1,10165.09
10247,26737,2025-05-01 13:18:13,191,2,73536.04
10248,26741,2025-05-12 04:28:36,299,1,9185.44
10249,26743,2025-05-12 12:15:11,249,1,2728.95
10250,26743,2025-05-30 01:17:33,194,1,1522.19
10251,26746,2025-03-12 08:54:46,95,1,14154.76
10252,26747,2025-01-20 07:00:23,449,2,1303.66
10253,26747,2025-02-15 04:18:54,131,1,10203.73
10254,26751,2025-02-09 08:47:58,321,1,133685.08
10255,26753,2025-02-24 07:01:48,483,1,43632.67
10256,26759,2025-04-03 19:06:09,87,1,23788.74
10257,26764,2025-04-07 15:01:58,5,1,111884.19
10258,26771,2025-02-05 09:18:06,171,1,15094.37
10259,26776,2025-03-22 18:57:47,6,1,4629.86
10260,26782,2025-05-01 02:40:46,86,1,95739.09
10261,26783,2025-05-31 09:24:35,98,1,12583.05
10262,26785,2025-01-21 01:17:20,171,1,15094.37
10263,26786,2025-05-16 16:49:32,404,2,27691.36
10264,26786,2025-05-31 08:47:10,293,1,3662.24
10265,26786,2025-06-14 05:11:41,467,3,246035.31
10266,26787,2025-05-02 21:44:55,318,2,39103.18
10267,26788,2025-03-28 23:15:57,49,1,3584.0
10268,26789,2025-06-15 04:06:10,97,1,623.51
10269,26791,2025-02-12 05:16:39,405,1,20089.63
10270,26793,2025-02-28 03:11:12,465,2,34858.36
10271,26795,2025-03-28 10:14:35,280,1,16802.32
10272,26796,2025-02-03 12:11:27,233,1,4628.25
10273,26797,2025-01-08 14:20:59,337,2,276193.16
10274,26802,2025-04-15 21:32:06,218,1,94208.34
10275,26803,2025-02-01 21:47:51,181,1,11869.76
10276,26804,2025-03-14 03:57:21,289,1,116522.54
10277,26810,2025-02-13 07:52:25,40,2,2346.28
10278,26813,2025-06-29 23:55:15,58,1,33150.95
10279,26814,2025-02-22 05:31:14,180,1,22619.63
10280,26814,2025-03-22 14:34:41,182,1,5001.59
10281,26816,2025-02-07 10:19:57,398,1,9488.31
10282,26819,2025-02-21 02:03:21,96,1,1401.59
10283,26827,2025-01-12 15:56:55,352,1,29524.41
10284,26828,2025-04-10 00:15:18,280,2,33604.64
10285,26828,2025-04-18 06:17:20,370,1,18904.41
10286,26831,2025-04-16 01:27:11,464,1,28260.63
10287,26837,2025-02-01 09:28:17,194,1,1522.19
10288,26841,2025-06-20 09:35:04,207,2,61432.06
10289,26843,2025-06-11 01:42:19,480,1,35487.49
10290,26854,2025-03-18 19:45:06,145,3,17261.4
10291,26854,2025-03-24 07:04:06,300,1,11130.88
10292,26858,2025-03-10 00:13:21,334,1,4204.59
10293,26863,2025-05-19 08:11:31,187,1,43342.31
10294,26864,2025-02-04 00:30:41,320,1,33560.76
10295,26866,2025-06-28 15:25:03,164,1,100669.41
10296,26867,2025-01-19 02:29:55,131,2,20407.46
10297,26871,2025-05-27 05:57:26,5,1,111884.19
10298,26875,2025-06-09 03:00:39,190,1,27317.1
10299,26877,2025-02-25 19:03:59,62,1,20430.08
10300,26879,2025-01-10 19:37:40,170,1,2620.79
10301,26880,2025-05-24 13:20:56,48,1,5407.24
10302,26882,2025-02-15 15:12:55,377,1,6504.51
10303,26884,2025-02-13 01:25:02,252,1,5818.59
10304,26884,2025-02-25 20:19:47,183,1,5734.14
10305,26893,2025-05-15 01:39:17,138,1,6720.91
10306,26897,2025-05-28 17:25:13,390,1,3926.05
10307,26900,2025-02-23 22:05:43,119,1,9009.08
10308,26901,2025-03-20 08:43:13,125,1,20320.95
10309,26902,2025-05-09 01:55:52,7,1,1408.94
10310,26902,2025-06-04 13:24:41,310,1,1082.78
10311,26904,2025-06-23 23:10:15,197,1,1108.19
10312,26906,2025-02-28 07:16:02,58,1,33150.95
10313,26910,2025-01-31 23:37:14,481,1,3800.46
10314,26911,2025-05-15 07:14:55,440,1,3107.23
10315,26917,2025-03-18 06:04:33,323,1,21377.29
10316,26920,2025-03-21 23:58:30,400,1,24109.01
10317,26923,2025-02-13 04:11:52,182,2,10003.18
10318,26926,2025-06-26 19:29:23,345,2,48492.4
10319,26927,2025-03-26 09:00:41,161,2,99621.54
10320,26933,2025-01-16 14:37:37,340,2,172950.7
10321,26937,2025-03-29 08:41:35,93,1,5774.03
10322,26938,2025-02-14 07:19:25,252,1,5818.59
10323,26939,2025-05-16 01:33:34,250,1,20800.98
10324,26940,2025-06-08 17:56:35,45,1,25096.16
10325,26945,2025-05-22 23:03:03,477,2,74707.18
10326,26945,2025-05-28 09:10:34,24,1,1604.34
10327,26946,2025-04-18 13:01:36,493,1,17276.96
10328,26948,2025-05-15 15:13:42,439,1,35173.02
10329,26948,2025-06-07 13:56:46,11,2,111734.24
10330,26949,2025-04-28 09:42:35,334,1,4204.59
10331,26955,2025-03-06 16:15:01,206,1,23007.56
10332,26958,2025-01-31 22:45:40,390,1,3926.05
10333,26960,2025-05-14 13:20:26,351,1,2039.17
10334,26960,2025-05-20 12:27:23,234,1,69647.59
10335,26961,2025-04-21 13:49:42,103,1,42328.61
10336,26968,2025-05-02 22:08:34,364,3,14624.94
10337,26969,2025-06-19 21:43:52,439,1,35173.02
10338,26972,2025-04-03 22:55:43,271,1,35581.83
10339,26972,2025-04-18 15:27:51,497,3,14029.44
10340,26975,2025-05-01 10:02:14,195,3,53226.15
10341,26975,2025-05-19 19:09:35,300,2,22261.76
10342,26976,2025-02-12 10:40:14,193,1,33028.41
10343,26978,2025-06-08 03:44:38,187,1,43342.31
10344,26978,2025-06-24 03:39:34,201,1,13102.72
10345,26982,2025-01-07 03:05:51,376,1,14562.53
10346,26982,2025-01-28 11:27:59,303,1,1454.24
10347,26988,2025-04-20 18:47:59,60,1,5108.13
10348,26993,2025-01-23 22:39:33,463,1,6385.22
10349,26993,2025-02-24 08:22:15,459,3,8088.09
10350,26997,2025-06-25 23:25:45,205,2,29877.28
10351,26999,2025-02-15 13:00:46,229,1,30697.88
10352,27000,2025-06-07 21:56:32,441,1,1146.71
10353,27001,2025-06-14 08:12:25,311,1,90815.28
10354,27005,2025-05-03 18:17:24,209,2,76822.74
10355,27010,2025-04-24 21:08:48,132,1,7791.77
10356,27014,2025-01-27 06:30:30,341,2,8933.94
10357,27015,2025-01-26 02:56:50,97,2,1247.02
10358,27023,2025-03-05 04:36:19,447,3,4465.08
10359,27025,2025-01-13 14:24:08,217,1,3789.89
10360,27025,2025-01-24 02:41:12,317,2,4709.76
10361,27025,2025-02-13 07:26:13,415,1,4695.16
10362,27026,2025-04-15 05:04:13,68,1,47179.0
10363,27032,2025-03-05 22:41:37,112,1,6810.44
10364,27033,2025-05-02 06:09:21,352,1,29524.41
10365,27034,2025-04-25 06:20:48,52,2,9966.22
10366,27035,2025-01-24 21:53:01,269,1,115514.93
10367,27036,2025-03-23 10:41:35,332,1,502.68
10368,27042,2025-03-06 23:56:47,284,2,21340.64
10369,27042,2025-03-28 03:12:52,35,1,3087.93
10370,27043,2025-04-18 09:27:44,20,1,1778.75
10371,27044,2025-02-20 17:15:03,159,1,30772.13
10372,27046,2025-02-27 19:12:43,33,1,17762.94
10373,27047,2025-01-30 12:55:27,74,1,24393.36
10374,27048,2025-03-25 14:14:09,308,1,10693.04
10375,27052,2025-02-14 08:08:50,364,1,4874.98
10376,27053,2025-01-29 23:47:37,410,3,270594.75
10377,27053,2025-02-10 00:17:59,208,2,6937.54
10378,27056,2025-02-12 09:57:59,15,2,18410.02
10379,27058,2025-05-11 17:52:20,479,1,17062.05
10380,27060,2025-04-20 17:00:44,75,1,12610.21
10381,27062,2025-06-12 13:33:51,140,1,49984.05
10382,27064,2025-01-17 09:31:46,393,1,13053.76
10383,27068,2025-04-24 18:58:43,500,2,202351.1
10384,27076,2025-03-09 17:13:13,399,1,17727.09
10385,27077,2025-06-14 13:04:43,419,1,24719.61
10386,27078,2025-03-11 13:52:27,67,1,3245.55
10387,27081,2025-06-05 16:45:57,258,1,4584.18
10388,27083,2025-06-02 07:43:44,349,1,12041.93
10389,27084,2025-01-07 01:04:28,229,1,30697.88
10390,27084,2025-01-30 22:29:33,60,2,10216.26
10391,27086,2025-05-11 06:14:55,483,2,87265.34
10392,27087,2025-05-18 01:07:19,198,1,7794.51
10393,27087,2025-06-15 15:10:14,500,1,101175.55
10394,27089,2025-06-24 14:41:24,338,2,176257.5
10395,27105,2025-04-07 05:59:45,63,1,8572.39
10396,27107,2025-02-25 04:40:54,167,1,26417.09
10397,27109,2025-06-09 16:45:04,358,2,16075.36
10398,27110,2025-06-24 01:47:42,423,1,19615.97
10399,27111,2025-05-07 16:05:13,63,2,17144.78
10400,27111,2025-06-19 02:36:27,88,2,77806.06
10401,27112,2025-05-06 11:34:28,370,1,18904.41
10402,27114,2025-01-26 16:18:21,37,1,884.45
10403,27119,2025-02-02 13:55:36,483,1,43632.67
10404,27121,2025-02-11 05:06:54,354,1,13893.05
10405,27128,2025-06-28 05:03:28,497,1,4676.48
10406,27132,2025-06-10 10:31:15,488,3,98341.74
10407,27135,2025-02-19 21:05:59,454,2,7488.62
10408,27136,2025-01-17 21:20:17,144,1,21135.77
10409,27136,2025-01-23 20:32:46,357,1,136130.58
10410,27136,2025-02-03 02:46:47,162,1,6647.03
10411,27139,2025-02-09 05:40:48,76,1,513.56
10412,27144,2025-04-04 22:05:45,13,1,2692.52
10413,27145,2025-02-28 00:12:12,81,1,47864.88
10414,27147,2025-04-12 09:26:17,65,1,15098.74
10415,27152,2025-02-22 22:09:09,403,1,25390.62
10416,27152,2025-02-26 20:46:05,50,1,9054.04
10417,27155,2025-03-05 22:33:17,76,1,513.56
10418,27156,2025-04-22 17:02:47,358,1,8037.68
10419,27162,2025-04-03 16:11:24,102,1,25792.01
10420,27163,2025-01-09 11:56:41,336,1,11769.86
10421,27165,2025-03-26 11:19:30,34,1,2098.05
10422,27165,2025-04-02 15:23:49,460,1,41328.67
10423,27166,2025-04-08 12:15:14,57,1,55100.21
10424,27169,2025-04-27 01:53:36,99,1,58745.84
10425,27170,2025-01-11 15:45:30,231,1,2920.42
10426,27170,2025-01-31 08:42:34,306,1,4449.97
10427,27170,2025-02-12 05:45:59,140,1,49984.05
10428,27170,2025-03-02 04:21:26,238,1,20295.06
10429,27172,2025-06-05 13:23:58,100,1,17574.95
10430,27180,2025-01-19 06:47:46,492,1,8731.65
10431,27181,2025-03-13 17:07:56,376,2,29125.06
10432,27187,2025-04-10 10:33:25,131,1,10203.73
10433,27190,2025-03-01 05:42:10,306,1,4449.97
10434,27190,2025-03-07 15:23:22,366,1,9798.21
10435,27192,2025-04-04 07:07:34,236,2,39178.88
10436,27193,2025-01-30 14:39:49,431,1,6259.3
10437,27195,2025-03-11 18:00:12,447,1,1488.36
10438,27200,2025-05-16 15:56:34,244,1,3774.78
10439,27202,2025-03-27 01:13:31,75,1,12610.21
10440,27203,2025-03-09 07:33:54,420,1,3770.66
10441,27204,2025-06-16 15:54:29,156,1,8339.09
10442,27206,2025-06-09 13:32:10,435,1,4498.66
10443,27207,2025-04-23 13:40:05,283,1,38631.44
10444,27211,2025-04-25 23:11:40,97,1,623.51
10445,27211,2025-05-16 07:29:28,291,2,2387.14
10446,27212,2025-05-22 07:40:51,444,2,296496.32
10447,27219,2025-02-17 00:48:39,262,1,37057.19
10448,27221,2025-04-28 16:10:36,126,1,15953.08
10449,27228,2025-06-03 18:25:46,300,1,11130.88
10450,27229,2025-01-11 15:09:21,98,2,25166.1
10451,27232,2025-06-11 20:08:18,162,1,6647.03
10452,27233,2025-05-27 15:41:10,152,1,7223.67
10453,27234,2025-06-19 09:56:38,39,1,19720.04
10454,27243,2025-01-24 11:41:25,126,1,15953.08
10455,27246,2025-03-18 01:55:27,124,2,8576.28
10456,27251,2025-06-25 23:11:14,306,3,13349.91
10457,27252,2025-05-23 23:30:51,110,1,18441.82
10458,27255,2025-06-01 22:33:20,8,1,2149.22
10459,27258,2025-05-09 12:34:12,280,1,16802.32
10460,27259,2025-06-02 02:15:56,232,1,3213.9
10461,27260,2025-02-20 05:33:50,262,2,74114.38
10462,27268,2025-02-18 11:07:31,89,2,231384.36
10463,27268,2025-03-01 01:17:44,100,2,35149.9
10464,27274,2025-02-13 03:41:07,4,1,110986.96
10465,27276,2025-05-09 09:45:39,71,1,4426.79
10466,27279,2025-03-25 12:14:55,192,1,33176.4
10467,27284,2025-02-11 06:58:23,1,1,7205.01
10468,27288,2025-05-19 12:44:39,328,2,15534.2
10469,27302,2025-01-05 22:20:00,336,2,23539.72
10470,27304,2025-06-21 04:44:56,60,1,5108.13
10471,27310,2025-05-24 03:51:33,439,1,35173.02
10472,27311,2025-05-28 12:26:59,276,1,4843.01
10473,27311,2025-06-03 12:05:47,262,2,74114.38
10474,27312,2025-06-25 18:22:28,386,1,30141.47
10475,27313,2025-04-13 22:55:41,354,2,27786.1
10476,27314,2025-04-22 14:28:52,369,1,14392.59
10477,27321,2025-03-31 18:55:14,63,1,8572.39
10478,27321,2025-04-14 03:14:57,243,1,2252.58
10479,27323,2025-01-11 17:58:15,437,3,4439.13
10480,27328,2025-03-31 22:41:22,231,1,2920.42
10481,27330,2025-03-24 19:22:28,57,1,55100.21
10482,27330,2025-03-29 13:43:29,251,1,8328.29
10483,27333,2025-06-29 07:40:09,493,1,17276.96
10484,27338,2025-02-07 00:08:11,21,1,14166.0
10485,27339,2025-03-20 01:23:57,500,2,202351.1
10486,27339,2025-04-01 15:56:40,136,2,4877.14
10487,27349,2025-03-06 11:21:17,203,2,26046.32
10488,27350,2025-02-07 06:34:21,286,2,6379.96
10489,27350,2025-02-19 06:15:46,179,2,227473.0
10490,27353,2025-05-23 05:42:48,261,1,19158.19
10491,27355,2025-05-28 04:00:11,174,1,2937.34
10492,27356,2025-01-31 01:33:58,449,2,1303.66
10493,27360,2025-03-24 11:54:50,402,1,19649.25
10494,27363,2025-06-20 18:37:01,441,1,1146.71
10495,27364,2025-03-05 04:54:34,251,1,8328.29
10496,27364,2025-03-10 04:28:19,318,2,39103.18
10497,27366,2025-04-29 00:55:41,354,1,13893.05
10498,27372,2025-01-22 13:25:14,343,1,71441.06
10499,27376,2025-01-22 05:21:53,465,2,34858.36
10500,27379,2025-04-19 02:59:32,100,1,17574.95
10501,27380,2025-05-19 08:28:08,446,1,136780.08
10502,27380,2025-06-08 10:05:49,332,2,1005.36
10503,27390,2025-05-27 00:31:29,318,1,19551.59
10504,27391,2025-06-11 07:51:39,220,1,2583.92
10505,27392,2025-06-08 16:42:50,499,1,3999.82
10506,27392,2025-06-21 07:53:10,188,2,1263.54
10507,27397,2025-01-08 23:22:00,233,1,4628.25
10508,27400,2025-05-08 07:57:30,57,1,55100.21
10509,27405,2025-02-12 13:07:26,255,1,3001.4
10510,27409,2025-05-30 23:02:15,359,1,7693.07
10511,27410,2025-06-28 18:07:51,469,1,8458.92
10512,27412,2025-02-08 12:12:41,115,1,16709.38
10513,27413,2025-06-17 05:48:43,211,1,31008.7
10514,27414,2025-04-22 21:05:04,57,1,55100.21
10515,27414,2025-05-22 04:58:25,398,1,9488.31
10516,27417,2025-03-27 21:38:41,12,1,10398.85
10517,27423,2025-02-14 00:40:58,29,1,73838.2
10518,27423,2025-02-23 13:21:23,97,1,623.51
10519,27424,2025-06-07 04:13:20,221,1,14298.27
10520,27424,2025-06-24 12:02:30,336,2,23539.72
10521,27425,2025-02-04 10:17:08,234,1,69647.59
10522,27429,2025-01-26 23:49:58,164,1,100669.41
10523,27429,2025-02-04 12:04:15,424,1,14170.15
10524,27430,2025-06-29 05:48:43,364,1,4874.98
10525,27431,2025-04-30 17:46:04,62,1,20430.08
10526,27433,2025-05-27 03:20:59,333,1,4180.46
10527,27439,2025-05-09 19:24:12,304,2,299137.2
10528,27441,2025-05-10 20:25:38,2,1,19570.0
10529,27443,2025-02-19 07:36:32,305,3,7362.93
10530,27445,2025-02-01 21:02:46,181,2,23739.52
10531,27446,2025-05-10 01:04:41,154,1,36463.8
10532,27446,2025-05-15 02:05:02,17,1,20450.91
10533,27453,2025-05-20 02:18:02,255,1,3001.4
10534,27458,2025-03-20 16:50:42,284,1,10670.32
10535,27458,2025-03-29 22:13:08,315,2,67724.14
10536,27460,2025-02-09 04:51:57,372,1,1314.03
10537,27461,2025-05-28 19:19:16,35,1,3087.93
10538,27461,2025-06-17 12:45:23,435,1,4498.66
10539,27463,2025-01-20 10:31:48,178,3,366075.66
10540,27467,2025-06-15 09:54:28,350,2,8924.94
10541,27469,2025-06-06 10:20:12,475,1,11694.47
10542,27470,2025-06-15 22:56:04,223,2,22606.14
10543,27472,2025-03-18 02:52:35,483,1,43632.67
10544,27472,2025-04-05 17:32:49,472,1,47216.19
10545,27476,2025-06-23 10:54:48,240,1,29634.73
10546,27479,2025-04-25 11:29:05,307,2,45516.54
10547,27479,2025-05-10 11:46:54,384,1,4013.53
10548,27480,2025-05-23 23:04:36,300,1,11130.88
10549,27482,2025-04-19 16:05:53,271,2,71163.66
10550,27486,2025-06-26 21:20:21,303,1,1454.24
10551,27494,2025-01-28 00:24:05,83,1,20559.25
10552,27495,2025-03-06 02:18:12,208,3,10406.31
10553,27496,2025-06-01 04:27:10,392,1,3931.31
10554,27497,2025-03-22 17:37:30,462,1,22303.0
10555,27498,2025-01-25 22:12:22,46,1,115208.75
10556,27500,2025-01-25 01:47:19,11,2,111734.24
10557,27500,2025-02-02 08:06:23,101,2,38173.66
10558,27502,2025-04-26 11:13:50,139,1,1008.61
10559,27503,2025-04-15 02:37:14,169,1,2636.13
10560,27506,2025-02-24 12:48:09,400,2,48218.02
10561,27508,2025-03-18 04:47:52,253,2,18523.54
10562,27513,2025-04-14 04:33:06,21,1,14166.0
10563,27516,2025-03-04 17:00:55,484,1,92913.94
10564,27520,2025-06-04 19:37:41,353,2,29219.22
10565,27524,2025-01-17 05:28:47,254,2,32119.52
10566,27526,2025-05-07 16:22:49,492,1,8731.65
10567,27526,2025-06-04 05:26:31,263,1,38988.81
10568,27527,2025-06-12 03:01:51,264,3,13732.68
10569,27528,2025-03-02 13:12:55,113,1,7819.25
10570,27530,2025-04-09 22:43:28,479,1,17062.05
10571,27531,2025-05-02 14:03:04,482,1,24845.6
10572,27532,2025-06-03 23:21:21,418,1,16621.38
10573,27534,2025-01-27 04:54:38,421,2,7826.78
10574,27534,2025-01-31 04:54:01,455,1,3164.97
10575,27536,2025-01-26 15:07:54,259,1,9549.49
10576,27537,2025-01-16 19:48:43,179,1,113736.5
10577,27538,2025-03-16 07:12:43,289,1,116522.54
10578,27540,2025-01-14 15:24:35,6,2,9259.72
10579,27542,2025-01-24 07:10:42,386,2,60282.94
10580,27543,2025-06-26 18:36:07,161,2,99621.54
10581,27545,2025-06-29 23:19:11,451,2,13348.86
10582,27547,2025-05-05 11:34:07,55,1,24029.51
10583,27548,2025-02-28 07:49:12,12,2,20797.7
10584,27549,2025-01-23 02:27:42,295,1,13255.4
10585,27560,2025-05-05 17:43:19,307,1,22758.27
10586,27563,2025-04-04 12:46:02,447,1,1488.36
10587,27564,2025-02-07 13:44:54,467,2,164023.54
10588,27573,2025-01-30 08:06:24,177,1,6007.88
10589,27573,2025-02-28 01:12:25,190,2,54634.2
10590,27580,2025-03-26 14:27:49,243,1,2252.58
10591,27584,2025-01-15 13:55:50,474,1,15410.11
10592,27587,2025-06-23 15:08:52,383,1,110906.1
10593,27592,2025-04-15 05:20:54,292,1,9786.76
10594,27596,2025-06-25 17:36:00,293,1,3662.24
10595,27600,2025-06-08 00:33:46,457,2,64989.0
10596,27601,2025-06-04 18:52:27,428,1,147572.66
10597,27605,2025-03-19 20:48:59,174,2,5874.68
10598,27611,2025-04-14 19:52:52,120,1,19023.98
10599,27614,2025-01-26 22:19:15,465,1,17429.18
10600,27614,2025-03-16 23:15:31,340,1,86475.35
10601,27617,2025-03-25 01:27:08,230,1,3807.27
10602,27618,2025-06-02 23:31:32,212,3,315610.26
10603,27625,2025-04-13 07:01:13,147,1,8701.96
10604,27627,2025-03-14 05:13:02,278,2,25853.4
10605,27630,2025-04-07 21:22:58,167,1,26417.09
10606,27633,2025-01-25 18:40:16,284,1,10670.32
10607,27633,2025-01-29 01:46:42,299,1,9185.44
10608,27634,2025-06-09 01:24:35,379,1,29755.14
10609,27641,2025-04-16 01:58:44,215,1,30903.15
10610,27643,2025-03-11 09:17:31,404,3,41537.04
10611,27643,2025-03-29 15:55:01,196,1,1179.56
10612,27643,2025-04-05 01:03:08,16,1,4159.96
10613,27648,2025-06-09 19:35:20,234,1,69647.59
10614,27649,2025-02-26 19:38:45,206,1,23007.56
10615,27650,2025-03-05 03:26:06,307,3,68274.81
10616,27654,2025-01-12 08:20:31,27,1,1626.81
10617,27657,2025-04-12 01:34:48,170,1,2620.79
10618,27658,2025-04-24 14:30:27,52,1,4983.11
10619,27659,2025-02-05 13:54:19,329,3,33644.4
10620,27661,2025-05-13 09:59:14,440,1,3107.23
10621,27663,2025-04-08 01:29:19,149,1,10316.11
10622,27664,2025-05-17 17:27:37,125,1,20320.95
10623,27671,2025-06-28 20:38:31,158,1,2196.76
10624,27673,2025-05-04 05:03:45,95,1,14154.76
10625,27673,2025-05-25 08:18:01,316,1,5050.1
10626,27675,2025-04-18 06:45:08,14,1,3902.87
10627,27680,2025-01-09 10:14:52,81,2,95729.76
10628,27681,2025-01-24 00:14:12,115,1,16709.38
10629,27691,2025-02-21 13:55:07,395,1,30745.93
10630,27692,2025-03-15 12:57:56,397,1,38138.57
10631,27692,2025-03-26 04:10:01,373,1,4993.75
10632,27693,2025-02-28 07:48:39,166,1,15176.99
10633,27697,2025-05-11 12:26:12,252,1,5818.59
10634,27704,2025-04-26 00:50:21,113,1,7819.25
10635,27705,2025-01-09 08:29:28,189,1,9592.2
10636,27707,2025-02-22 21:41:46,3,2,20189.34
10637,27710,2025-05-03 23:57:09,305,1,2454.31
10638,27711,2025-05-24 04:08:47,187,2,86684.62
10639,27713,2025-01-11 09:38:25,64,1,23300.53
10640,27714,2025-01-27 21:56:23,265,1,7512.87
10641,27716,2025-03-22 10:21:13,457,1,32494.5
10642,27717,2025-04-12 19:54:22,432,1,16557.1
10643,27724,2025-04-20 19:49:03,130,2,32537.78
10644,27727,2025-04-23 20:26:24,206,1,23007.56
10645,27729,2025-02-03 09:07:27,421,1,3913.39
10646,27731,2025-03-19 07:21:45,320,1,33560.76
10647,27732,2025-04-10 08:45:28,254,1,16059.76
10648,27737,2025-04-05 07:19:15,382,2,35132.46
10649,27738,2025-02-26 00:49:44,291,1,1193.57
10650,27740,2025-06-09 17:34:20,329,1,11214.8
10651,27741,2025-02-05 16:46:56,327,2,16445.06
10652,27741,2025-03-13 23:31:09,334,1,4204.59
10653,27748,2025-05-05 13:55:31,21,1,14166.0
10654,27751,2025-05-03 05:40:24,345,1,24246.2
10655,27753,2025-06-20 09:21:46,4,2,221973.92
10656,27754,2025-04-05 13:15:45,241,1,11168.82
10657,27756,2025-06-04 10:40:34,66,1,7734.16
10658,27766,2025-06-01 09:42:55,427,2,8625.32
10659,27773,2025-06-23 10:12:56,37,2,1768.9
10660,27779,2025-03-27 14:06:04,422,1,8047.95
10661,27788,2025-01-27 10:08:05,329,1,11214.8
10662,27791,2025-05-30 04:46:35,475,1,11694.47
10663,27797,2025-06-16 03:53:41,266,1,8000.62
10664,27798,2025-06-23 16:23:32,148,2,258213.1
10665,27799,2025-03-14 07:47:27,411,3,8267.97
10666,27800,2025-02-17 20:56:08,323,1,21377.29
10667,27800,2025-03-31 01:28:34,82,2,24783.08
10668,27803,2025-01-23 23:11:29,288,1,11259.13
10669,27804,2025-02-26 18:46:33,460,1,41328.67
10670,27809,2025-03-09 23:45:35,362,1,539.2
10671,27813,2025-06-10 04:15:47,431,2,12518.6
10672,27814,2025-04-01 16:10:12,391,1,7481.06
10673,27814,2025-04-20 17:44:31,370,1,18904.41
10674,27819,2025-03-24 02:38:26,115,1,16709.38
10675,27820,2025-05-04 16:28:01,306,1,4449.97
10676,27822,2025-02-01 13:01:18,13,1,2692.52
10677,27824,2025-05-18 15:01:52,319,1,29688.49
10678,27824,2025-06-13 21:32:54,474,1,15410.11
10679,27826,2025-04-02 00:48:58,207,1,30716.03
10680,27832,2025-06-26 16:51:41,383,2,221812.2
10681,27833,2025-01-13 00:59:00,84,1,2448.39
10682,27833,2025-02-21 03:15:37,453,2,6550.42
10683,27834,2025-05-12 11:23:34,28,2,20497.72
10684,27838,2025-03-01 21:08:00,147,1,8701.96
10685,27840,2025-05-04 01:15:50,121,1,8945.4
10686,27847,2025-05-12 08:41:21,68,1,47179.0
10687,27848,2025-05-25 21:03:36,49,1,3584.0
10688,27849,2025-05-12 14:45:14,194,1,1522.19
10689,27851,2025-03-27 20:46:51,135,2,27301.5
10690,27853,2025-02-24 10:51:40,12,3,31196.55
10691,27854,2025-06-25 21:08:55,262,1,37057.19
10692,27859,2025-04-26 17:54:42,493,2,34553.92
10693,27861,2025-01-11 10:44:27,63,1,8572.39
10694,27863,2025-06-08 15:26:16,58,1,33150.95
10695,27866,2025-01-04 02:00:19,387,2,57708.72
10696,27866,2025-01-23 11:39:31,234,2,139295.18
10697,27868,2025-03-09 00:37:37,493,2,34553.92
10698,27869,2025-04-04 06:24:21,28,1,10248.86
10699,27878,2025-04-16 06:03:50,493,1,17276.96
10700,27880,2025-01-06 19:15:31,266,2,16001.24
10701,27881,2025-05-04 18:51:06,180,1,22619.63
10702,27883,2025-06-28 11:02:27,409,2,12592.94
10703,27884,2025-06-03 03:47:46,124,2,8576.28
10704,27886,2025-03-27 07:26:31,154,1,36463.8
10705,27889,2025-03-23 00:42:51,364,1,4874.98
10706,27890,2025-04-17 17:08:38,472,1,47216.19
10707,27891,2025-05-21 16:06:08,475,1,11694.47
10708,27893,2025-04-09 21:48:25,437,1,1479.71
10709,27894,2025-05-12 03:43:32,243,1,2252.58
10710,27899,2025-03-24 14:40:25,447,1,1488.36
10711,27900,2025-04-23 17:00:34,475,2,23388.94
10712,27901,2025-03-29 13:29:17,125,2,40641.9
10713,27905,2025-01-29 16:59:47,20,1,1778.75
10714,27908,2025-02-13 18:34:59,305,1,2454.31
10715,27909,2025-01-04 02:18:18,68,1,47179.0
10716,27909,2025-01-08 02:12:21,332,2,1005.36
10717,27912,2025-06-20 09:21:06,96,1,1401.59
10718,27915,2025-05-11 02:40:09,427,3,12937.98
10719,27918,2025-06-22 02:55:04,343,1,71441.06
10720,27922,2025-06-06 21:33:13,124,1,4288.14
10721,27922,2025-06-26 06:55:35,28,1,10248.86
10722,27925,2025-05-05 01:09:36,205,1,14938.64
10723,27927,2025-06-30 13:34:32,465,1,17429.18
10724,27939,2025-04-26 11:28:17,177,1,6007.88
10725,27940,2025-06-27 20:26:30,51,1,10465.17
10726,27941,2025-06-01 16:50:17,465,1,17429.18
10727,27942,2025-03-29 17:33:56,19,2,5540.18
10728,27943,2025-06-22 03:38:14,221,1,14298.27
10729,27945,2025-02-25 19:21:59,79,1,14294.87
10730,27952,2025-02-08 14:53:00,249,1,2728.95
10731,27952,2025-03-10 08:03:48,256,1,547.58
10732,27955,2025-02-20 06:31:58,17,1,20450.91
10733,27961,2025-03-29 06:03:16,99,1,58745.84
10734,27962,2025-05-04 12:44:05,244,1,3774.78
10735,27963,2025-04-05 02:56:33,301,3,132768.63
10736,27966,2025-03-20 05:12:26,472,1,47216.19
10737,27967,2025-01-27 08:21:36,339,1,464.88
10738,27978,2025-02-14 08:48:14,434,1,94224.67
10739,27979,2025-06-15 19:53:08,481,1,3800.46
10740,27980,2025-04-30 02:13:25,34,1,2098.05
10741,27982,2025-06-21 05:59:54,385,1,347.25
10742,27985,2025-01-19 04:03:22,43,2,23464.6
10743,27991,2025-04-29 10:54:48,7,2,2817.88
10744,27991,2025-05-09 17:12:20,361,2,27971.36
10745,27995,2025-02-26 05:38:14,221,1,14298.27
10746,27996,2025-05-04 14:25:18,181,2,23739.52
10747,27998,2025-01-18 23:17:10,152,1,7223.67
10748,27998,2025-02-04 17:11:08,79,1,14294.87
10749,28005,2025-06-14 14:37:45,94,1,9377.5
10750,28006,2025-02-05 22:33:45,97,1,623.51
10751,28008,2025-05-19 10:21:24,217,1,3789.89
10752,28009,2025-04-15 00:49:28,348,2,22907.14
10753,28013,2025-06-19 17:58:26,400,2,48218.02
10754,28014,2025-06-02 08:44:39,238,1,20295.06
10755,28016,2025-05-03 07:56:10,104,1,19691.24
10756,28017,2025-01-31 14:04:57,48,1,5407.24
10757,28017,2025-02-11 01:09:14,5,1,111884.19
10758,28018,2025-01-11 08:00:43,192,1,33176.4
10759,28020,2025-03-17 22:51:18,409,1,6296.47
10760,28020,2025-03-30 13:58:54,256,1,547.58
10761,28024,2025-02-23 18:19:57,149,1,10316.11
10762,28025,2025-01-12 17:42:29,481,1,3800.46
10763,28026,2025-06-24 22:23:31,452,3,53274.78
10764,28028,2025-03-30 07:22:09,411,3,8267.97
10765,28028,2025-04-06 22:19:34,319,1,29688.49
10766,28032,2025-04-01 08:10:29,437,1,1479.71
10767,28037,2025-06-21 17:08:02,284,1,10670.32
10768,28039,2025-05-28 10:48:07,45,1,25096.16
10769,28039,2025-06-24 21:03:42,412,1,2747.39
10770,28042,2025-06-18 12:54:01,458,1,50236.06
10771,28043,2025-03-22 22:23:07,155,1,27789.39
10772,28043,2025-04-16 13:40:24,63,1,8572.39
10773,28048,2025-03-09 22:20:53,474,1,15410.11
10774,28051,2025-06-08 04:07:45,492,2,17463.3
10775,28051,2025-06-27 07:00:26,342,1,11288.79
10776,28053,2025-05-25 01:18:37,269,1,115514.93
10777,28055,2025-04-23 03:22:04,369,1,14392.59
10778,28056,2025-05-24 05:31:35,349,1,12041.93
10779,28058,2025-06-10 12:17:36,31,1,2221.64
10780,28061,2025-03-23 12:40:55,424,2,28340.3
10781,28064,2025-02-28 00:44:35,117,1,1496.44
10782,28066,2025-05-17 01:19:15,473,3,3223.47
10783,28070,2025-06-09 11:56:05,341,1,4466.97
10784,28073,2025-03-26 14:21:54,309,1,2510.1
10785,28073,2025-04-10 10:37:21,401,1,11690.67
10786,28074,2025-04-26 08:58:26,247,1,9897.75
10787,28076,2025-04-17 17:27:17,84,2,4896.78
10788,28079,2025-02-26 07:26:21,81,1,47864.88
10789,28079,2025-03-03 16:12:42,322,2,10971.04
10790,28079,2025-03-17 18:31:07,323,2,42754.58
10791,28081,2025-02-16 18:09:18,51,1,10465.17
10792,28081,2025-03-04 01:12:04,392,3,11793.93
10793,28082,2025-03-30 05:16:14,8,1,2149.22
10794,28084,2025-02-07 02:53:20,112,1,6810.44
10795,28085,2025-02-09 16:18:07,493,3,51830.88
10796,28086,2025-03-10 05:56:50,45,1,25096.16
10797,28087,2025-03-25 23:07:59,197,2,2216.38
10798,28088,2025-05-22 16:09:31,473,1,1074.49
10799,28089,2025-03-06 22:14:19,46,2,230417.5
10800,28090,2025-02-28 21:29:23,402,1,19649.25
10801,28091,2025-03-22 17:59:22,270,1,514.56
10802,28092,2025-06-30 19:05:15,347,1,26954.74
10803,28094,2025-01-22 16:39:20,437,1,1479.71
10804,28098,2025-04-02 04:31:16,177,3,18023.64
10805,28098,2025-05-02 04:11:17,472,1,47216.19
10806,28100,2025-02-23 10:48:32,412,2,5494.78
10807,28109,2025-02-08 11:35:24,218,1,94208.34
10808,28110,2025-01-08 03:03:38,296,1,108127.41
10809,28117,2025-06-11 22:42:30,123,1,37439.59
10810,28120,2025-03-03 06:39:51,65,1,15098.74
10811,28121,2025-02-16 18:53:47,165,1,1732.53
10812,28122,2025-04-04 08:43:28,69,1,7709.45
10813,28125,2025-04-29 15:42:28,292,1,9786.76
10814,28126,2025-04-14 13:05:02,140,1,49984.05
10815,28127,2025-03-29 13:05:08,458,1,50236.06
10816,28127,2025-04-26 15:33:52,153,1,1050.14
10817,28132,2025-01-22 23:22:08,284,1,10670.32
10818,28133,2025-06-29 20:13:06,5,1,111884.19
10819,28141,2025-05-22 14:59:21,369,1,14392.59
10820,28147,2025-02-07 19:48:52,3,1,10094.67
10821,28149,2025-03-19 21:32:32,4,1,110986.96
10822,28149,2025-04-05 08:17:09,266,1,8000.62
10823,28153,2025-06-08 22:55:01,8,1,2149.22
10824,28153,2025-06-27 02:22:26,373,1,4993.75
10825,28155,2025-03-28 13:03:39,429,1,2789.86
10826,28156,2025-03-28 11:29:00,479,1,17062.05
10827,28159,2025-02-18 17:47:21,239,1,1734.95
10828,28161,2025-02-16 16:39:01,104,2,39382.48
10829,28161,2025-03-08 04:53:50,471,1,29952.23
10830,28174,2025-06-04 11:35:31,308,1,10693.04
10831,28175,2025-04-11 11:32:35,377,1,6504.51
10832,28178,2025-02-04 09:40:05,447,1,1488.36
10833,28178,2025-02-19 21:16:50,141,1,78006.44
10834,28181,2025-01-20 21:15:16,9,1,6572.8
10835,28182,2025-01-06 09:38:36,225,1,3052.25
10836,28183,2025-06-11 12:42:24,116,1,13895.24
10837,28184,2025-03-06 21:30:40,26,3,32703.39
10838,28185,2025-05-26 08:02:11,306,1,4449.97
10839,28187,2025-06-23 23:40:48,183,1,5734.14
10840,28190,2025-06-17 14:46:17,332,1,502.68
10841,28191,2025-05-29 00:56:39,420,1,3770.66
10842,28194,2025-02-28 06:22:41,169,1,2636.13
10843,28196,2025-05-20 20:55:02,440,2,6214.46
10844,28197,2025-02-10 02:31:41,429,2,5579.72
10845,28200,2025-03-24 22:02:06,375,1,2797.37
10846,28202,2025-04-22 03:06:51,243,1,2252.58
10847,28205,2025-05-24 22:52:12,267,1,20054.79
10848,28211,2025-04-29 08:03:57,458,1,50236.06
10849,28212,2025-04-05 23:28:04,484,1,92913.94
10850,28213,2025-03-01 20:11:52,461,1,5690.14
10851,28214,2025-06-02 03:54:05,83,3,61677.75
10852,28214,2025-06-20 19:04:59,425,1,14314.74
10853,28216,2025-06-18 05:21:15,348,1,11453.57
10854,28225,2025-06-14 18:53:25,352,2,59048.82
10855,28228,2025-04-17 04:53:38,351,2,4078.34
10856,28231,2025-04-08 14:10:01,296,2,216254.82
10857,28235,2025-04-23 14:01:12,202,1,2128.85
10858,28242,2025-06-09 09:41:24,308,2,21386.08
10859,28244,2025-04-23 06:56:18,323,1,21377.29
10860,28251,2025-04-25 23:32:08,392,2,7862.62
10861,28252,2025-04-18 06:17:47,212,1,105203.42
10862,28253,2025-05-17 23:45:33,201,1,13102.72
10863,28257,2025-04-21 12:33:03,85,1,67271.34
10864,28257,2025-05-22 14:36:32,369,1,14392.59
10865,28258,2025-02-26 02:47:38,14,1,3902.87
10866,28262,2025-06-01 11:22:35,212,1,105203.42
10867,28263,2025-06-09 03:39:27,446,1,136780.08
10868,28271,2025-04-05 17:28:37,408,1,8934.48
10869,28274,2025-01-24 06:47:57,416,2,73301.44
10870,28282,2025-03-06 01:36:49,351,2,4078.34
10871,28287,2025-05-15 11:43:06,179,1,113736.5
10872,28287,2025-05-21 02:50:44,112,2,13620.88
10873,28287,2025-05-26 21:56:36,388,1,37608.5
10874,28290,2025-03-20 15:40:27,447,1,1488.36
10875,28291,2025-01-19 17:35:45,306,1,4449.97
10876,28292,2025-06-04 06:34:47,75,1,12610.21
10877,28293,2025-03-07 13:15:19,456,2,39749.3
10878,28293,2025-03-12 20:20:28,133,1,30464.02
10879,28303,2025-01-22 09:17:35,222,1,8006.41
10880,28308,2025-02-07 15:09:23,481,3,11401.38
10881,28308,2025-02-28 17:07:44,433,2,21530.14
10882,28311,2025-03-05 19:01:40,260,1,13781.16
10883,28313,2025-03-19 00:44:46,150,1,19806.15
10884,28315,2025-06-06 12:05:27,290,1,4390.34
10885,28322,2025-05-14 16:20:22,112,2,13620.88
10886,28327,2025-05-06 16:51:46,201,1,13102.72
10887,28330,2025-06-23 10:19:38,337,1,138096.58
10888,28331,2025-04-18 19:54:41,373,1,4993.75
10889,28333,2025-01-05 11:17:39,286,2,6379.96
10890,28340,2025-03-09 15:34:54,257,1,2435.84
10891,28341,2025-06-15 17:36:55,135,2,27301.5
10892,28343,2025-04-28 05:19:58,344,1,21107.94
10893,28343,2025-05-18 00:32:34,170,1,2620.79
10894,28350,2025-05-03 19:17:39,433,1,10765.07
10895,28353,2025-05-23 08:31:51,138,1,6720.91
10896,28355,2025-03-14 07:47:13,492,1,8731.65
10897,28359,2025-01-27 17:41:15,184,2,5940.28
10898,28360,2025-03-02 15:35:30,384,1,4013.53
10899,28362,2025-05-12 18:27:40,387,1,28854.36
10900,28362,2025-05-17 08:28:21,107,1,11847.57
10901,28364,2025-06-14 16:48:36,456,1,19874.65
10902,28364,2025-06-30 12:20:58,140,1,49984.05
10903,28366,2025-04-30 08:48:42,376,1,14562.53
10904,28366,2025-05-10 02:42:49,209,1,38411.37
10905,28372,2025-02-07 20:23:17,414,1,20297.26
10906,28377,2025-04-19 16:46:42,101,2,38173.66
10907,28379,2025-04-28 11:38:53,159,2,61544.26
10908,28384,2025-05-16 17:20:46,139,1,1008.61
10909,28385,2025-05-11 13:40:46,459,1,2696.03
10910,28386,2025-04-03 12:11:50,326,1,81782.53
10911,28389,2025-06-30 00:36:45,88,3,116709.09
10912,28390,2025-02-04 22:17:12,265,2,15025.74
10913,28392,2025-06-23 11:49:47,319,1,29688.49
10914,28395,2025-03-31 02:33:07,60,2,10216.26
10915,28397,2025-04-17 23:17:39,465,1,17429.18
10916,28398,2025-02-09 07:41:21,428,1,147572.66
10917,28403,2025-01-06 11:08:17,183,2,11468.28
10918,28413,2025-05-02 12:13:17,180,2,45239.26
10919,28414,2025-05-16 19:16:24,273,2,16260.86
10920,28419,2025-04-28 03:21:25,458,2,100472.12
10921,28425,2025-04-27 13:55:18,373,1,4993.75
10922,28427,2025-04-02 05:46:33,296,2,216254.82
10923,28430,2025-05-20 02:52:43,132,1,7791.77
10924,28439,2025-02-11 04:03:20,53,1,67150.12
10925,28447,2025-05-27 04:19:44,383,1,110906.1
10926,28452,2025-02-07 02:29:02,423,2,39231.94
10927,28455,2025-06-04 17:40:56,408,2,17868.96
10928,28456,2025-03-02 20:26:53,329,1,11214.8
10929,28459,2025-05-30 21:47:08,398,2,18976.62
10930,28460,2025-03-01 15:05:51,31,1,2221.64
10931,28466,2025-04-01 15:48:25,219,1,2535.54
10932,28466,2025-04-11 05:32:36,141,1,78006.44
10933,28467,2025-05-30 06:15:25,204,1,3831.25
10934,28471,2025-05-04 09:29:17,68,1,47179.0
10935,28474,2025-04-02 09:59:54,432,1,16557.1
10936,28477,2025-01-06 05:28:10,150,1,19806.15
10937,28477,2025-02-19 16:28:30,190,2,54634.2
10938,28478,2025-05-11 06:33:53,256,1,547.58
10939,28479,2025-01-26 07:29:05,95,1,14154.76
10940,28488,2025-06-16 11:11:29,201,1,13102.72
10941,28489,2025-03-27 20:52:47,344,1,21107.94
10942,28493,2025-04-12 18:08:14,446,1,136780.08
10943,28495,2025-04-07 15:09:56,352,1,29524.41
10944,28498,2025-02-22 16:41:35,145,1,5753.8
10945,28499,2025-02-13 18:45:34,167,2,52834.18
10946,28499,2025-02-26 22:24:24,312,1,24505.73
10947,28503,2025-04-29 11:45:13,61,2,204439.3
10948,28506,2025-05-05 21:49:30,225,2,6104.5
10949,28510,2025-05-24 02:44:24,309,1,2510.1
10950,28512,2025-05-31 12:20:56,144,2,42271.54
10951,28516,2025-06-22 18:11:49,381,1,9476.92
10952,28520,2025-02-24 12:55:10,374,1,10459.29
10953,28523,2025-04-17 11:48:52,87,1,23788.74
10954,28527,2025-01-28 11:44:06,192,2,66352.8
10955,28537,2025-02-07 19:15:26,406,2,48838.48
10956,28540,2025-03-14 17:16:01,247,1,9897.75
10957,28541,2025-05-22 00:33:43,163,1,7638.19
10958,28542,2025-04-11 00:25:42,139,1,1008.61
10959,28546,2025-03-17 12:36:02,401,3,35072.01
10960,28551,2025-04-28 15:54:42,415,1,4695.16
10961,28552,2025-02-24 11:03:53,168,1,9504.82
10962,28553,2025-06-21 23:37:45,462,2,44606.0
10963,28555,2025-02-13 05:29:55,32,2,14552.24
10964,28557,2025-04-13 19:19:02,378,1,15995.17
10965,28558,2025-05-28 11:50:43,257,1,2435.84
10966,28558,2025-06-11 03:37:34,256,1,547.58
10967,28560,2025-05-17 03:49:50,475,1,11694.47
10968,28566,2025-01-22 15:50:33,479,1,17062.05
10969,28568,2025-05-21 11:06:27,493,1,17276.96
10970,28568,2025-06-07 10:09:38,167,1,26417.09
10971,28571,2025-03-14 03:40:38,78,1,149482.7
10972,28573,2025-05-20 16:57:15,463,1,6385.22
10973,28575,2025-04-18 20:25:25,247,1,9897.75
10974,28575,2025-04-26 19:17:09,363,1,38026.37
10975,28578,2025-06-22 00:51:39,10,1,3952.37
10976,28579,2025-05-04 23:09:11,292,3,29360.28
10977,28583,2025-03-18 20:45:04,78,2,298965.4
10978,28584,2025-05-27 03:11:22,26,1,10901.13
10979,28585,2025-04-12 22:09:58,14,1,3902.87
10980,28586,2025-06-03 02:53:43,253,1,9261.77
10981,28586,2025-06-22 12:37:32,379,1,29755.14
10982,28592,2025-01-09 16:12:27,276,1,4843.01
10983,28594,2025-03-01 06:24:41,254,1,16059.76
10984,28594,2025-03-10 01:56:01,23,1,24086.36
10985,28596,2025-05-08 14:01:29,395,2,61491.86
10986,28596,2025-05-22 09:27:33,157,1,103545.76
10987,28598,2025-06-21 14:32:16,211,1,31008.7
10988,28599,2025-05-13 02:44:36,356,1,3337.9
10989,28600,2025-06-24 11:47:26,476,1,2319.27
10990,28601,2025-05-10 19:34:07,443,1,19089.94
10991,28602,2025-06-11 08:19:10,388,1,37608.5
10992,28610,2025-04-30 20:36:21,195,1,17742.05
10993,28613,2025-01-13 22:33:52,118,1,2075.07
10994,28616,2025-06-11 08:56:54,107,1,11847.57
10995,28616,2025-06-25 23:46:34,485,1,26241.01
10996,28620,2025-02-28 22:46:27,493,2,34553.92
10997,28620,2025-03-13 00:19:56,104,1,19691.24
10998,28621,2025-02-23 05:00:29,322,1,5485.52
10999,28621,2025-03-05 04:38:45,357,1,136130.58
11000,28623,2025-01-11 10:23:38,201,1,13102.72
11001,28623,2025-01-23 13:18:53,392,2,7862.62
11002,28624,2025-01-18 01:02:24,174,1,2937.34
11003,28629,2025-03-26 08:03:09,67,1,3245.55
11004,28633,2025-04-02 07:16:28,292,1,9786.76
11005,28637,2025-03-12 20:13:50,228,3,28320.33
11006,28641,2025-05-25 20:11:48,193,1,33028.41
11007,28648,2025-03-23 22:19:38,244,2,7549.56
11008,28651,2025-06-14 20:42:48,291,1,1193.57
11009,28653,2025-01-22 06:28:46,428,3,442717.98
11010,28656,2025-03-27 15:45:51,481,1,3800.46
11011,28662,2025-05-04 18:24:23,5,2,223768.38
11012,28663,2025-02-21 02:41:32,257,2,4871.68
11013,28670,2025-01-22 22:14:01,141,1,78006.44
11014,28670,2025-02-10 17:27:54,234,1,69647.59
11015,28673,2025-06-06 13:31:49,112,1,6810.44
11016,28675,2025-02-02 21:14:20,329,1,11214.8
11017,28679,2025-03-31 13:09:35,109,1,13239.59
11018,28679,2025-04-05 04:53:41,483,1,43632.67
11019,28679,2025-04-14 01:53:40,196,1,1179.56
11020,28682,2025-04-27 07:11:14,368,1,49977.44
11021,28684,2025-06-05 00:21:25,369,1,14392.59
11022,28692,2025-06-15 06:53:26,407,1,1432.1
11023,28694,2025-06-04 17:33:44,392,1,3931.31
11024,28696,2025-01-09 22:00:52,292,1,9786.76
11025,28699,2025-02-09 14:45:51,146,1,9446.45
11026,28700,2025-03-22 11:40:26,493,1,17276.96
11027,28701,2025-06-28 05:52:15,297,2,35459.48
11028,28711,2025-01-28 01:53:25,84,3,7345.17
11029,28713,2025-04-20 13:49:26,148,1,129106.55
11030,28714,2025-06-08 06:36:57,429,1,2789.86
11031,28720,2025-01-12 01:28:22,478,1,37666.35
11032,28724,2025-05-04 21:11:04,136,1,2438.57
11033,28727,2025-06-25 10:50:11,423,2,39231.94
11034,28731,2025-04-20 10:27:54,289,1,116522.54
11035,28732,2025-03-10 07:15:15,126,2,31906.16
11036,28732,2025-03-31 14:52:44,322,1,5485.52
11037,28734,2025-06-18 16:29:57,81,1,47864.88
11038,28744,2025-05-11 02:41:54,166,1,15176.99
11039,28744,2025-05-23 12:18:56,15,2,18410.02
11040,28746,2025-05-09 05:05:09,366,1,9798.21
11041,28751,2025-04-02 12:44:41,184,2,5940.28
11042,28752,2025-03-15 03:40:06,408,2,17868.96
11043,28755,2025-03-03 05:31:47,60,1,5108.13
11044,28757,2025-05-22 23:16:20,296,1,108127.41
11045,28759,2025-05-08 00:14:05,173,3,9286.74
11046,28760,2025-02-25 14:51:23,3,1,10094.67
11047,28762,2025-04-08 15:43:35,138,3,20162.73
11048,28764,2025-03-07 02:00:24,27,1,1626.81
11049,28764,2025-03-28 02:47:11,354,1,13893.05
11050,28765,2025-04-30 08:06:50,165,1,1732.53
11051,28765,2025-05-11 21:02:58,429,1,2789.86
11052,28765,2025-06-01 05:59:24,492,1,8731.65
11053,28769,2025-06-08 22:12:47,184,1,2970.14
11054,28772,2025-03-06 12:04:18,490,1,12740.04
11055,28776,2025-01-03 14:49:35,77,1,70509.53
11056,28778,2025-01-22 06:12:45,32,2,14552.24
11057,28779,2025-01-12 10:47:03,375,1,2797.37
11058,28780,2025-02-24 10:09:17,62,1,20430.08
11059,28785,2025-02-20 21:00:41,282,2,2226.6
11060,28789,2025-02-16 12:19:03,177,1,6007.88
11061,28790,2025-01-16 15:05:33,336,3,35309.58
11062,28791,2025-02-15 01:17:56,327,1,8222.53
11063,28792,2025-01-29 06:35:17,424,1,14170.15
11064,28793,2025-05-05 21:08:46,439,1,35173.02
11065,28793,2025-05-27 08:50:05,412,1,2747.39
11066,28798,2025-02-06 15:53:46,189,2,19184.4
11067,28799,2025-06-19 23:24:24,121,1,8945.4
11068,28800,2025-03-06 19:03:05,163,1,7638.19
11069,28800,2025-03-18 06:38:58,475,1,11694.47
11070,28803,2025-01-15 09:58:19,173,2,6191.16
11071,28806,2025-03-05 03:08:57,461,3,17070.42
11072,28808,2025-04-18 18:30:42,241,1,11168.82
11073,28809,2025-01-07 05:49:24,159,1,30772.13
11074,28811,2025-02-23 10:17:52,306,1,4449.97
11075,28814,2025-04-28 11:48:32,421,1,3913.39
11076,28815,2025-05-10 03:32:03,260,1,13781.16
11077,28818,2025-05-27 02:49:15,1,1,7205.01
11078,28824,2025-04-12 21:51:46,1,1,7205.01
11079,28831,2025-06-06 03:23:20,407,1,1432.1
11080,28831,2025-06-18 11:50:45,158,1,2196.76
11081,28834,2025-04-15 03:57:32,352,1,29524.41
11082,28839,2025-03-30 15:30:31,438,1,5413.4
11083,28849,2025-05-26 16:59:25,93,1,5774.03
11084,28852,2025-03-25 18:36:21,135,1,13650.75
11085,28857,2025-02-03 01:06:23,216,1,43283.26
11086,28857,2025-02-16 18:32:23,250,1,20800.98
11087,28859,2025-03-20 12:43:12,354,1,13893.05
11088,28861,2025-02-10 23:09:33,488,1,32780.58
11089,28865,2025-06-13 02:25:48,14,1,3902.87
11090,28867,2025-02-06 13:17:43,131,1,10203.73
11091,28875,2025-02-07 20:06:27,2,1,19570.0
11092,28875,2025-02-19 06:33:07,368,1,49977.44
11093,28879,2025-03-02 06:22:34,305,1,2454.31
11094,28880,2025-05-06 03:02:40,199,2,260018.6
11095,28880,2025-05-21 10:57:06,308,1,10693.04
11096,28884,2025-05-07 08:26:01,42,1,35405.28
11097,28888,2025-05-18 23:12:31,449,3,1955.49
11098,28895,2025-01-21 02:01:08,341,2,8933.94
11099,28895,2025-01-25 23:17:35,393,1,13053.76
11100,28895,2025-02-11 14:40:49,477,1,37353.59
11101,28900,2025-04-13 22:29:40,134,1,3801.47
11102,28905,2025-04-11 20:44:02,199,1,130009.3
11103,28905,2025-04-26 14:57:30,492,1,8731.65
11104,28905,2025-05-08 02:28:07,173,1,3095.58
11105,28909,2025-02-03 23:33:51,50,3,27162.12
11106,28909,2025-02-19 03:40:00,252,1,5818.59
11107,28909,2025-03-14 03:25:18,387,3,86563.08
11108,28909,2025-03-22 13:22:05,437,1,1479.71
11109,28910,2025-06-01 21:58:08,350,1,4462.47
11110,28914,2025-05-25 06:33:48,242,1,9285.39
11111,28914,2025-06-11 07:19:24,35,2,6175.86
11112,28915,2025-01-31 02:38:03,39,1,19720.04
11113,28920,2025-02-06 21:30:50,344,2,42215.88
11114,28922,2025-03-16 11:06:11,158,1,2196.76
11115,28924,2025-04-08 16:11:46,170,3,7862.37
11116,28927,2025-06-09 20:03:02,201,1,13102.72
11117,28930,2025-06-07 18:42:53,361,2,27971.36
11118,28932,2025-04-18 09:55:55,493,2,34553.92
11119,28934,2025-03-22 15:01:50,92,2,7477.02
11120,28937,2025-05-23 01:06:53,349,1,12041.93
11121,28942,2025-01-19 18:43:18,455,1,3164.97
11122,28942,2025-02-03 15:19:14,316,1,5050.1
11123,28945,2025-06-01 23:09:17,376,1,14562.53
11124,28948,2025-06-01 13:56:17,451,1,6674.43
11125,28948,2025-06-14 02:28:52,73,2,6369.86
11126,28952,2025-05-19 07:53:06,21,1,14166.0
11127,28958,2025-01-14 07:29:31,206,1,23007.56
11128,28961,2025-02-06 20:05:25,484,2,185827.88
11129,28962,2025-05-27 21:37:29,458,1,50236.06
11130,28967,2025-02-11 05:21:08,103,1,42328.61
11131,28970,2025-05-28 23:02:41,239,1,1734.95
11132,28974,2025-06-09 22:54:38,176,1,15291.17
11133,28975,2025-06-01 23:40:52,490,1,12740.04
11134,28975,2025-06-20 12:32:36,426,1,24723.16
11135,28977,2025-02-15 19:00:08,21,1,14166.0
11136,28983,2025-06-26 02:28:54,42,1,35405.28
11137,28986,2025-03-16 15:33:22,103,1,42328.61
11138,28989,2025-01-31 23:32:42,489,1,8331.51
11139,28989,2025-02-22 03:05:58,90,2,187029.88
11140,28990,2025-05-06 21:15:50,166,1,15176.99
11141,28991,2025-04-21 20:24:10,53,1,67150.12
11142,28995,2025-05-31 11:59:08,431,2,12518.6
11143,28996,2025-04-02 07:14:37,311,1,90815.28
11144,28997,2025-06-24 00:14:52,270,2,1029.12
11145,29000,2025-05-26 13:50:17,139,1,1008.61
11146,29000,2025-06-07 11:28:37,98,1,12583.05
11147,29001,2025-03-27 17:28:16,419,1,24719.61
11148,29002,2025-06-08 14:43:15,355,1,4384.45
11149,29002,2025-06-12 19:43:36,440,1,3107.23
11150,29004,2025-05-11 15:54:23,445,1,1748.17
11151,29004,2025-05-22 05:23:11,222,1,8006.41
11152,29008,2025-05-06 17:10:07,474,1,15410.11
11153,29009,2025-03-23 09:21:38,475,1,11694.47
11154,29011,2025-04-26 05:47:22,391,1,7481.06
11155,29016,2025-02-05 21:57:03,435,1,4498.66
11156,29017,2025-03-12 13:06:43,6,1,4629.86
11157,29021,2025-02-18 03:17:28,38,1,12400.94
11158,29022,2025-06-06 18:37:06,53,1,67150.12
11159,29036,2025-05-07 01:30:23,281,2,17150.08
11160,29039,2025-06-01 10:33:52,446,2,273560.16
11161,29047,2025-02-18 18:16:09,187,1,43342.31
11162,29050,2025-03-06 05:17:09,15,1,9205.01
11163,29051,2025-02-20 13:26:20,209,1,38411.37
11164,29053,2025-02-20 06:08:36,390,1,3926.05
11165,29055,2025-06-13 20:06:02,215,1,30903.15
11166,29056,2025-06-03 11:35:05,428,1,147572.66
11167,29066,2025-06-24 22:19:05,111,2,2056.9
11168,29069,2025-04-25 00:06:53,233,1,4628.25
11169,29072,2025-02-13 02:51:55,414,2,40594.52
11170,29077,2025-02-04 17:04:33,235,1,42017.2
11171,29078,2025-01-11 23:18:42,320,2,67121.52
11172,29084,2025-04-04 14:49:40,402,1,19649.25
11173,29087,2025-06-29 20:15:40,139,1,1008.61
11174,29088,2025-04-24 23:34:06,405,1,20089.63
11175,29089,2025-05-21 06:29:10,258,1,4584.18
11176,29095,2025-06-28 13:05:46,401,1,11690.67
11177,29097,2025-02-03 01:06:32,181,1,11869.76
11178,29104,2025-02-01 22:41:43,392,2,7862.62
11179,29110,2025-01-30 23:34:51,14,1,3902.87
11180,29116,2025-05-28 04:53:11,57,1,55100.21
11181,29119,2025-04-28 07:56:27,473,2,2148.98
11182,29121,2025-02-04 07:17:31,41,1,8500.67
11183,29122,2025-01-08 07:43:28,398,3,28464.93
11184,29122,2025-01-22 05:53:57,283,1,38631.44
11185,29124,2025-01-09 14:11:13,129,1,358.85
11186,29126,2025-05-31 21:04:17,239,2,3469.9
11187,29130,2025-06-10 02:09:20,477,1,37353.59
11188,29131,2025-05-21 04:56:00,146,1,9446.45
11189,29131,2025-06-25 08:24:25,346,1,14000.92
11190,29133,2025-04-04 23:51:03,184,1,2970.14
11191,29134,2025-04-18 04:19:39,230,1,3807.27
11192,29141,2025-05-27 02:51:50,16,1,4159.96
11193,29142,2025-02-13 14:44:21,159,1,30772.13
11194,29147,2025-06-20 08:15:10,71,2,8853.58
11195,29149,2025-05-19 18:41:05,395,1,30745.93
11196,29149,2025-06-14 00:57:40,289,1,116522.54
11197,29158,2025-01-19 23:03:51,35,3,9263.79
11198,29163,2025-06-04 11:24:24,348,1,11453.57
11199,29163,2025-06-16 07:12:48,480,2,70974.98
11200,29165,2025-06-13 10:27:11,35,2,6175.86
11201,29171,2025-03-09 12:44:11,412,2,5494.78
11202,29175,2025-01-23 12:01:08,412,1,2747.39
11203,29175,2025-02-01 01:40:04,211,1,31008.7
11204,29182,2025-01-22 17:09:16,13,1,2692.52
11205,29182,2025-01-30 10:31:20,458,1,50236.06
11206,29183,2025-04-03 10:18:53,78,1,149482.7
11207,29184,2025-01-16 23:13:48,492,1,8731.65
11208,29186,2025-06-13 12:33:43,348,1,11453.57
11209,29186,2025-06-20 11:13:32,194,1,1522.19
11210,29188,2025-02-08 12:12:29,290,1,4390.34
11211,29191,2025-05-23 10:52:54,466,1,31559.05
11212,29197,2025-06-01 21:31:05,175,1,81468.72
11213,29198,2025-02-23 20:57:36,147,1,8701.96
11214,29199,2025-05-08 00:39:33,287,1,5328.56
11215,29200,2025-04-26 15:12:07,452,2,35516.52
11216,29206,2025-06-02 15:52:27,41,1,8500.67
11217,29206,2025-06-09 10:32:06,446,2,273560.16
11218,29209,2025-01-06 22:55:20,137,1,47310.53
11219,29210,2025-01-25 12:32:25,455,2,6329.94
11220,29210,2025-02-15 04:21:34,483,1,43632.67
11221,29210,2025-03-03 23:45:50,262,1,37057.19
11222,29211,2025-03-03 12:28:33,17,1,20450.91
11223,29212,2025-02-19 19:46:43,394,2,41365.38
11224,29213,2025-04-15 17:42:37,111,1,1028.45
11225,29214,2025-03-09 21:51:46,51,1,10465.17
11226,29215,2025-05-14 23:42:54,409,1,6296.47
11227,29219,2025-02-08 23:34:22,462,1,22303.0
11228,29220,2025-01-12 14:26:16,69,1,7709.45
11229,29220,2025-01-23 02:58:08,406,1,24419.24
11230,29220,2025-01-28 02:12:32,109,1,13239.59
11231,29223,2025-02-11 22:25:31,360,1,10778.02
11232,29224,2025-06-30 07:49:16,257,1,2435.84
11233,29225,2025-01-08 10:56:34,383,1,110906.1
11234,29228,2025-04-09 13:24:24,409,1,6296.47
11235,29232,2025-05-15 06:51:46,133,1,30464.02
11236,29232,2025-06-11 03:30:48,302,1,38776.55
11237,29235,2025-05-02 09:35:35,103,1,42328.61
11238,29239,2025-01-14 22:46:12,252,1,5818.59
11239,29243,2025-01-30 20:02:53,66,1,7734.16
11240,29244,2025-01-23 12:53:12,135,1,13650.75
11241,29244,2025-01-30 10:24:51,296,1,108127.41
11242,29244,2025-02-13 02:09:17,451,1,6674.43
11243,29245,2025-02-11 15:40:24,385,1,347.25
11244,29246,2025-02-03 16:33:40,383,2,221812.2
11245,29251,2025-05-31 15:48:53,393,1,13053.76
11246,29252,2025-04-13 21:45:36,103,1,42328.61
11247,29254,2025-04-02 13:20:06,270,1,514.56
11248,29256,2025-05-12 18:56:36,95,1,14154.76
11249,29257,2025-02-24 01:37:07,376,2,29125.06
11250,29259,2025-01-26 12:50:12,317,1,2354.88
11251,29259,2025-02-21 19:06:56,376,1,14562.53
11252,29260,2025-05-18 19:15:12,54,2,8318.96
11253,29266,2025-01-29 21:10:20,396,1,110532.21
11254,29268,2025-03-21 08:15:39,450,2,15002.86
11255,29274,2025-01-27 16:19:31,160,2,27653.06
11256,29279,2025-02-17 10:22:37,32,1,7276.12
11257,29285,2025-04-13 16:18:19,361,3,41957.04
11258,29287,2025-04-02 16:55:08,279,1,11780.7
11259,29291,2025-05-04 15:48:01,293,1,3662.24
11260,29294,2025-02-12 00:17:51,485,1,26241.01
11261,29295,2025-01-08 08:51:53,435,1,4498.66
11262,29300,2025-03-20 23:50:11,343,1,71441.06
11263,29301,2025-03-07 11:30:34,352,1,29524.41
11264,29303,2025-05-09 01:54:22,235,1,42017.2
11265,29303,2025-05-15 23:21:46,427,3,12937.98
11266,29307,2025-05-01 02:32:57,12,1,10398.85
11267,29308,2025-05-08 20:56:49,210,1,12877.08
11268,29308,2025-06-15 01:02:07,70,2,10917.36
11269,29310,2025-05-13 09:26:25,86,1,95739.09
11270,29310,2025-05-27 06:03:31,227,1,1864.51
11271,29312,2025-03-01 15:36:41,240,2,59269.46
11272,29315,2025-01-28 23:09:18,230,2,7614.54
11273,29316,2025-02-26 04:58:04,140,2,99968.1
11274,29317,2025-06-10 19:22:32,80,1,124124.35
11275,29317,2025-06-30 01:31:01,8,1,2149.22
11276,29318,2025-06-18 18:02:38,1,1,7205.01
11277,29320,2025-02-16 14:18:38,69,2,15418.9
11278,29320,2025-03-06 10:13:40,220,1,2583.92
11279,29326,2025-04-26 20:04:17,442,2,54055.28
11280,29331,2025-01-29 18:21:04,2,1,19570.0
11281,29332,2025-06-30 14:18:15,339,1,464.88
11282,29334,2025-06-30 00:56:59,123,1,37439.59
11283,29335,2025-01-02 15:09:59,327,1,8222.53
11284,29335,2025-01-24 14:55:12,63,3,25717.17
11285,29336,2025-05-06 04:09:54,115,2,33418.76
11286,29337,2025-06-07 20:48:57,275,1,3307.48
11287,29339,2025-02-10 11:19:53,300,1,11130.88
11288,29343,2025-03-21 21:42:32,94,1,9377.5
11289,29349,2025-02-28 02:02:06,487,1,17124.6
11290,29354,2025-05-28 16:07:30,486,1,5773.24
11291,29356,2025-06-23 05:22:58,440,2,6214.46
11292,29362,2025-05-11 18:58:09,143,1,13152.69
11293,29362,2025-05-15 00:47:08,309,1,2510.1
11294,29364,2025-06-07 08:15:13,54,1,4159.48
11295,29365,2025-02-14 06:57:16,175,1,81468.72
11296,29365,2025-02-18 21:19:36,283,2,77262.88
11297,29365,2025-02-27 07:54:17,345,1,24246.2
11298,29366,2025-05-22 18:54:54,483,1,43632.67
11299,29367,2025-06-01 11:47:11,265,1,7512.87
11300,29370,2025-03-23 15:12:55,130,1,16268.89
11301,29371,2025-01-28 13:06:28,352,2,59048.82
11302,29371,2025-02-07 07:52:01,406,1,24419.24
11303,29373,2025-05-26 17:59:28,4,1,110986.96
11304,29373,2025-06-20 18:13:57,232,1,3213.9
11305,29377,2025-01-17 15:10:10,458,1,50236.06
11306,29379,2025-01-22 01:31:13,122,1,24310.52
11307,29379,2025-02-06 21:12:53,192,1,33176.4
11308,29383,2025-01-28 17:56:34,432,1,16557.1
11309,29383,2025-02-01 06:19:35,99,2,117491.68
11310,29385,2025-03-13 09:34:54,381,1,9476.92
11311,29388,2025-04-24 22:23:59,178,1,122025.22
11312,29388,2025-05-20 20:47:44,110,1,18441.82
11313,29390,2025-04-15 06:29:39,389,1,3219.85
11314,29394,2025-06-25 00:45:13,212,1,105203.42
11315,29396,2025-01-29 08:30:12,331,2,21448.86
11316,29400,2025-02-23 23:24:54,62,2,40860.16
11317,29404,2025-06-02 05:29:08,103,1,42328.61
11318,29420,2025-01-28 07:12:23,428,1,147572.66
11319,29423,2025-05-15 11:03:44,239,2,3469.9
11320,29425,2025-04-11 03:56:22,300,1,11130.88
11321,29427,2025-05-22 04:38:00,313,1,11749.91
11322,29433,2025-01-14 08:33:15,92,1,3738.51
11323,29435,2025-03-12 21:30:38,6,1,4629.86
11324,29437,2025-01-28 03:59:16,261,1,19158.19
11325,29438,2025-06-16 12:52:08,356,1,3337.9
11326,29441,2025-05-07 18:48:39,197,1,1108.19
11327,29448,2025-02-07 11:40:02,17,1,20450.91
11328,29448,2025-02-17 20:36:38,21,1,14166.0
11329,29451,2025-05-14 15:07:31,51,1,10465.17
11330,29455,2025-02-24 13:11:44,169,1,2636.13
11331,29456,2025-05-17 19:26:37,12,3,31196.55
11332,29457,2025-06-15 14:04:46,285,1,115911.82
11333,29462,2025-02-03 04:08:06,310,2,2165.56
11334,29463,2025-02-27 04:16:57,461,3,17070.42
11335,29469,2025-04-05 08:26:37,424,1,14170.15
11336,29469,2025-04-23 22:38:42,237,1,23121.27
11337,29473,2025-06-06 03:42:41,291,1,1193.57
11338,29477,2025-03-24 23:42:38,369,1,14392.59
11339,29492,2025-06-13 02:47:44,367,1,5745.57
11340,29493,2025-02-21 23:44:26,24,1,1604.34
11341,29494,2025-02-20 14:45:28,71,1,4426.79
11342,29494,2025-03-22 08:35:43,215,1,30903.15
11343,29495,2025-02-25 00:53:26,182,1,5001.59
11344,29496,2025-04-19 21:02:02,41,1,8500.67
11345,29501,2025-06-23 18:55:37,140,1,49984.05
11346,29502,2025-02-21 20:13:28,438,1,5413.4
11347,29510,2025-06-02 15:45:31,359,1,7693.07
11348,29511,2025-01-25 08:36:20,397,1,38138.57
11349,29512,2025-06-05 17:33:43,423,1,19615.97
11350,29515,2025-01-31 08:18:47,305,1,2454.31
11351,29515,2025-02-04 10:49:11,405,1,20089.63
11352,29515,2025-02-22 04:22:38,380,1,19492.66
11353,29515,2025-03-12 10:30:20,271,1,35581.83
11354,29519,2025-06-06 13:32:55,114,1,3834.0
11355,29527,2025-03-29 04:00:35,484,1,92913.94
11356,29533,2025-02-04 17:27:33,452,1,17758.26
11357,29533,2025-02-13 17:13:30,207,3,92148.09
11358,29536,2025-01-16 15:43:28,377,3,19513.53
11359,29541,2025-06-08 21:04:47,62,1,20430.08
11360,29542,2025-06-01 10:50:38,378,3,47985.51
11361,29543,2025-05-12 04:43:20,117,1,1496.44
11362,29543,2025-05-18 20:32:04,4,1,110986.96
11363,29545,2025-04-04 10:23:28,461,1,5690.14
11364,29546,2025-01-22 11:01:14,146,1,9446.45
11365,29546,2025-02-05 02:55:38,179,1,113736.5
11366,29547,2025-01-29 13:54:26,11,1,55867.12
11367,29548,2025-04-26 22:40:14,490,2,25480.08
11368,29550,2025-06-19 12:12:27,463,1,6385.22
11369,29552,2025-01-29 12:04:12,97,1,623.51
11370,29559,2025-04-23 10:00:50,470,1,1252.58
11371,29560,2025-01-09 10:07:44,152,2,14447.34
11372,29563,2025-01-25 12:09:03,164,2,201338.82
11373,29564,2025-02-20 08:26:06,4,1,110986.96
11374,29564,2025-03-02 08:07:45,228,1,9440.11
11375,29566,2025-04-07 04:45:17,358,1,8037.68
11376,29569,2025-03-07 17:13:36,119,1,9009.08
11377,29570,2025-01-19 21:53:57,343,1,71441.06
11378,29570,2025-03-09 09:40:56,8,1,2149.22
11379,29576,2025-04-28 13:25:25,231,1,2920.42
11380,29579,2025-03-01 20:17:28,27,1,1626.81
11381,29579,2025-03-15 09:46:12,490,1,12740.04
11382,29583,2025-02-15 10:55:50,30,1,43984.69
11383,29585,2025-05-26 04:35:58,71,2,8853.58
11384,29589,2025-04-27 20:12:06,20,1,1778.75
11385,29589,2025-05-10 03:52:10,104,1,19691.24
11386,29589,2025-05-14 20:44:49,132,1,7791.77
11387,29596,2025-05-26 23:23:31,474,1,15410.11
11388,29597,2025-03-24 02:22:58,178,1,122025.22
11389,29601,2025-04-22 16:39:40,475,1,11694.47
11390,29601,2025-05-12 18:45:57,193,1,33028.41
11391,29602,2025-05-03 06:22:50,423,1,19615.97
11392,29602,2025-05-08 19:37:03,261,2,38316.38
11393,29603,2025-02-20 20:57:42,474,2,30820.22
11394,29605,2025-01-13 04:22:03,418,1,16621.38
11395,29609,2025-01-23 03:38:39,312,1,24505.73
11396,29610,2025-03-13 19:30:01,197,1,1108.19
11397,29612,2025-05-14 09:06:14,48,1,5407.24
11398,29613,2025-06-27 17:04:43,390,1,3926.05
11399,29614,2025-06-19 18:52:49,88,1,38903.03
11400,29616,2025-03-07 09:27:50,322,1,5485.52
11401,29618,2025-03-27 22:06:31,319,1,29688.49
11402,29619,2025-03-07 04:15:37,76,1,513.56
11403,29623,2025-03-30 20:04:19,398,1,9488.31
11404,29625,2025-02-22 12:47:33,158,2,4393.52
11405,29628,2025-06-25 16:23:05,303,1,1454.24
11406,29629,2025-04-01 12:22:24,59,1,43466.97
11407,29630,2025-04-03 13:26:54,204,1,3831.25
11408,29632,2025-02-05 11:34:21,34,1,2098.05
11409,29634,2025-03-13 12:28:13,262,1,37057.19
11410,29641,2025-05-23 03:03:24,335,2,12400.42
11411,29642,2025-06-16 05:27:49,459,1,2696.03
11412,29642,2025-06-27 16:04:21,420,1,3770.66
11413,29646,2025-02-03 02:52:20,318,1,19551.59
11414,29648,2025-03-20 12:32:12,173,1,3095.58
11415,29649,2025-05-07 11:09:38,138,1,6720.91
11416,29654,2025-05-02 09:47:29,392,1,3931.31
11417,29657,2025-06-11 05:24:38,337,1,138096.58
11418,29660,2025-01-23 16:15:43,286,1,3189.98
11419,29663,2025-04-26 12:45:34,357,1,136130.58
11420,29666,2025-04-15 21:56:14,247,1,9897.75
11421,29670,2025-01-26 05:18:50,357,1,136130.58
11422,29671,2025-01-05 02:22:12,167,1,26417.09
11423,29674,2025-03-07 03:54:23,476,1,2319.27
11424,29675,2025-05-06 13:20:30,500,2,202351.1
11425,29678,2025-05-30 07:16:47,207,1,30716.03
11426,29680,2025-01-17 09:30:19,250,1,20800.98
11427,29685,2025-05-30 00:44:49,210,1,12877.08
11428,29687,2025-05-25 10:52:46,356,1,3337.9
11429,29688,2025-05-04 04:47:29,297,1,17729.74
11430,29694,2025-02-21 06:55:21,289,1,116522.54
11431,29704,2025-05-02 07:30:57,287,1,5328.56
11432,29706,2025-01-11 16:27:40,436,1,18344.93
11433,29712,2025-04-30 11:50:13,14,1,3902.87
11434,29713,2025-06-09 08:32:24,437,1,1479.71
11435,29717,2025-06-24 11:49:11,119,1,9009.08
11436,29721,2025-05-08 05:55:57,75,1,12610.21
11437,29723,2025-05-07 13:57:31,21,2,28332.0
11438,29724,2025-01-25 04:10:14,291,1,1193.57
11439,29725,2025-03-14 10:24:45,360,1,10778.02
11440,29725,2025-03-26 20:41:56,171,1,15094.37
11441,29729,2025-05-17 09:05:31,411,1,2755.99
11442,29733,2025-03-23 09:27:56,240,1,29634.73
11443,29735,2025-05-03 09:33:24,10,1,3952.37
11444,29736,2025-05-27 15:15:26,215,1,30903.15
11445,29737,2025-03-01 23:11:59,329,1,11214.8
11446,29739,2025-03-24 00:38:14,228,1,9440.11
11447,29742,2025-01-30 23:18:43,103,2,84657.22
11448,29747,2025-01-11 17:36:33,339,1,464.88
11449,29747,2025-01-19 23:59:34,493,1,17276.96
11450,29753,2025-03-05 19:32:44,239,1,1734.95
11451,29753,2025-03-23 07:29:26,361,1,13985.68
11452,29755,2025-02-16 22:12:26,220,1,2583.92
11453,29756,2025-06-02 17:26:00,135,1,13650.75
11454,29759,2025-02-05 21:39:29,390,1,3926.05
11455,29760,2025-02-22 23:26:29,390,1,3926.05
11456,29762,2025-05-15 15:50:19,201,1,13102.72
11457,29764,2025-05-14 06:00:07,129,1,358.85
11458,29769,2025-04-28 19:17:23,211,2,62017.4
11459,29770,2025-06-27 19:57:19,300,1,11130.88
11460,29774,2025-06-22 06:44:37,362,2,1078.4
11461,29780,2025-03-07 00:34:29,376,1,14562.53
11462,29787,2025-01-06 02:02:17,199,1,130009.3
11463,29787,2025-02-04 14:32:51,233,1,4628.25
11464,29790,2025-01-17 22:58:11,262,1,37057.19
11465,29796,2025-06-16 20:11:13,378,3,47985.51
11466,29800,2025-03-31 02:59:14,84,1,2448.39
11467,29805,2025-06-06 19:13:11,253,2,18523.54
11468,29806,2025-05-23 06:33:45,339,1,464.88
11469,29808,2025-05-06 23:11:28,385,2,694.5
11470,29808,2025-05-09 23:53:56,484,1,92913.94
11471,29809,2025-06-24 21:20:36,202,1,2128.85
11472,29810,2025-05-10 16:36:40,103,1,42328.61
11473,29811,2025-05-07 23:21:03,311,1,90815.28
11474,29812,2025-03-10 17:31:15,81,2,95729.76
11475,29812,2025-03-15 10:40:28,498,1,13866.8
11476,29813,2025-02-25 05:12:47,272,1,11789.2
11477,29816,2025-04-17 07:44:45,60,1,5108.13
11478,29816,2025-04-28 09:55:40,203,1,13023.16
11479,29830,2025-06-10 14:04:11,18,1,1846.66
11480,29832,2025-04-15 21:00:44,343,1,71441.06
11481,29834,2025-02-05 10:57:47,366,1,9798.21
11482,29843,2025-05-06 12:11:27,177,1,6007.88
11483,29844,2025-05-02 04:20:26,53,1,67150.12
11484,29844,2025-05-21 06:58:01,388,1,37608.5
11485,29845,2025-04-28 13:04:27,470,1,1252.58
11486,29845,2025-05-15 14:00:05,451,3,20023.29
11487,29845,2025-05-20 00:52:46,179,1,113736.5
11488,29846,2025-03-26 19:00:17,478,1,37666.35
11489,29847,2025-06-23 04:32:43,265,1,7512.87
11490,29849,2025-01-06 23:15:47,467,1,82011.77
11491,29849,2025-01-22 04:10:09,10,1,3952.37
11492,29859,2025-04-14 08:25:41,309,1,2510.1
11493,29860,2025-03-08 10:50:06,56,1,29155.33
11494,29862,2025-06-16 20:16:01,347,1,26954.74
11495,29863,2025-01-31 09:19:40,359,1,7693.07
11496,29868,2025-04-15 05:34:04,232,1,3213.9
11497,29868,2025-05-02 16:35:41,440,1,3107.23
11498,29870,2025-05-27 12:40:37,455,1,3164.97
11499,29878,2025-05-04 10:02:57,139,1,1008.61
11500,29878,2025-05-19 10:39:17,428,2,295145.32
11501,29882,2025-01-05 17:19:24,421,1,3913.39
11502,29883,2025-02-20 09:07:16,482,1,24845.6
11503,29884,2025-04-15 19:50:15,376,1,14562.53
11504,29884,2025-04-21 07:37:51,44,2,12264.32
11505,29885,2025-01-18 07:34:13,351,1,2039.17
11506,29887,2025-04-04 11:31:26,222,1,8006.41
11507,29890,2025-05-11 00:31:09,172,2,72831.84
11508,29890,2025-06-02 15:19:07,344,1,21107.94
11509,29891,2025-02-18 01:30:26,431,1,6259.3
11510,29892,2025-06-10 21:40:29,36,1,17558.77
11511,29893,2025-06-27 09:43:36,202,1,2128.85
11512,29896,2025-02-26 03:00:08,306,1,4449.97
11513,29896,2025-03-06 01:45:03,119,1,9009.08
11514,29899,2025-01-20 19:24:37,455,1,3164.97
11515,29901,2025-05-09 15:42:39,431,1,6259.3
11516,29907,2025-01-18 00:28:49,244,1,3774.78
11517,29907,2025-02-05 00:42:28,99,1,58745.84
11518,29908,2025-02-13 08:25:43,380,1,19492.66
11519,29908,2025-03-01 07:25:00,373,1,4993.75
11520,29909,2025-04-11 18:16:02,47,1,6372.46
11521,29910,2025-06-26 08:51:29,200,1,7837.57
11522,29911,2025-04-15 04:10:06,230,1,3807.27
11523,29911,2025-05-05 08:22:42,127,1,37875.42
11524,29913,2025-06-30 03:05:19,388,1,37608.5
11525,29914,2025-04-26 15:17:24,257,1,2435.84
11526,29914,2025-05-13 15:33:58,402,1,19649.25
11527,29918,2025-04-28 06:33:52,482,1,24845.6
11528,29919,2025-05-11 20:12:37,300,1,11130.88
11529,29923,2025-04-12 22:33:51,128,3,22742.85
11530,29928,2025-03-25 10:18:04,366,1,9798.21
11531,29929,2025-05-10 10:10:26,451,1,6674.43
11532,29930,2025-05-23 06:44:38,359,3,23079.21
11533,29936,2025-02-21 11:45:38,189,2,19184.4
11534,29938,2025-04-26 22:40:05,109,1,13239.59
11535,29942,2025-01-30 22:33:41,319,1,29688.49
11536,29948,2025-05-03 08:00:17,99,1,58745.84
11537,29951,2025-03-10 12:23:57,121,1,8945.4
11538,29952,2025-04-01 17:24:12,450,1,7501.43
11539,29959,2025-02-05 11:16:17,77,2,141019.06
11540,29960,2025-04-05 08:32:48,56,2,58310.66
11541,29965,2025-05-16 18:50:28,115,1,16709.38
11542,29965,2025-05-20 09:11:46,17,2,40901.82
11543,29970,2025-05-22 13:07:41,380,1,19492.66
11544,29978,2025-06-19 21:44:50,181,2,23739.52
11545,29981,2025-06-21 05:13:06,487,1,17124.6
11546,29982,2025-05-12 09:22:50,407,3,4296.3
11547,29982,2025-05-18 10:06:31,120,1,19023.98
11548,29992,2025-05-29 03:31:14,443,2,38179.88
11549,29994,2025-03-03 12:25:42,436,1,18344.93
11550,29995,2025-06-26 11:12:31,22,1,12590.38
11551,29998,2025-04-06 05:57:36,121,2,17890.8
11552,30003,2025-04-30 14:07:58,488,3,98341.74
11553,30006,2025-02-22 04:42:43,141,2,156012.88
11554,30006,2025-02-27 12:32:16,252,1,5818.59
11555,30009,2025-03-16 16:55:48,40,1,1173.14
11556,30014,2025-01-30 05:51:05,488,2,65561.16
11557,30016,2025-03-14 05:46:22,396,1,110532.21
11558,30019,2025-02-05 19:40:24,45,1,25096.16
11559,30020,2025-02-14 16:37:01,459,1,2696.03
11560,30021,2025-03-27 10:43:07,455,1,3164.97
11561,30026,2025-05-25 14:02:43,431,2,12518.6
11562,30027,2025-03-20 18:33:09,193,2,66056.82
11563,30028,2025-02-23 02:25:49,495,2,26331.9
11564,30030,2025-04-24 13:55:12,454,1,3744.31
11565,30030,2025-04-30 06:40:34,147,1,8701.96
11566,30034,2025-05-14 23:16:31,40,3,3519.42
11567,30038,2025-03-07 13:44:09,140,2,99968.1
11568,30039,2025-04-15 14:55:48,387,1,28854.36
11569,30041,2025-04-21 07:11:27,477,1,37353.59
11570,30043,2025-04-23 19:58:59,115,1,16709.38
11571,30045,2025-05-03 18:11:15,219,1,2535.54
11572,30047,2025-06-23 12:43:17,323,2,42754.58
11573,30047,2025-06-29 18:47:52,62,2,40860.16
11574,30049,2025-02-17 15:55:54,46,1,115208.75
11575,30051,2025-03-19 20:54:37,276,2,9686.02
11576,30056,2025-04-17 09:06:14,21,1,14166.0
11577,30058,2025-04-25 16:39:18,300,1,11130.88
11578,30063,2025-06-14 11:55:18,251,2,16656.58
11579,30066,2025-03-14 20:11:54,125,1,20320.95
11580,30067,2025-02-06 02:23:24,39,1,19720.04
11581,30068,2025-02-18 11:18:19,440,3,9321.69
11582,30068,2025-02-28 22:02:42,443,1,19089.94
11583,30070,2025-01-23 14:26:58,269,2,231029.86
11584,30075,2025-03-04 22:21:49,188,1,631.77
11585,30076,2025-03-18 15:41:41,500,1,101175.55
11586,30083,2025-06-15 12:44:07,190,1,27317.1
11587,30086,2025-05-20 13:14:17,428,1,147572.66
11588,30087,2025-04-05 14:26:23,442,3,81082.92
11589,30089,2025-02-16 02:34:33,4,1,110986.96
11590,30089,2025-03-07 20:54:18,179,1,113736.5
11591,30092,2025-05-20 21:53:27,87,3,71366.22
11592,30098,2025-02-18 12:59:39,331,1,10724.43
11593,30103,2025-05-03 17:32:45,126,1,15953.08
11594,30104,2025-04-17 08:32:04,141,1,78006.44
11595,30104,2025-05-06 19:26:04,164,1,100669.41
11596,30105,2025-01-26 11:32:00,121,1,8945.4
11597,30118,2025-03-23 13:49:54,313,1,11749.91
11598,30121,2025-03-07 20:32:15,467,1,82011.77
11599,30126,2025-03-10 06:22:49,10,1,3952.37
11600,30128,2025-01-14 10:51:32,416,1,36650.72
11601,30130,2025-03-23 09:47:35,412,1,2747.39
11602,30132,2025-03-08 11:53:29,77,1,70509.53
11603,30135,2025-06-09 20:57:51,469,1,8458.92
11604,30138,2025-03-21 18:47:20,353,1,14609.61
11605,30138,2025-03-28 01:44:46,376,1,14562.53
11606,30140,2025-01-14 03:47:24,234,1,69647.59
11607,30142,2025-06-07 02:31:09,63,1,8572.39
11608,30144,2025-04-12 04:30:54,414,2,40594.52
11609,30146,2025-06-27 19:43:25,261,1,19158.19
11610,30147,2025-06-26 17:43:34,276,1,4843.01
11611,30148,2025-01-13 06:30:58,282,1,1113.3
11612,30148,2025-01-21 11:14:33,94,1,9377.5
11613,30149,2025-06-06 10:12:01,245,1,15399.15
11614,30153,2025-02-21 17:45:51,61,2,204439.3
11615,30153,2025-03-13 17:03:42,344,1,21107.94
11616,30162,2025-04-28 20:28:24,225,1,3052.25
11617,30164,2025-05-23 06:59:25,52,1,4983.11
11618,30168,2025-04-14 05:03:56,321,3,401055.24
11619,30169,2025-06-14 02:44:06,365,2,27383.84
11620,30170,2025-04-19 02:44:43,359,2,15386.14
11621,30170,2025-04-23 00:52:39,358,3,24113.04
11622,30175,2025-04-06 21:55:10,447,3,4465.08
11623,30180,2025-01-24 00:14:51,282,2,2226.6
11624,30183,2025-06-16 09:30:20,325,1,13982.87
11625,30184,2025-03-05 06:46:51,398,1,9488.31
11626,30186,2025-03-03 00:15:34,264,2,9155.12
11627,30188,2025-04-16 02:34:29,55,2,48059.02
11628,30189,2025-05-24 23:27:52,171,1,15094.37
11629,30193,2025-03-26 21:11:24,186,2,10165.66
11630,30194,2025-06-13 02:40:18,297,1,17729.74
11631,30195,2025-05-23 18:37:25,140,2,99968.1
11632,30199,2025-06-30 06:28:49,222,1,8006.41
11633,30200,2025-02-21 20:12:38,169,1,2636.13
11634,30200,2025-03-15 14:24:41,30,1,43984.69
11635,30201,2025-05-16 13:22:29,52,1,4983.11
11636,30205,2025-05-02 01:08:45,168,1,9504.82
11637,30213,2025-05-17 10:02:48,127,1,37875.42
11638,30214,2025-06-30 20:19:34,124,3,12864.42
11639,30216,2025-01-25 13:38:00,97,1,623.51
11640,30218,2025-03-08 04:05:57,174,1,2937.34
11641,30218,2025-03-28 22:35:14,134,3,11404.41
11642,30219,2025-05-10 04:37:18,351,1,2039.17
11643,30222,2025-06-10 00:15:20,423,1,19615.97
11644,30223,2025-05-16 20:19:18,87,1,23788.74
11645,30224,2025-01-29 17:24:16,341,1,4466.97
11646,30225,2025-02-09 06:56:16,441,1,1146.71
11647,30226,2025-02-21 13:00:47,231,1,2920.42
11648,30234,2025-06-15 11:45:31,326,1,81782.53
11649,30236,2025-06-04 12:23:06,365,2,27383.84
11650,30240,2025-05-17 19:58:59,105,1,7627.67
11651,30245,2025-03-20 13:02:38,334,2,8409.18
11652,30248,2025-04-04 22:30:28,43,1,11732.3
11653,30251,2025-05-27 01:52:45,44,1,6132.16
11654,30253,2025-01-26 04:20:00,488,2,65561.16
11655,30255,2025-06-14 05:32:44,226,2,2920.68
11656,30256,2025-04-29 14:16:15,398,1,9488.31
11657,30258,2025-05-28 07:23:39,427,1,4312.66
11658,30258,2025-06-23 05:33:02,390,2,7852.1
11659,30261,2025-06-13 08:21:52,314,3,20962.56
11660,30268,2025-05-25 03:36:50,292,1,9786.76
11661,30268,2025-06-09 12:06:38,86,1,95739.09
11662,30269,2025-05-09 08:41:39,180,2,45239.26
11663,30271,2025-01-21 07:12:55,470,2,2505.16
11664,30276,2025-03-21 15:30:34,166,2,30353.98
11665,30277,2025-05-17 15:35:10,44,2,12264.32
11666,30279,2025-03-15 04:10:41,61,1,102219.65
11667,30290,2025-01-30 13:40:05,179,1,113736.5
11668,30291,2025-03-03 19:05:20,359,2,15386.14
11669,30301,2025-05-14 01:57:16,411,1,2755.99
11670,30308,2025-04-20 23:58:12,354,1,13893.05
11671,30311,2025-03-25 10:29:54,206,2,46015.12
11672,30313,2025-03-22 17:11:38,267,1,20054.79
11673,30314,2025-01-13 12:44:36,194,1,1522.19
11674,30317,2025-04-01 12:24:21,33,1,17762.94
11675,30321,2025-06-16 06:16:39,26,1,10901.13
11676,30322,2025-06-17 07:17:26,61,1,102219.65
11677,30324,2025-03-06 00:23:01,64,1,23300.53
11678,30325,2025-04-26 10:21:24,346,1,14000.92
11679,30325,2025-04-29 11:38:44,204,1,3831.25
11680,30327,2025-03-12 07:29:15,199,1,130009.3
11681,30329,2025-05-27 22:49:46,159,1,30772.13
11682,30331,2025-03-08 01:36:46,85,2,134542.68
11683,30331,2025-03-21 21:47:55,327,1,8222.53
11684,30332,2025-05-14 21:28:55,78,2,298965.4
11685,30332,2025-06-05 07:16:39,97,1,623.51
11686,30332,2025-06-18 04:11:40,229,1,30697.88
11687,30334,2025-01-17 07:21:46,486,1,5773.24
11688,30338,2025-03-20 03:42:28,167,1,26417.09
11689,30341,2025-02-12 21:19:53,463,2,12770.44
11690,30343,2025-06-02 03:51:26,496,1,31539.91
11691,30344,2025-05-07 14:47:28,471,1,29952.23
11692,30345,2025-06-06 03:08:17,68,3,141537.0
11693,30346,2025-04-30 17:37:56,135,1,13650.75
11694,30346,2025-05-11 12:46:03,126,2,31906.16
11695,30347,2025-01-07 16:50:57,71,1,4426.79
11696,30354,2025-02-27 16:13:20,441,1,1146.71
11697,30355,2025-06-13 14:03:44,63,1,8572.39
11698,30358,2025-03-19 12:37:35,480,2,70974.98
11699,30359,2025-06-05 09:07:55,354,1,13893.05
11700,30361,2025-06-16 04:56:29,188,1,631.77
11701,30362,2025-05-11 22:33:39,81,1,47864.88
11702,30367,2025-05-24 05:05:50,120,1,19023.98
11703,30369,2025-01-11 00:58:10,225,1,3052.25
11704,30376,2025-03-09 16:25:58,485,2,52482.02
11705,30379,2025-01-25 03:50:47,361,1,13985.68
11706,30381,2025-06-01 00:34:43,273,1,8130.43
11707,30381,2025-06-22 09:20:36,408,2,17868.96
11708,30383,2025-03-31 05:47:07,94,1,9377.5
11709,30383,2025-04-21 00:58:37,152,1,7223.67
11710,30385,2025-06-16 19:50:55,474,1,15410.11
11711,30387,2025-01-26 11:45:44,58,1,33150.95
11712,30388,2025-02-17 01:30:59,235,1,42017.2
11713,30389,2025-02-06 00:09:08,467,1,82011.77
11714,30389,2025-02-24 05:46:17,479,2,34124.1
11715,30390,2025-03-02 15:32:49,20,2,3557.5
11716,30391,2025-02-12 05:37:26,228,1,9440.11
11717,30399,2025-05-22 10:40:57,272,2,23578.4
11718,30400,2025-04-06 05:02:38,478,2,75332.7
11719,30400,2025-04-27 08:57:18,107,1,11847.57
11720,30401,2025-03-14 21:34:58,412,3,8242.17
11721,30404,2025-05-29 20:24:35,109,2,26479.18
11722,30405,2025-03-11 18:35:26,115,2,33418.76
11723,30407,2025-01-15 05:01:32,236,2,39178.88
11724,30407,2025-02-03 05:54:58,250,1,20800.98
11725,30409,2025-01-13 07:52:06,323,3,64131.87
11726,30410,2025-01-22 10:31:51,326,1,81782.53
11727,30411,2025-01-16 15:36:52,329,1,11214.8
11728,30412,2025-02-04 23:25:39,399,2,35454.18
11729,30416,2025-01-21 05:04:16,334,1,4204.59
11730,30420,2025-04-09 21:44:07,378,1,15995.17
11731,30420,2025-04-30 12:08:45,144,1,21135.77
11732,30422,2025-03-05 21:52:45,310,1,1082.78
11733,30423,2025-04-17 00:13:38,429,1,2789.86
11734,30429,2025-01-03 03:25:46,466,1,31559.05
11735,30432,2025-04-18 11:13:07,275,1,3307.48
11736,30434,2025-01-29 20:29:13,54,3,12478.44
11737,30434,2025-02-19 08:32:07,79,1,14294.87
11738,30436,2025-04-28 16:19:32,315,1,33862.07
11739,30446,2025-01-19 01:14:59,327,1,8222.53
11740,30447,2025-02-17 07:57:59,1,1,7205.01
11741,30448,2025-05-07 08:29:48,184,2,5940.28
11742,30452,2025-03-31 08:05:05,417,1,32512.83
11743,30453,2025-06-16 12:46:16,35,2,6175.86
11744,30455,2025-01-10 08:38:12,346,1,14000.92
11745,30455,2025-01-23 06:21:14,316,1,5050.1
11746,30458,2025-04-22 00:17:11,15,2,18410.02
11747,30460,2025-06-07 00:26:26,19,1,2770.09
11748,30460,2025-06-25 18:16:14,35,1,3087.93
11749,30465,2025-02-04 10:48:02,337,1,138096.58
11750,30465,2025-02-22 17:18:02,451,2,13348.86
11751,30469,2025-01-15 10:52:10,181,1,11869.76
11752,30471,2025-05-23 10:54:03,488,1,32780.58
11753,30474,2025-02-08 05:15:06,336,1,11769.86
11754,30475,2025-01-26 08:20:29,295,2,26510.8
11755,30483,2025-04-18 18:21:59,46,1,115208.75
11756,30484,2025-04-12 22:08:30,374,2,20918.58
11757,30487,2025-03-23 12:03:35,472,1,47216.19
11758,30491,2025-03-19 07:20:36,277,1,134439.28
11759,30501,2025-02-05 14:26:11,339,1,464.88
11760,30502,2025-03-14 11:31:30,122,1,24310.52
11761,30502,2025-04-01 01:06:06,249,1,2728.95
11762,30511,2025-05-23 16:14:03,30,1,43984.69
11763,30511,2025-06-01 21:45:56,256,1,547.58
11764,30513,2025-02-22 01:11:11,258,1,4584.18
11765,30514,2025-04-15 12:36:31,47,1,6372.46
11766,30521,2025-03-08 14:50:04,302,1,38776.55
11767,30523,2025-01-10 07:44:35,249,1,2728.95
11768,30528,2025-05-23 08:09:04,154,1,36463.8
11769,30534,2025-06-22 17:49:43,342,1,11288.79
11770,30535,2025-02-03 02:43:10,316,1,5050.1
11771,30544,2025-02-03 01:14:57,96,1,1401.59
11772,30547,2025-02-26 13:13:00,22,2,25180.76
11773,30553,2025-06-14 01:40:56,361,1,13985.68
11774,30555,2025-05-19 22:57:54,321,2,267370.16
11775,30559,2025-02-02 16:41:04,213,1,14323.4
11776,30563,2025-06-07 03:35:10,45,3,75288.48
11777,30564,2025-03-20 03:31:52,13,1,2692.52
11778,30570,2025-05-22 06:32:54,21,1,14166.0
11779,30571,2025-05-12 00:42:55,428,1,147572.66
11780,30572,2025-05-13 08:59:26,225,1,3052.25
11781,30572,2025-05-28 12:15:04,42,2,70810.56
11782,30573,2025-06-04 16:49:44,165,1,1732.53
11783,30574,2025-02-13 22:57:45,298,1,12693.22
11784,30576,2025-02-03 01:13:39,83,2,41118.5
11785,30576,2025-02-13 08:32:02,88,1,38903.03
11786,30577,2025-01-20 12:46:00,128,1,7580.95
11787,30578,2025-02-14 11:59:09,335,1,6200.21
11788,30579,2025-06-21 05:58:53,56,3,87465.99
11789,30582,2025-04-18 20:52:50,484,1,92913.94
11790,30582,2025-04-26 05:54:37,53,2,134300.24
11791,30584,2025-05-15 08:40:17,442,1,27027.64
11792,30585,2025-02-02 09:31:06,163,1,7638.19
11793,30586,2025-06-16 22:03:34,343,1,71441.06
11794,30587,2025-02-25 17:24:16,51,2,20930.34
11795,30589,2025-04-03 00:34:21,477,2,74707.18
11796,30593,2025-05-21 06:54:50,32,1,7276.12
11797,30596,2025-06-05 18:56:08,485,1,26241.01
11798,30602,2025-03-13 10:16:02,179,2,227473.0
11799,30605,2025-02-20 16:04:35,373,1,4993.75
11800,30605,2025-03-06 18:47:08,494,1,495.37
11801,30606,2025-03-06 09:23:03,443,1,19089.94
11802,30607,2025-05-22 15:25:29,399,1,17727.09
11803,30612,2025-05-06 04:06:22,441,1,1146.71
11804,30615,2025-03-06 17:34:44,228,1,9440.11
11805,30616,2025-05-23 06:44:45,45,2,50192.32
11806,30619,2025-06-11 00:56:40,221,1,14298.27
11807,30620,2025-03-13 22:26:47,347,1,26954.74
11808,30625,2025-03-29 19:49:09,12,3,31196.55
11809,30625,2025-04-14 02:27:39,117,1,1496.44
11810,30625,2025-05-04 22:22:14,460,1,41328.67
11811,30627,2025-02-15 18:55:16,257,2,4871.68
11812,30632,2025-06-19 11:11:07,500,1,101175.55
11813,30635,2025-05-16 19:23:46,479,3,51186.15
11814,30645,2025-03-28 08:27:46,426,1,24723.16
11815,30646,2025-04-10 16:19:34,381,1,9476.92
11816,30647,2025-04-10 12:48:58,392,1,3931.31
11817,30654,2025-03-12 23:30:05,390,1,3926.05
11818,30656,2025-03-03 13:34:55,69,2,15418.9
11819,30663,2025-03-10 15:29:47,219,1,2535.54
11820,30667,2025-06-01 01:02:56,253,1,9261.77
11821,30669,2025-06-10 12:05:03,285,1,115911.82
11822,30670,2025-04-17 00:59:15,294,2,69169.38
11823,30680,2025-05-17 06:25:33,128,2,15161.9
11824,30684,2025-01-05 13:58:10,19,1,2770.09
11825,30685,2025-05-27 00:36:06,468,1,141578.31
11826,30687,2025-05-14 10:07:58,195,1,17742.05
11827,30690,2025-06-25 14:57:38,336,1,11769.86
11828,30691,2025-05-28 17:08:18,166,1,15176.99
11829,30691,2025-06-02 09:23:09,389,1,3219.85
11830,30699,2025-04-24 03:51:25,185,1,12990.29
11831,30700,2025-04-19 14:58:25,392,1,3931.31
11832,30702,2025-04-27 18:23:17,353,3,43828.83
11833,30707,2025-05-24 15:02:56,402,1,19649.25
11834,30710,2025-05-02 08:16:23,217,1,3789.89
11835,30711,2025-05-28 10:15:26,211,1,31008.7
11836,30712,2025-04-24 03:15:04,348,3,34360.71
11837,30714,2025-05-08 01:23:27,470,1,1252.58
11838,30716,2025-04-13 15:37:26,53,1,67150.12
11839,30721,2025-06-23 04:20:46,452,1,17758.26
11840,30723,2025-04-28 06:08:28,145,1,5753.8
11841,30725,2025-03-02 09:25:26,198,1,7794.51
11842,30726,2025-04-23 01:45:27,303,2,2908.48
11843,30726,2025-04-28 04:41:02,305,2,4908.62
11844,30730,2025-01-27 21:33:15,12,1,10398.85
11845,30730,2025-02-23 04:43:55,103,2,84657.22
11846,30730,2025-03-05 02:25:53,248,1,9420.12
11847,30731,2025-06-28 17:22:58,326,1,81782.53
11848,30736,2025-04-17 15:42:03,252,2,11637.18
11849,30738,2025-03-07 10:43:56,442,1,27027.64
11850,30740,2025-03-16 11:13:47,194,1,1522.19
11851,30743,2025-06-18 18:36:36,21,1,14166.0
11852,30746,2025-06-18 19:08:11,27,1,1626.81
11853,30747,2025-04-30 02:50:47,208,2,6937.54
11854,30751,2025-06-02 17:32:55,277,1,134439.28
11855,30757,2025-02-10 21:10:10,266,1,8000.62
11856,30763,2025-04-01 14:50:44,295,1,13255.4
11857,30763,2025-04-22 07:07:25,65,2,30197.48
11858,30766,2025-02-15 02:25:57,4,1,110986.96
11859,30770,2025-03-08 00:50:52,386,2,60282.94
11860,30775,2025-05-01 22:08:34,279,1,11780.7
11861,30779,2025-06-29 21:47:34,109,1,13239.59
11862,30781,2025-02-14 17:56:31,398,1,9488.31
11863,30785,2025-02-14 07:08:26,141,1,78006.44
11864,30790,2025-01-10 13:41:00,93,1,5774.03
11865,30795,2025-02-14 00:37:32,224,3,43659.39
11866,30799,2025-01-09 02:42:28,321,3,401055.24
11867,30801,2025-01-26 23:40:53,415,2,9390.32
11868,30804,2025-02-17 12:26:26,362,1,539.2
11869,30807,2025-01-15 16:19:16,289,1,116522.54
11870,30807,2025-02-16 16:39:20,460,2,82657.34
11871,30807,2025-03-09 17:57:41,128,1,7580.95
11872,30809,2025-01-28 12:11:51,316,1,5050.1
11873,30821,2025-06-28 06:04:21,313,1,11749.91
11874,30826,2025-04-20 23:32:54,222,3,24019.23
11875,30830,2025-04-07 06:28:25,277,1,134439.28
11876,30835,2025-05-01 10:15:48,443,1,19089.94
11877,30837,2025-06-11 18:53:07,337,1,138096.58
11878,30838,2025-02-28 09:01:20,48,1,5407.24
11879,30840,2025-03-28 13:30:48,462,1,22303.0
11880,30845,2025-01-31 08:55:42,496,2,63079.82
11881,30845,2025-02-26 21:35:58,358,2,16075.36
11882,30851,2025-03-08 18:04:33,328,1,7767.1
11883,30855,2025-05-25 21:47:44,324,3,84003.21
11884,30856,2025-02-14 02:47:06,472,1,47216.19
11885,30858,2025-04-17 01:54:54,47,1,6372.46
11886,30859,2025-05-28 19:57:54,159,2,61544.26
11887,30866,2025-05-27 02:21:21,105,1,7627.67
11888,30870,2025-05-15 08:17:35,135,1,13650.75
11889,30870,2025-05-30 09:47:31,131,1,10203.73
11890,30871,2025-02-07 21:48:36,373,1,4993.75
11891,30879,2025-06-25 01:47:19,91,2,231658.56
11892,30885,2025-02-17 12:42:37,174,2,5874.68
11893,30886,2025-06-11 10:52:05,441,1,1146.71
11894,30895,2025-01-24 17:02:35,469,1,8458.92
11895,30895,2025-02-01 03:31:10,337,1,138096.58
11896,30897,2025-06-09 18:55:17,484,1,92913.94
11897,30906,2025-01-27 22:49:11,5,1,111884.19
11898,30908,2025-01-19 13:02:53,217,1,3789.89
11899,30908,2025-01-28 03:23:20,102,2,51584.02
11900,30909,2025-06-28 17:18:42,497,1,4676.48
11901,30910,2025-05-14 04:37:43,430,1,24645.4
11902,30914,2025-06-27 18:23:15,136,2,4877.14
11903,30920,2025-01-16 00:15:41,226,1,1460.34
11904,30920,2025-02-08 07:02:49,322,1,5485.52
11905,30925,2025-06-28 17:33:20,321,2,267370.16
11906,30930,2025-05-18 17:14:26,314,1,6987.52
11907,30930,2025-06-03 12:33:21,232,1,3213.9
11908,30930,2025-06-11 19:05:38,313,1,11749.91
11909,30932,2025-05-20 03:59:32,273,1,8130.43
11910,30934,2025-06-26 11:13:31,461,1,5690.14
11911,30935,2025-02-13 09:19:24,156,1,8339.09
11912,30938,2025-06-06 03:30:35,437,2,2959.42
11913,30939,2025-04-04 14:52:19,195,1,17742.05
11914,30941,2025-03-28 13:51:36,143,1,13152.69
11915,30941,2025-04-02 11:31:53,41,1,8500.67
11916,30945,2025-06-11 18:03:10,154,1,36463.8
11917,30948,2025-04-28 12:29:50,117,1,1496.44
11918,30949,2025-02-23 00:37:57,261,1,19158.19
11919,30949,2025-03-02 19:14:15,500,1,101175.55
11920,30951,2025-05-01 04:45:27,184,1,2970.14
11921,30952,2025-04-09 02:50:55,95,3,42464.28
11922,30952,2025-04-18 13:19:51,393,1,13053.76
11923,30955,2025-05-16 23:57:54,134,3,11404.41
11924,30956,2025-01-04 09:39:20,221,2,28596.54
11925,30959,2025-04-21 05:30:22,262,2,74114.38
11926,30961,2025-03-03 11:45:10,20,1,1778.75
11927,30962,2025-03-28 10:04:06,454,1,3744.31
11928,30967,2025-05-02 03:33:40,495,1,13165.95
11929,30968,2025-02-04 16:13:44,37,1,884.45
11930,30968,2025-02-23 07:25:09,128,1,7580.95
11931,30969,2025-03-16 19:29:23,33,2,35525.88
11932,30970,2025-04-24 12:43:30,457,1,32494.5
11933,30972,2025-04-21 09:49:17,467,2,164023.54
11934,30973,2025-04-21 21:26:58,176,2,30582.34
11935,30973,2025-05-08 18:38:32,25,3,8831.76
11936,30976,2025-02-07 12:28:13,318,2,39103.18
11937,30978,2025-05-12 09:04:13,188,2,1263.54
11938,30982,2025-04-14 08:55:00,115,1,16709.38
11939,30983,2025-02-22 18:49:30,243,1,2252.58
11940,30983,2025-03-13 03:27:13,125,2,40641.9
11941,30985,2025-04-19 12:59:29,80,2,248248.7
11942,30985,2025-05-10 07:29:30,36,1,17558.77
11943,30986,2025-06-10 04:24:36,406,1,24419.24
11944,30989,2025-06-27 11:58:17,299,1,9185.44
11945,30992,2025-02-23 23:17:03,14,1,3902.87
11946,30993,2025-04-06 15:03:01,364,1,4874.98
11947,30994,2025-04-16 07:06:27,315,1,33862.07
11948,31002,2025-04-01 05:10:20,460,1,41328.67
11949,31003,2025-01-07 23:48:31,224,1,14553.13
11950,31003,2025-01-14 06:57:51,170,1,2620.79
11951,31004,2025-03-15 12:03:17,130,1,16268.89
11952,31007,2025-04-09 04:45:10,33,1,17762.94
11953,31008,2025-02-06 15:28:29,351,1,2039.17
11954,31010,2025-04-02 13:43:00,86,1,95739.09
11955,31010,2025-04-06 22:52:54,198,1,7794.51
11956,31014,2025-04-10 16:16:57,417,1,32512.83
11957,31023,2025-02-01 08:32:41,165,1,1732.53
11958,31024,2025-02-05 20:46:17,228,1,9440.11
11959,31026,2025-06-28 16:21:57,158,1,2196.76
11960,31027,2025-05-18 14:21:56,91,1,115829.28
11961,31031,2025-06-14 08:10:23,179,1,113736.5
11962,31032,2025-05-04 21:46:31,108,1,5270.83
11963,31034,2025-05-07 19:42:28,20,1,1778.75
11964,31040,2025-02-10 02:54:02,113,3,23457.75
11965,31040,2025-02-21 23:06:48,361,1,13985.68
11966,31041,2025-03-01 15:52:23,297,1,17729.74
11967,31044,2025-06-15 02:58:53,151,1,10165.09
11968,31046,2025-06-11 15:04:49,42,1,35405.28
11969,31047,2025-06-27 10:45:10,335,1,6200.21
11970,31060,2025-04-25 14:10:58,488,1,32780.58
11971,31062,2025-02-26 20:39:24,395,1,30745.93
11972,31070,2025-04-03 18:52:40,480,1,35487.49
11973,31071,2025-05-06 13:07:23,157,1,103545.76
11974,31073,2025-06-08 18:53:15,426,2,49446.32
11975,31076,2025-05-14 17:18:07,213,3,42970.2
11976,31081,2025-05-30 03:57:55,283,3,115894.32
11977,31084,2025-02-21 18:16:32,9,1,6572.8
11978,31088,2025-04-03 02:59:57,335,1,6200.21
11979,31091,2025-03-07 05:14:49,382,1,17566.23
11980,31095,2025-04-29 11:19:47,310,1,1082.78
11981,31096,2025-04-04 15:32:56,385,1,347.25
11982,31099,2025-05-09 20:43:36,339,1,464.88
11983,31101,2025-04-01 02:12:38,112,1,6810.44
11984,31102,2025-01-12 08:28:29,361,1,13985.68
11985,31102,2025-02-08 16:47:10,193,1,33028.41
11986,31104,2025-06-08 04:05:03,197,1,1108.19
11987,31111,2025-03-31 14:21:15,456,1,19874.65
11988,31118,2025-03-30 08:33:40,381,2,18953.84
11989,31119,2025-06-05 20:08:54,90,2,187029.88
11990,31119,2025-06-09 17:45:18,26,1,10901.13
11991,31122,2025-04-06 04:23:58,355,1,4384.45
11992,31123,2025-06-30 15:19:21,279,2,23561.4
11993,31125,2025-02-06 00:11:22,74,3,73180.08
11994,31129,2025-04-10 17:14:43,248,2,18840.24
11995,31132,2025-06-21 08:14:52,252,1,5818.59
11996,31133,2025-05-07 13:35:12,460,2,82657.34
11997,31135,2025-02-01 20:26:50,13,2,5385.04
11998,31136,2025-06-13 08:11:44,281,1,8575.04
11999,31137,2025-06-21 05:40:12,324,1,28001.07
12000,31138,2025-03-16 09:13:11,91,1,115829.28
12001,31139,2025-04-10 20:20:26,116,2,27790.48
12002,31139,2025-04-25 06:50:10,271,2,71163.66
12003,31141,2025-01-29 07:45:17,458,1,50236.06
12004,31141,2025-02-14 00:12:30,363,1,38026.37
12005,31144,2025-01-20 23:50:42,278,1,12926.7
12006,31145,2025-05-24 04:29:55,88,1,38903.03
12007,31153,2025-06-25 11:01:04,237,1,23121.27
12008,31154,2025-03-15 06:07:15,6,2,9259.72
12009,31155,2025-04-02 06:32:17,18,2,3693.32
12010,31157,2025-01-12 05:37:44,402,1,19649.25
12011,31160,2025-02-14 20:57:35,492,1,8731.65
12012,31166,2025-04-09 04:32:28,103,2,84657.22
12013,31168,2025-04-11 20:31:45,311,1,90815.28
12014,31172,2025-04-30 21:38:34,296,1,108127.41
12015,31180,2025-01-19 22:11:17,426,1,24723.16
12016,31183,2025-04-22 17:17:09,237,1,23121.27
12017,31188,2025-02-22 08:10:48,280,3,50406.96
12018,31191,2025-03-03 17:10:59,118,1,2075.07
12019,31192,2025-05-21 20:49:21,277,1,134439.28
12020,31196,2025-02-03 05:38:34,58,1,33150.95
12021,31198,2025-01-15 04:14:04,403,1,25390.62
12022,31203,2025-06-06 12:15:51,372,1,1314.03
12023,31208,2025-01-15 21:43:56,16,2,8319.92
12024,31214,2025-05-27 20:30:00,490,1,12740.04
12025,31215,2025-01-12 07:45:39,379,2,59510.28
12026,31215,2025-01-27 00:58:27,177,2,12015.76
12027,31216,2025-01-19 09:47:46,380,1,19492.66
12028,31217,2025-01-24 13:05:00,44,2,12264.32
12029,31220,2025-01-15 00:31:42,306,1,4449.97
12030,31221,2025-05-06 16:55:34,327,1,8222.53
12031,31224,2025-04-08 00:23:21,425,1,14314.74
12032,31227,2025-01-23 06:40:09,481,1,3800.46
12033,31227,2025-02-21 19:18:22,440,2,6214.46
12034,31230,2025-01-18 22:12:13,300,3,33392.64
12035,31230,2025-02-26 23:07:28,478,1,37666.35
12036,31231,2025-04-02 13:03:53,256,1,547.58
12037,31233,2025-03-27 22:14:40,198,1,7794.51
12038,31233,2025-04-04 12:45:17,458,1,50236.06
12039,31238,2025-06-29 08:45:58,230,2,7614.54
12040,31243,2025-06-27 17:27:25,334,1,4204.59
12041,31245,2025-01-29 13:58:03,209,1,38411.37
12042,31249,2025-02-08 01:04:40,225,2,6104.5
12043,31252,2025-04-03 03:28:40,453,1,3275.21
12044,31253,2025-01-14 15:44:46,233,1,4628.25
12045,31255,2025-04-18 14:41:45,340,1,86475.35
12046,31257,2025-03-21 23:09:54,253,1,9261.77
12047,31261,2025-04-04 19:07:00,122,1,24310.52
12048,31262,2025-02-19 02:18:45,182,1,5001.59
12049,31264,2025-06-03 09:58:03,23,1,24086.36
12050,31265,2025-06-11 04:40:55,382,1,17566.23
12051,31266,2025-05-07 11:33:12,135,1,13650.75
12052,31267,2025-01-17 17:44:48,139,1,1008.61
12053,31269,2025-04-09 22:52:56,398,1,9488.31
12054,31271,2025-06-03 14:30:20,436,1,18344.93
12055,31278,2025-02-28 14:32:15,43,1,11732.3
12056,31286,2025-03-29 08:50:58,233,1,4628.25
12057,31289,2025-04-23 10:18:07,256,1,547.58
12058,31289,2025-04-29 12:36:54,251,1,8328.29
12059,31290,2025-02-11 20:51:39,280,1,16802.32
12060,31294,2025-03-11 07:10:09,109,1,13239.59
12061,31301,2025-01-24 08:16:41,343,1,71441.06
12062,31301,2025-02-13 16:48:36,173,1,3095.58
12063,31308,2025-05-31 11:34:45,31,1,2221.64
12064,31310,2025-06-30 18:26:23,114,2,7668.0
12065,31311,2025-02-11 06:12:32,198,2,15589.02
12066,31313,2025-02-16 07:45:55,331,1,10724.43
12067,31318,2025-01-18 12:32:31,469,2,16917.84
12068,31318,2025-01-22 17:38:45,410,1,90198.25
12069,31324,2025-01-14 04:52:07,173,1,3095.58
12070,31326,2025-03-12 04:34:50,64,1,23300.53
12071,31335,2025-04-25 02:20:02,45,1,25096.16
12072,31336,2025-02-14 09:02:34,261,2,38316.38
12073,31342,2025-03-06 16:56:38,205,1,14938.64
12074,31343,2025-03-11 12:14:47,350,1,4462.47
12075,31344,2025-06-24 22:42:47,438,1,5413.4
12076,31346,2025-06-03 01:27:40,353,1,14609.61
12077,31348,2025-03-20 23:06:41,395,1,30745.93
12078,31350,2025-04-09 21:07:32,496,1,31539.91
12079,31354,2025-06-12 16:15:39,86,1,95739.09
12080,31360,2025-03-26 14:16:06,471,2,59904.46
12081,31365,2025-02-26 07:53:36,492,1,8731.65
12082,31368,2025-01-18 09:24:13,165,1,1732.53
12083,31372,2025-02-16 14:27:34,140,2,99968.1
12084,31372,2025-02-20 04:36:36,463,1,6385.22
12085,31372,2025-03-01 01:22:22,479,1,17062.05
12086,31373,2025-04-25 10:30:43,139,1,1008.61
12087,31374,2025-05-08 20:46:32,430,1,24645.4
12088,31377,2025-02-19 07:48:31,53,1,67150.12
12089,31380,2025-04-23 19:43:59,234,1,69647.59
12090,31383,2025-05-08 06:52:15,53,1,67150.12
12091,31384,2025-03-10 01:49:20,492,1,8731.65
12092,31386,2025-03-03 07:57:07,251,1,8328.29
12093,31387,2025-06-24 18:35:47,39,1,19720.04
12094,31392,2025-06-29 19:07:50,165,1,1732.53
12095,31395,2025-03-21 14:47:04,325,1,13982.87
12096,31398,2025-03-12 20:05:59,376,2,29125.06
12097,31405,2025-06-11 13:29:03,67,1,3245.55
12098,31408,2025-06-19 15:18:30,483,1,43632.67
12099,31409,2025-01-21 01:59:32,497,3,14029.44
12100,31410,2025-04-01 11:55:19,180,1,22619.63
12101,31414,2025-03-07 04:22:09,400,1,24109.01
12102,31414,2025-03-24 02:01:24,219,1,2535.54
12103,31416,2025-01-19 01:56:45,401,1,11690.67
12104,31418,2025-03-22 01:19:45,485,1,26241.01
12105,31418,2025-04-07 05:34:01,321,1,133685.08
12106,31418,2025-04-19 14:38:15,301,1,44256.21
12107,31419,2025-02-07 10:53:29,455,2,6329.94
12108,31429,2025-03-09 10:28:14,163,1,7638.19
12109,31429,2025-03-26 15:03:53,84,1,2448.39
12110,31433,2025-01-21 21:42:50,181,1,11869.76
12111,31434,2025-01-12 17:55:06,276,1,4843.01
12112,31435,2025-04-07 05:45:09,16,2,8319.92
12113,31437,2025-05-30 07:33:58,194,1,1522.19
12114,31441,2025-05-24 04:49:36,107,1,11847.57
12115,31443,2025-01-23 10:39:19,68,1,47179.0
12116,31445,2025-02-22 11:23:14,125,1,20320.95
12117,31447,2025-01-31 10:24:55,312,2,49011.46
12118,31448,2025-01-27 18:07:15,436,2,36689.86
12119,31450,2025-06-02 05:56:15,165,1,1732.53
12120,31454,2025-05-04 17:51:53,241,1,11168.82
12121,31455,2025-05-15 13:20:31,49,1,3584.0
12122,31455,2025-06-05 08:42:16,186,1,5082.83
12123,31456,2025-01-04 13:30:59,128,1,7580.95
12124,31463,2025-05-16 13:07:37,316,1,5050.1
12125,31463,2025-06-02 13:46:30,309,1,2510.1
12126,31467,2025-05-24 16:03:00,390,1,3926.05
12127,31468,2025-02-04 00:42:31,400,1,24109.01
12128,31471,2025-01-05 06:34:28,349,2,24083.86
12129,31477,2025-03-06 19:48:05,126,1,15953.08
12130,31478,2025-03-17 08:49:11,342,1,11288.79
12131,31479,2025-06-08 23:07:30,255,1,3001.4
12132,31482,2025-05-30 13:39:00,286,1,3189.98
12133,31484,2025-05-13 14:35:38,177,2,12015.76
12134,31486,2025-01-04 14:48:31,11,1,55867.12
12135,31488,2025-01-20 19:01:55,498,1,13866.8
12136,31491,2025-02-25 03:30:00,103,1,42328.61
12137,31494,2025-03-03 12:21:45,337,1,138096.58
12138,31496,2025-06-11 20:42:04,213,2,28646.8
12139,31498,2025-05-20 23:52:49,139,1,1008.61
12140,31502,2025-01-04 09:34:03,394,1,20682.69
12141,31505,2025-03-30 11:25:03,392,2,7862.62
12142,31507,2025-06-10 04:18:32,266,2,16001.24
12143,31507,2025-06-13 21:03:57,105,1,7627.67
12144,31507,2025-06-20 16:29:11,52,1,4983.11
12145,31508,2025-05-30 19:14:41,71,1,4426.79
12146,31514,2025-03-07 09:36:35,39,1,19720.04
12147,31514,2025-03-11 22:28:27,437,3,4439.13
12148,31516,2025-06-24 11:09:41,237,1,23121.27
12149,31521,2025-04-05 22:43:46,350,2,8924.94
12150,31523,2025-05-08 02:13:40,341,1,4466.97
12151,31524,2025-05-28 20:34:39,138,1,6720.91
12152,31531,2025-05-03 02:42:51,36,1,17558.77
12153,31533,2025-02-05 11:32:25,498,1,13866.8
12154,31535,2025-02-25 12:24:28,296,1,108127.41
12155,31536,2025-01-16 11:43:52,34,1,2098.05
12156,31537,2025-06-12 01:47:40,435,1,4498.66
12157,31540,2025-05-29 18:45:05,18,2,3693.32
12158,31543,2025-03-08 15:09:45,453,1,3275.21
12159,31544,2025-06-13 11:20:09,254,2,32119.52
12160,31546,2025-04-02 13:57:36,45,1,25096.16
12161,31546,2025-04-28 00:16:19,195,1,17742.05
12162,31549,2025-01-13 19:53:57,397,1,38138.57
12163,31553,2025-04-25 15:03:33,223,1,11303.07
12164,31557,2025-01-20 04:27:16,295,2,26510.8
12165,31559,2025-02-17 09:31:34,349,1,12041.93
12166,31559,2025-03-08 18:17:29,217,3,11369.67
12167,31564,2025-01-13 14:14:24,392,1,3931.31
12168,31565,2025-01-16 18:27:05,51,1,10465.17
12169,31570,2025-02-12 20:56:09,359,1,7693.07
12170,31571,2025-03-08 08:06:16,100,1,17574.95
12171,31579,2025-02-03 09:16:48,95,2,28309.52
12172,31582,2025-03-10 17:57:07,95,1,14154.76
12173,31584,2025-01-16 02:29:29,418,3,49864.14
12174,31586,2025-03-08 12:51:24,127,1,37875.42
12175,31591,2025-05-16 05:52:44,99,1,58745.84
12176,31593,2025-03-08 23:38:33,133,1,30464.02
12177,31594,2025-01-16 02:31:14,6,1,4629.86
12178,31598,2025-05-02 20:37:54,318,1,19551.59
12179,31602,2025-02-26 13:25:07,325,1,13982.87
12180,31603,2025-05-21 22:23:00,244,1,3774.78
12181,31604,2025-04-04 14:35:46,348,2,22907.14
12182,31609,2025-02-16 07:45:36,269,1,115514.93
12183,31610,2025-04-16 22:21:43,429,1,2789.86
12184,31615,2025-02-24 19:43:33,123,1,37439.59
12185,31623,2025-03-20 05:14:56,167,1,26417.09
12186,31624,2025-04-10 22:34:49,119,1,9009.08
12187,31626,2025-01-10 11:14:57,7,1,1408.94
12188,31628,2025-03-22 18:32:28,365,1,13691.92
12189,31633,2025-05-13 21:51:50,103,1,42328.61
12190,31635,2025-04-01 22:01:10,268,2,14775.66
12191,31638,2025-06-27 16:57:07,19,1,2770.09
12192,31639,2025-06-26 05:54:08,71,1,4426.79
12193,31644,2025-04-18 15:00:30,443,2,38179.88
12194,31649,2025-03-07 20:48:04,258,2,9168.36
12195,31650,2025-01-16 05:39:27,18,1,1846.66
12196,31651,2025-06-02 16:12:05,285,1,115911.82
12197,31652,2025-06-04 01:32:30,386,2,60282.94
12198,31652,2025-06-11 08:42:33,291,1,1193.57
12199,31656,2025-04-15 07:59:31,187,3,130026.93
12200,31660,2025-02-01 09:28:17,493,1,17276.96
12201,31662,2025-06-25 10:03:07,480,1,35487.49
12202,31664,2025-05-09 10:14:10,132,1,7791.77
12203,31665,2025-02-10 20:42:20,442,1,27027.64
12204,31665,2025-03-16 09:36:36,134,1,3801.47
12205,31668,2025-03-19 03:21:28,426,2,49446.32
12206,31670,2025-04-30 09:31:14,122,1,24310.52
12207,31675,2025-01-05 22:34:15,18,1,1846.66
12208,31678,2025-04-06 05:43:01,348,2,22907.14
12209,31679,2025-04-03 15:01:49,81,1,47864.88
12210,31681,2025-05-31 02:22:39,161,1,49810.77
12211,31681,2025-06-05 09:34:30,162,1,6647.03
12212,31687,2025-01-09 02:02:57,436,1,18344.93
12213,31688,2025-02-13 22:48:12,216,1,43283.26
12214,31691,2025-04-09 22:23:50,259,1,9549.49
12215,31693,2025-01-20 13:05:02,204,1,3831.25
12216,31694,2025-01-15 10:32:06,424,1,14170.15
12217,31705,2025-01-24 04:11:27,336,2,23539.72
12218,31705,2025-02-10 21:36:42,455,1,3164.97
12219,31707,2025-05-28 04:30:52,146,1,9446.45
12220,31716,2025-05-24 02:24:30,195,1,17742.05
12221,31719,2025-03-03 08:16:36,19,1,2770.09
12222,31720,2025-06-06 08:20:01,271,2,71163.66
12223,31723,2025-03-15 18:03:55,397,1,38138.57
12224,31723,2025-04-02 18:31:30,296,1,108127.41
12225,31726,2025-01-28 21:46:58,137,2,94621.06
12226,31733,2025-05-10 00:43:18,108,2,10541.66
12227,31733,2025-05-14 02:00:16,500,1,101175.55
12228,31734,2025-06-26 20:52:50,67,1,3245.55
12229,31739,2025-01-25 09:48:16,235,2,84034.4
12230,31742,2025-01-12 16:51:23,82,2,24783.08
12231,31746,2025-04-19 11:34:28,191,1,36768.02
12232,31747,2025-06-27 11:34:45,462,1,22303.0
12233,31748,2025-04-09 19:46:31,428,1,147572.66
12234,31749,2025-04-26 05:43:48,140,1,49984.05
12235,31752,2025-01-04 05:14:12,265,1,7512.87
12236,31757,2025-01-29 19:30:21,138,1,6720.91
12237,31761,2025-03-07 22:01:45,50,2,18108.08
12238,31761,2025-03-20 01:13:24,145,1,5753.8
12239,31762,2025-06-04 01:01:03,268,1,7387.83
12240,31764,2025-05-07 02:48:46,192,1,33176.4
12241,31771,2025-06-28 16:26:26,258,2,9168.36
12242,31773,2025-03-23 15:35:10,442,1,27027.64
12243,31775,2025-06-23 01:22:02,224,1,14553.13
12244,31777,2025-04-19 12:45:19,38,3,37202.82
12245,31777,2025-05-06 14:38:58,397,2,76277.14
12246,31781,2025-03-07 14:22:06,377,1,6504.51
12247,31782,2025-06-17 01:21:35,382,1,17566.23
12248,31787,2025-02-04 20:18:46,330,1,3233.01
12249,31789,2025-06-14 05:27:07,415,1,4695.16
12250,31791,2025-05-31 20:54:27,178,3,366075.66
12251,31792,2025-03-31 18:47:02,333,1,4180.46
12252,31792,2025-04-04 17:39:51,123,1,37439.59
12253,31793,2025-03-03 06:36:09,255,2,6002.8
12254,31794,2025-02-12 00:47:23,340,2,172950.7
12255,31802,2025-06-09 02:35:55,237,1,23121.27
12256,31803,2025-06-28 20:08:43,240,1,29634.73
12257,31804,2025-02-07 08:13:53,321,1,133685.08
12258,31814,2025-02-19 00:31:46,25,1,2943.92
12259,31815,2025-01-23 21:24:14,186,1,5082.83
12260,31817,2025-04-01 06:08:31,358,1,8037.68
12261,31817,2025-04-10 19:25:15,65,1,15098.74
12262,31824,2025-01-20 04:30:48,436,2,36689.86
12263,31826,2025-04-22 05:40:16,383,1,110906.1
12264,31830,2025-03-09 06:23:57,259,1,9549.49
12265,31833,2025-02-14 02:55:08,460,2,82657.34
12266,31833,2025-02-26 22:04:16,428,1,147572.66
12267,31838,2025-02-05 02:46:44,475,1,11694.47
12268,31841,2025-05-18 23:04:12,325,1,13982.87
12269,31841,2025-05-30 20:43:32,300,2,22261.76
12270,31843,2025-01-23 00:43:15,450,1,7501.43
12271,31844,2025-05-09 21:34:52,347,1,26954.74
12272,31845,2025-06-19 17:59:30,132,1,7791.77
12273,31846,2025-05-31 13:59:30,285,1,115911.82
12274,31848,2025-05-10 21:37:48,341,1,4466.97
12275,31851,2025-04-11 22:57:40,435,1,4498.66
12276,31851,2025-04-22 13:19:32,79,1,14294.87
12277,31857,2025-04-22 20:28:39,363,2,76052.74
12278,31860,2025-04-14 09:49:08,186,2,10165.66
12279,31865,2025-04-27 23:41:00,373,1,4993.75
12280,31873,2025-02-12 06:48:19,161,1,49810.77
12281,31874,2025-04-15 21:10:43,235,1,42017.2
12282,31878,2025-04-18 00:40:24,339,1,464.88
12283,31879,2025-02-12 19:36:17,423,1,19615.97
12284,31882,2025-06-28 17:41:09,58,1,33150.95
12285,31888,2025-04-14 05:20:42,174,1,2937.34
12286,31893,2025-03-17 17:16:30,23,1,24086.36
12287,31896,2025-01-12 02:42:11,384,1,4013.53
12288,31896,2025-01-18 13:37:16,46,1,115208.75
12289,31897,2025-05-18 13:15:56,2,1,19570.0
12290,31897,2025-06-16 03:34:44,9,1,6572.8
12291,31898,2025-01-13 01:27:25,11,2,111734.24
12292,31900,2025-06-12 17:51:54,283,1,38631.44
12293,31903,2025-02-16 07:59:42,141,3,234019.32
12294,31903,2025-03-03 04:58:11,313,1,11749.91
12295,31914,2025-03-14 18:21:16,238,1,20295.06
12296,31915,2025-05-15 13:11:30,68,1,47179.0
12297,31917,2025-04-25 09:35:45,322,1,5485.52
12298,31918,2025-06-27 19:00:56,381,2,18953.84
12299,31924,2025-04-09 06:11:31,46,2,230417.5
12300,31935,2025-02-05 07:24:25,308,2,21386.08
12301,31937,2025-05-28 06:35:39,140,2,99968.1
12302,31940,2025-01-01 08:18:37,44,1,6132.16
12303,31942,2025-02-11 09:42:45,369,2,28785.18
12304,31944,2025-03-13 14:12:10,126,1,15953.08
12305,31958,2025-01-25 15:00:35,293,1,3662.24
12306,31962,2025-03-10 16:11:15,86,1,95739.09
12307,31970,2025-04-30 16:23:59,222,2,16012.82
12308,31984,2025-05-26 07:26:31,180,1,22619.63
12309,31986,2025-06-06 16:33:56,285,1,115911.82
12310,31987,2025-01-17 12:45:15,494,1,495.37
12311,31988,2025-01-26 13:31:30,118,1,2075.07
12312,31990,2025-05-18 20:24:01,332,1,502.68
12313,31990,2025-05-29 00:18:20,226,1,1460.34
12314,31991,2025-02-11 14:14:49,492,1,8731.65
12315,31993,2025-02-23 20:16:10,25,1,2943.92
12316,31998,2025-06-18 19:38:07,445,1,1748.17
12317,32011,2025-03-28 05:45:27,273,1,8130.43
12318,32012,2025-05-27 20:38:13,1,2,14410.02
12319,32012,2025-05-31 01:45:43,8,2,4298.44
12320,32014,2025-01-12 20:12:24,2,1,19570.0
12321,32014,2025-01-27 17:13:25,62,1,20430.08
12322,32016,2025-06-07 17:56:23,145,1,5753.8
12323,32017,2025-06-04 12:00:53,437,1,1479.71
12324,32018,2025-02-02 21:23:49,235,3,126051.6
12325,32020,2025-01-19 17:38:44,451,2,13348.86
12326,32021,2025-05-10 11:42:29,163,1,7638.19
12327,32024,2025-01-11 15:45:31,207,2,61432.06
12328,32025,2025-03-24 18:26:43,51,3,31395.51
12329,32027,2025-03-21 03:13:40,161,2,99621.54
12330,32029,2025-01-19 13:36:56,108,2,10541.66
12331,32031,2025-06-17 02:38:41,214,1,20873.19
12332,32033,2025-03-18 05:26:14,428,2,295145.32
12333,32034,2025-05-22 13:09:18,278,1,12926.7
12334,32042,2025-03-14 20:47:16,75,1,12610.21
12335,32045,2025-04-25 22:42:29,209,1,38411.37
12336,32045,2025-05-11 16:06:08,123,3,112318.77
12337,32051,2025-05-30 01:24:29,236,2,39178.88
12338,32052,2025-01-21 21:15:36,351,1,2039.17
12339,32053,2025-05-27 05:35:01,347,1,26954.74
12340,32055,2025-05-07 18:59:14,15,1,9205.01
12341,32055,2025-05-22 08:46:55,4,1,110986.96
12342,32059,2025-03-23 17:17:23,373,1,4993.75
12343,32064,2025-05-28 15:21:07,96,1,1401.59
12344,32066,2025-04-03 01:48:14,155,1,27789.39
12345,32068,2025-04-04 19:20:56,385,1,347.25
12346,32068,2025-05-05 10:05:35,466,1,31559.05
12347,32070,2025-05-13 21:29:08,18,1,1846.66
12348,32074,2025-04-25 02:18:20,191,1,36768.02
12349,32075,2025-05-30 10:17:49,314,1,6987.52
12350,32076,2025-04-14 22:31:53,455,1,3164.97
12351,32076,2025-05-02 11:21:00,258,1,4584.18
12352,32077,2025-03-20 12:14:24,197,2,2216.38
12353,32079,2025-06-03 19:05:21,99,1,58745.84
12354,32080,2025-01-06 22:01:32,241,2,22337.64
12355,32080,2025-01-11 01:30:45,136,1,2438.57
12356,32086,2025-06-12 00:22:17,157,2,207091.52
12357,32087,2025-03-09 07:57:09,74,3,73180.08
12358,32088,2025-01-13 22:24:16,341,2,8933.94
12359,32096,2025-06-05 21:34:47,490,1,12740.04
12360,32097,2025-06-25 08:11:39,309,1,2510.1
12361,32101,2025-04-11 01:33:19,307,2,45516.54
12362,32103,2025-04-27 10:14:29,385,1,347.25
12363,32109,2025-03-14 07:09:46,441,1,1146.71
12364,32109,2025-03-31 18:42:39,362,2,1078.4
12365,32112,2025-06-14 06:07:04,220,1,2583.92
12366,32119,2025-01-08 10:32:24,212,2,210406.84
12367,32123,2025-03-18 15:49:57,92,1,3738.51
12368,32133,2025-04-03 09:01:16,457,1,32494.5
12369,32134,2025-04-26 09:54:49,82,2,24783.08
12370,32135,2025-03-21 12:53:53,56,1,29155.33
12371,32137,2025-06-01 10:25:49,437,2,2959.42
12372,32139,2025-02-20 03:20:48,465,1,17429.18
12373,32140,2025-03-03 21:45:03,285,1,115911.82
12374,32141,2025-05-25 19:31:50,181,1,11869.76
12375,32141,2025-05-29 13:08:20,341,2,8933.94
12376,32155,2025-03-22 05:34:26,498,1,13866.8
12377,32156,2025-03-11 06:32:10,275,2,6614.96
12378,32156,2025-03-19 00:54:42,184,2,5940.28
12379,32157,2025-01-02 21:46:06,97,1,623.51
12380,32158,2025-03-20 04:23:34,198,1,7794.51
12381,32164,2025-02-21 01:39:00,90,1,93514.94
12382,32170,2025-04-08 09:46:54,148,1,129106.55
12383,32175,2025-03-09 14:53:39,39,3,59160.12
12384,32179,2025-06-02 08:47:49,449,1,651.83
12385,32180,2025-03-21 03:02:37,27,1,1626.81
12386,32188,2025-04-25 06:35:30,125,1,20320.95
12387,32193,2025-02-17 05:24:28,370,2,37808.82
12388,32193,2025-03-06 00:01:54,202,1,2128.85
12389,32193,2025-04-03 22:53:55,368,1,49977.44
12390,32198,2025-04-10 02:01:15,310,1,1082.78
12391,32198,2025-04-14 22:54:49,40,1,1173.14
12392,32202,2025-04-27 12:20:45,489,2,16663.02
12393,32206,2025-06-11 07:12:39,7,1,1408.94
12394,32209,2025-05-25 15:26:23,272,1,11789.2
12395,32212,2025-01-30 10:54:45,274,1,21627.09
12396,32214,2025-02-17 01:42:38,83,1,20559.25
12397,32217,2025-06-26 14:17:11,43,2,23464.6
12398,32218,2025-06-20 02:10:51,28,1,10248.86
12399,32220,2025-01-24 09:02:23,490,1,12740.04
12400,32225,2025-04-16 09:29:12,117,1,1496.44
12401,32226,2025-02-24 22:29:25,352,1,29524.41
12402,32229,2025-04-27 23:44:27,419,3,74158.83
12403,32230,2025-03-20 04:10:27,205,1,14938.64
12404,32230,2025-04-08 14:28:35,483,1,43632.67
12405,32232,2025-02-23 13:40:11,196,1,1179.56
12406,32235,2025-05-23 03:11:59,277,3,403317.84
12407,32236,2025-03-25 09:56:52,222,1,8006.41
12408,32242,2025-01-19 19:22:08,168,1,9504.82
12409,32243,2025-04-10 23:54:20,260,1,13781.16
12410,32245,2025-02-16 10:00:15,67,2,6491.1
12411,32251,2025-01-10 04:56:02,171,2,30188.74
12412,32252,2025-06-20 08:20:33,155,1,27789.39
12413,32262,2025-05-16 10:01:52,184,1,2970.14
12414,32264,2025-03-27 01:46:17,171,2,30188.74
12415,32264,2025-05-03 10:35:05,264,1,4577.56
12416,32268,2025-03-17 16:08:23,77,1,70509.53
12417,32269,2025-03-21 08:25:21,35,1,3087.93
12418,32272,2025-06-22 16:01:25,349,1,12041.93
12419,32273,2025-06-09 09:51:00,16,2,8319.92
12420,32276,2025-05-17 18:34:37,381,2,18953.84
12421,32277,2025-04-20 08:05:14,99,1,58745.84
12422,32280,2025-05-18 18:12:29,72,1,43803.67
12423,32281,2025-03-18 18:48:28,103,3,126985.83
12424,32290,2025-03-05 02:26:35,264,1,4577.56
12425,32295,2025-05-04 04:57:59,347,1,26954.74
12426,32298,2025-03-13 23:15:10,53,1,67150.12
12427,32300,2025-04-08 14:44:34,96,1,1401.59
12428,32300,2025-04-12 08:37:31,374,1,10459.29
12429,32301,2025-04-04 18:20:42,34,1,2098.05
12430,32305,2025-02-25 12:36:31,23,2,48172.72
12431,32306,2025-04-10 03:08:03,127,1,37875.42
12432,32307,2025-03-31 01:43:14,102,1,25792.01
12433,32307,2025-04-09 20:04:41,273,2,16260.86
12434,32307,2025-05-01 12:45:06,179,1,113736.5
12435,32312,2025-03-19 17:37:23,436,1,18344.93
12436,32312,2025-04-04 09:20:34,400,1,24109.01
12437,32314,2025-02-01 16:44:38,29,2,147676.4
12438,32316,2025-02-21 01:25:56,378,1,15995.17
12439,32318,2025-03-03 23:48:49,91,1,115829.28
12440,32319,2025-03-06 03:07:55,69,1,7709.45
12441,32321,2025-02-13 17:00:33,279,3,35342.1
12442,32325,2025-01-05 22:55:53,113,2,15638.5
12443,32325,2025-01-16 05:34:13,379,1,29755.14
12444,32329,2025-01-03 09:09:15,383,2,221812.2
12445,32336,2025-03-08 08:34:45,98,1,12583.05
12446,32336,2025-03-23 00:40:17,101,1,19086.83
12447,32337,2025-04-12 09:44:55,374,1,10459.29
12448,32340,2025-03-11 12:37:12,430,3,73936.2
12449,32341,2025-02-06 18:56:41,200,3,23512.71
12450,32341,2025-02-20 12:23:47,500,1,101175.55
12451,32346,2025-04-06 13:51:31,94,3,28132.5
12452,32347,2025-06-09 19:59:05,282,1,1113.3
12453,32348,2025-03-15 05:14:50,319,1,29688.49
12454,32352,2025-03-01 12:03:34,32,3,21828.36
12455,32354,2025-03-29 12:28:18,345,1,24246.2
12456,32354,2025-04-11 02:36:15,418,3,49864.14
12457,32355,2025-02-28 08:11:10,301,2,88512.42
12458,32356,2025-02-05 14:37:27,366,1,9798.21
12459,32361,2025-04-02 14:52:11,415,1,4695.16
12460,32362,2025-06-25 19:42:05,141,1,78006.44
12461,32363,2025-03-02 00:12:03,209,1,38411.37
12462,32390,2025-02-09 16:14:48,445,1,1748.17
12463,32393,2025-03-25 06:18:19,200,3,23512.71
12464,32398,2025-06-21 11:01:43,52,1,4983.11
12465,32401,2025-05-15 06:22:42,111,1,1028.45
12466,32402,2025-05-02 01:19:25,349,1,12041.93
12467,32402,2025-05-09 11:50:02,295,1,13255.4
12468,32403,2025-02-13 12:04:07,393,2,26107.52
12469,32403,2025-03-06 22:40:52,251,1,8328.29
12470,32405,2025-06-02 03:28:15,121,1,8945.4
12471,32405,2025-06-11 07:36:17,143,1,13152.69
12472,32406,2025-03-31 04:20:14,134,1,3801.47
12473,32408,2025-01-22 06:20:59,427,1,4312.66
12474,32409,2025-06-27 09:25:56,48,1,5407.24
12475,32413,2025-02-19 08:16:00,318,1,19551.59
12476,32414,2025-04-28 10:24:07,177,2,12015.76
12477,32415,2025-05-06 04:23:39,221,1,14298.27
12478,32415,2025-05-22 04:27:44,455,2,6329.94
12479,32416,2025-05-19 10:48:56,301,1,44256.21
12480,32418,2025-03-01 19:24:49,426,1,24723.16
12481,32424,2025-02-03 23:50:04,53,1,67150.12
12482,32427,2025-01-17 11:12:43,432,1,16557.1
12483,32429,2025-06-05 04:25:44,30,1,43984.69
12484,32430,2025-04-24 16:25:31,203,1,13023.16
12485,32438,2025-02-17 03:22:30,401,3,35072.01
12486,32438,2025-02-20 12:52:12,480,2,70974.98
12487,32443,2025-05-31 12:22:34,306,1,4449.97
12488,32447,2025-06-23 20:48:10,492,1,8731.65
12489,32448,2025-06-26 17:30:45,103,2,84657.22
12490,32454,2025-06-20 05:38:00,295,1,13255.4
12491,32461,2025-01-23 18:06:28,292,2,19573.52
12492,32463,2025-02-08 04:57:09,301,1,44256.21
12493,32465,2025-02-20 16:27:27,183,1,5734.14
12494,32467,2025-05-27 03:53:21,218,1,94208.34
12495,32468,2025-06-08 03:36:38,148,2,258213.1
12496,32469,2025-05-13 13:52:42,491,2,1825.28
12497,32469,2025-05-20 19:43:42,408,1,8934.48
12498,32470,2025-01-15 02:35:14,263,1,38988.81
12499,32472,2025-04-13 08:20:26,296,1,108127.41
12500,32473,2025-04-11 03:44:52,153,2,2100.28
12501,32473,2025-05-01 16:58:01,194,1,1522.19
12502,32475,2025-03-20 00:02:42,420,1,3770.66
12503,32476,2025-06-22 05:22:32,43,1,11732.3
12504,32478,2025-06-12 22:10:00,398,2,18976.62
12505,32480,2025-03-13 16:58:50,414,1,20297.26
12506,32481,2025-06-26 17:06:06,103,1,42328.61
12507,32488,2025-03-26 06:33:46,305,1,2454.31
12508,32489,2025-05-30 19:08:20,124,2,8576.28
12509,32489,2025-06-12 07:12:59,223,2,22606.14
12510,32495,2025-01-08 06:12:59,168,2,19009.64
12511,32496,2025-01-29 12:48:20,433,1,10765.07
12512,32497,2025-02-24 15:08:08,440,2,6214.46
12513,32499,2025-01-13 21:48:40,467,1,82011.77
12514,32499,2025-01-29 13:13:51,432,1,16557.1
12515,32502,2025-01-20 18:27:29,310,2,2165.56
12516,32508,2025-06-09 17:51:22,332,1,502.68
12517,32508,2025-06-25 12:13:28,133,1,30464.02
12518,32510,2025-06-28 13:09:41,249,1,2728.95
12519,32511,2025-03-27 11:08:51,33,1,17762.94
12520,32512,2025-04-15 14:43:18,367,2,11491.14
12521,32512,2025-04-28 00:24:28,91,1,115829.28
12522,32513,2025-01-16 04:26:14,454,1,3744.31
12523,32515,2025-03-20 06:55:18,22,1,12590.38
12524,32515,2025-04-09 04:30:17,30,3,131954.07
12525,32515,2025-04-19 09:47:12,393,1,13053.76
12526,32518,2025-04-11 22:36:07,9,1,6572.8
12527,32521,2025-01-09 17:24:08,495,1,13165.95
12528,32529,2025-06-20 02:35:56,453,1,3275.21
12529,32530,2025-02-09 19:29:08,195,1,17742.05
12530,32533,2025-02-07 02:39:49,457,2,64989.0
12531,32536,2025-05-09 10:15:21,115,1,16709.38
12532,32537,2025-06-14 12:47:01,253,3,27785.31
12533,32539,2025-01-27 15:04:42,74,1,24393.36
12534,32539,2025-02-02 22:11:07,212,2,210406.84
12535,32551,2025-03-10 18:24:08,221,1,14298.27
12536,32554,2025-04-14 06:12:44,290,1,4390.34
12537,32554,2025-04-21 17:16:15,302,1,38776.55
12538,32556,2025-05-02 21:27:04,249,2,5457.9
12539,32556,2025-05-12 07:28:24,234,1,69647.59
12540,32559,2025-04-13 19:19:29,487,2,34249.2
12541,32560,2025-02-04 16:26:41,139,1,1008.61
12542,32560,2025-02-20 05:31:31,4,1,110986.96
12543,32562,2025-01-08 15:19:22,83,1,20559.25
12544,32568,2025-03-10 20:56:45,156,1,8339.09
12545,32568,2025-03-13 21:26:09,89,1,115692.18
12546,32568,2025-03-27 20:26:19,367,1,5745.57
12547,32570,2025-05-18 04:15:27,206,2,46015.12
12548,32572,2025-04-26 23:19:51,214,3,62619.57
12549,32573,2025-06-01 17:31:54,66,1,7734.16
12550,32574,2025-04-14 07:14:55,308,1,10693.04
12551,32581,2025-03-06 08:21:44,195,1,17742.05
12552,32585,2025-06-19 11:39:38,194,1,1522.19
12553,32588,2025-03-18 03:04:51,158,1,2196.76
12554,32589,2025-04-07 00:21:28,233,1,4628.25
12555,32589,2025-04-26 17:04:18,401,1,11690.67
12556,32590,2025-02-07 00:36:39,83,2,41118.5
12557,32592,2025-03-21 18:12:57,491,2,1825.28
12558,32600,2025-02-26 23:16:34,266,3,24001.86
12559,32607,2025-05-15 18:54:40,183,1,5734.14
12560,32609,2025-06-27 15:02:11,20,1,1778.75
12561,32613,2025-05-13 04:01:10,319,2,59376.98
12562,32614,2025-02-13 02:36:39,85,1,67271.34
12563,32614,2025-03-08 03:04:27,407,1,1432.1
12564,32615,2025-06-26 03:48:45,475,1,11694.47
12565,32616,2025-04-15 02:36:31,65,2,30197.48
12566,32621,2025-03-07 16:16:28,217,1,3789.89
12567,32625,2025-05-22 09:44:01,62,1,20430.08
12568,32626,2025-06-14 12:22:22,37,1,884.45
12569,32627,2025-06-11 09:04:03,75,2,25220.42
12570,32629,2025-06-04 22:31:07,273,1,8130.43
12571,32629,2025-06-10 01:19:40,166,1,15176.99
12572,32631,2025-02-14 09:44:31,200,2,15675.14
12573,32632,2025-06-01 15:19:34,98,2,25166.1
12574,32634,2025-02-13 03:21:45,432,2,33114.2
12575,32635,2025-01-27 22:54:30,25,1,2943.92
12576,32635,2025-02-01 03:01:14,332,3,1508.04
12577,32638,2025-04-14 07:59:23,335,1,6200.21
12578,32639,2025-01-20 07:52:59,39,1,19720.04
12579,32640,2025-04-10 03:56:25,109,1,13239.59
12580,32647,2025-01-17 22:35:17,465,1,17429.18
12581,32653,2025-04-01 09:17:14,153,1,1050.14
12582,32655,2025-04-08 00:57:09,442,1,27027.64
12583,32658,2025-06-09 07:05:20,488,1,32780.58
12584,32659,2025-04-10 06:46:49,162,3,19941.09
12585,32660,2025-06-20 05:22:50,357,1,136130.58
12586,32669,2025-04-09 00:40:17,137,1,47310.53
12587,32671,2025-02-07 05:55:57,441,1,1146.71
12588,32675,2025-05-25 05:17:34,379,1,29755.14
12589,32677,2025-06-26 22:21:15,420,1,3770.66
12590,32678,2025-05-05 05:05:13,490,2,25480.08
12591,32681,2025-05-22 07:09:41,20,1,1778.75
12592,32683,2025-04-22 00:48:35,371,1,23547.53
12593,32693,2025-05-04 22:02:10,105,1,7627.67
12594,32698,2025-02-20 02:06:19,46,1,115208.75
12595,32699,2025-04-17 13:37:11,422,1,8047.95
12596,32701,2025-03-06 05:30:46,478,1,37666.35
12597,32702,2025-06-07 09:47:24,31,1,2221.64
12598,32708,2025-05-30 01:58:12,54,1,4159.48
12599,32717,2025-02-08 20:54:33,6,2,9259.72
12600,32717,2025-02-22 23:59:44,406,1,24419.24
12601,32720,2025-04-10 12:46:04,389,2,6439.7
12602,32723,2025-01-28 05:29:49,443,1,19089.94
12603,32724,2025-06-10 10:05:46,266,1,8000.62
12604,32725,2025-05-02 18:47:33,256,1,547.58
12605,32727,2025-02-26 11:53:51,80,1,124124.35
12606,32729,2025-03-16 07:47:06,360,1,10778.02
12607,32735,2025-03-08 15:32:19,293,1,3662.24
12608,32736,2025-05-29 06:43:58,269,1,115514.93
12609,32739,2025-06-08 12:58:15,156,3,25017.27
12610,32743,2025-02-04 14:46:15,284,2,21340.64
12611,32743,2025-03-06 12:33:52,28,1,10248.86
12612,32743,2025-03-23 11:56:24,194,1,1522.19
12613,32744,2025-05-23 07:16:34,306,1,4449.97
12614,32746,2025-04-08 14:05:58,244,1,3774.78
12615,32747,2025-01-26 00:17:11,11,1,55867.12
12616,32747,2025-01-31 07:57:46,36,2,35117.54
12617,32752,2025-05-07 08:59:16,190,1,27317.1
12618,32752,2025-05-17 00:59:22,55,1,24029.51
12619,32752,2025-06-05 05:31:03,492,1,8731.65
12620,32753,2025-03-31 10:41:45,90,1,93514.94
12621,32755,2025-03-17 12:40:50,493,1,17276.96
12622,32755,2025-04-08 10:50:41,345,1,24246.2
12623,32756,2025-05-11 23:35:10,265,1,7512.87
12624,32759,2025-03-31 01:32:53,438,2,10826.8
12625,32763,2025-05-05 03:39:13,254,1,16059.76
12626,32764,2025-06-04 16:49:40,415,1,4695.16
12627,32766,2025-04-04 02:16:59,344,1,21107.94
12628,32766,2025-04-11 10:24:03,264,1,4577.56
12629,32768,2025-06-12 12:08:52,231,1,2920.42
12630,32772,2025-05-19 18:17:50,35,1,3087.93
12631,32777,2025-03-20 20:00:30,38,1,12400.94
12632,32778,2025-05-31 23:18:47,51,1,10465.17
12633,32781,2025-02-26 02:28:28,302,3,116329.65
12634,32782,2025-01-28 11:13:59,450,1,7501.43
12635,32786,2025-04-06 13:06:54,220,3,7751.76
12636,32789,2025-02-21 21:26:25,288,2,22518.26
12637,32798,2025-02-13 14:59:27,89,3,347076.54
12638,32804,2025-06-03 01:21:35,221,3,42894.81
12639,32810,2025-04-10 11:17:48,110,2,36883.64
12640,32810,2025-05-01 07:04:06,468,1,141578.31
12641,32812,2025-02-28 03:58:09,438,2,10826.8
12642,32814,2025-03-26 07:52:12,87,1,23788.74
12643,32819,2025-04-16 04:12:26,206,1,23007.56
12644,32827,2025-06-04 20:34:22,492,1,8731.65
12645,32828,2025-04-18 00:20:41,45,1,25096.16
12646,32844,2025-02-22 15:58:40,392,1,3931.31
12647,32846,2025-01-23 20:52:27,498,1,13866.8
12648,32846,2025-02-14 02:18:05,316,1,5050.1
12649,32850,2025-05-18 23:46:09,232,2,6427.8
12650,32852,2025-03-19 11:55:50,35,1,3087.93
12651,32853,2025-04-23 15:01:24,102,1,25792.01
12652,32857,2025-05-25 15:20:19,208,1,3468.77
12653,32862,2025-04-27 13:27:19,250,1,20800.98
12654,32864,2025-04-28 11:57:27,218,1,94208.34
12655,32867,2025-04-18 13:56:37,160,2,27653.06
12656,32868,2025-04-10 04:07:56,500,1,101175.55
12657,32872,2025-01-27 17:12:37,144,1,21135.77
12658,32875,2025-01-08 07:19:07,356,2,6675.8
12659,32875,2025-01-19 11:14:52,122,2,48621.04
12660,32876,2025-06-21 03:06:03,100,3,52724.85
12661,32878,2025-01-16 06:18:38,305,2,4908.62
12662,32881,2025-04-03 20:36:56,277,1,134439.28
12663,32884,2025-02-19 22:15:02,375,1,2797.37
12664,32886,2025-05-02 02:37:15,363,1,38026.37
12665,32888,2025-05-08 22:04:39,156,1,8339.09
12666,32888,2025-05-17 11:15:05,166,1,15176.99
12667,32889,2025-04-10 18:35:20,148,2,258213.1
12668,32891,2025-02-02 01:48:30,322,1,5485.52
12669,32893,2025-05-26 01:58:24,405,1,20089.63
12670,32894,2025-01-18 06:50:31,55,2,48059.02
12671,32896,2025-03-04 22:55:48,186,3,15248.49
12672,32896,2025-04-08 00:20:51,156,1,8339.09
12673,32897,2025-01-18 18:27:33,99,1,58745.84
12674,32898,2025-02-23 16:37:53,459,2,5392.06
12675,32899,2025-04-22 12:28:01,14,1,3902.87
12676,32905,2025-05-14 20:15:27,367,1,5745.57
12677,32906,2025-03-20 17:05:58,474,1,15410.11
12678,32908,2025-04-17 07:14:00,97,2,1247.02
12679,32909,2025-05-18 14:02:51,362,1,539.2
12680,32909,2025-06-01 11:57:19,37,1,884.45
12681,32910,2025-05-06 12:16:43,304,1,149568.6
12682,32911,2025-04-15 08:35:03,402,1,19649.25
12683,32914,2025-04-23 18:34:23,256,1,547.58
12684,32920,2025-03-31 21:00:41,115,1,16709.38
12685,32934,2025-06-25 05:06:53,67,1,3245.55
12686,32935,2025-06-06 05:32:02,102,1,25792.01
12687,32937,2025-03-31 04:55:58,71,1,4426.79
12688,32945,2025-05-07 14:43:41,359,2,15386.14
12689,32946,2025-04-19 01:19:05,407,1,1432.1
12690,32952,2025-02-11 06:09:49,119,1,9009.08
12691,32953,2025-05-16 17:20:54,483,2,87265.34
12692,32958,2025-06-11 01:25:31,26,1,10901.13
12693,32959,2025-05-16 05:33:50,88,1,38903.03
12694,32960,2025-03-08 10:28:30,29,1,73838.2
12695,32961,2025-02-16 05:31:01,323,2,42754.58
12696,32961,2025-02-27 01:50:17,114,2,7668.0
12697,32964,2025-02-01 18:46:23,238,1,20295.06
12698,32965,2025-05-10 22:49:22,378,1,15995.17
12699,32969,2025-03-08 01:38:41,88,2,77806.06
12700,32969,2025-03-19 08:54:08,6,1,4629.86
12701,32974,2025-06-25 12:18:52,307,1,22758.27
12702,32975,2025-06-02 22:13:05,89,1,115692.18
12703,32978,2025-03-21 23:23:06,345,1,24246.2
12704,32979,2025-02-08 02:20:18,331,2,21448.86
12705,32980,2025-02-27 16:18:49,490,1,12740.04
12706,32984,2025-02-07 20:26:24,55,3,72088.53
12707,32994,2025-06-20 23:28:20,157,1,103545.76
12708,32999,2025-05-15 13:01:11,313,1,11749.91
12709,33004,2025-04-16 09:05:33,243,1,2252.58
12710,33005,2025-01-24 10:32:28,404,1,13845.68
12711,33005,2025-02-15 03:40:32,335,1,6200.21
12712,33008,2025-01-04 01:29:40,1,2,14410.02
12713,33010,2025-03-24 08:00:19,304,1,149568.6
12714,33022,2025-03-10 01:40:36,34,1,2098.05
12715,33028,2025-03-26 12:25:33,49,1,3584.0
12716,33035,2025-06-23 04:51:51,102,1,25792.01
12717,33036,2025-04-03 21:49:20,161,1,49810.77
12718,33037,2025-04-22 17:57:02,417,1,32512.83
12719,33039,2025-01-23 13:34:20,80,3,372373.05
12720,33043,2025-01-07 08:58:27,484,1,92913.94
12721,33044,2025-01-05 12:56:04,46,1,115208.75
12722,33046,2025-02-20 15:08:31,396,2,221064.42
12723,33047,2025-03-17 13:29:35,84,1,2448.39
12724,33048,2025-04-30 23:54:13,223,1,11303.07
12725,33048,2025-05-15 23:45:59,4,1,110986.96
12726,33049,2025-05-30 02:46:39,175,1,81468.72
12727,33054,2025-05-02 23:53:11,89,2,231384.36
12728,33055,2025-06-02 02:03:00,284,1,10670.32
12729,33056,2025-03-19 14:39:10,451,1,6674.43
12730,33057,2025-02-23 15:15:55,474,1,15410.11
12731,33064,2025-01-23 11:11:54,268,1,7387.83
12732,33067,2025-05-07 04:43:26,114,1,3834.0
12733,33067,2025-05-11 05:38:14,459,1,2696.03
12734,33067,2025-05-22 16:08:21,113,1,7819.25
12735,33068,2025-04-27 03:44:37,354,3,41679.15
12736,33069,2025-05-10 07:25:48,379,3,89265.42
12737,33070,2025-04-03 05:26:09,276,1,4843.01
12738,33077,2025-02-10 14:23:27,67,1,3245.55
12739,33078,2025-01-30 00:01:27,62,1,20430.08
12740,33078,2025-03-01 09:01:19,213,1,14323.4
12741,33080,2025-04-02 17:35:11,83,1,20559.25
12742,33081,2025-04-26 14:01:54,262,2,74114.38
12743,33086,2025-03-20 21:46:55,448,1,18494.26
12744,33092,2025-04-14 10:20:04,468,1,141578.31
12745,33093,2025-03-22 10:07:00,280,1,16802.32
12746,33096,2025-03-24 17:27:52,286,1,3189.98
12747,33108,2025-04-20 21:30:49,327,1,8222.53
12748,33108,2025-05-04 00:48:46,206,1,23007.56
12749,33111,2025-06-01 21:15:10,292,1,9786.76
12750,33118,2025-03-29 13:36:23,17,1,20450.91
12751,33118,2025-04-16 09:44:34,178,1,122025.22
12752,33118,2025-04-24 16:46:24,362,1,539.2
12753,33118,2025-04-29 09:48:04,429,1,2789.86
12754,33119,2025-05-21 19:20:20,1,1,7205.01
12755,33121,2025-02-25 17:07:02,52,1,4983.11
12756,33122,2025-03-12 18:16:45,303,1,1454.24
12757,33125,2025-02-23 00:18:20,124,1,4288.14
12758,33125,2025-02-28 09:44:08,151,1,10165.09
12759,33131,2025-02-26 18:26:36,145,1,5753.8
12760,33134,2025-02-20 03:38:20,110,1,18441.82
12761,33135,2025-06-22 08:04:30,495,1,13165.95
12762,33136,2025-01-16 11:09:15,294,1,34584.69
12763,33141,2025-01-27 19:23:06,143,1,13152.69
12764,33144,2025-05-05 23:13:40,343,1,71441.06
12765,33145,2025-04-26 16:25:11,317,1,2354.88
12766,33146,2025-03-05 15:37:58,38,1,12400.94
12767,33147,2025-06-04 01:20:15,80,1,124124.35
12768,33149,2025-03-04 14:37:58,122,1,24310.52
12769,33150,2025-06-12 22:35:39,208,1,3468.77
12770,33152,2025-06-29 16:51:05,340,1,86475.35
12771,33153,2025-02-21 09:43:06,88,2,77806.06
12772,33159,2025-05-06 12:04:14,254,1,16059.76
12773,33159,2025-06-04 19:17:48,49,1,3584.0
12774,33161,2025-03-01 03:34:19,78,2,298965.4
12775,33167,2025-06-11 12:22:19,245,1,15399.15
12776,33174,2025-02-05 22:19:50,440,1,3107.23
12777,33175,2025-02-14 22:11:41,46,1,115208.75
12778,33176,2025-01-17 09:16:03,268,1,7387.83
12779,33178,2025-04-14 03:14:40,134,2,7602.94
12780,33179,2025-04-11 01:54:41,361,1,13985.68
12781,33182,2025-05-21 04:12:41,311,1,90815.28
12782,33184,2025-04-06 13:42:34,245,1,15399.15
12783,33191,2025-05-22 19:44:52,35,2,6175.86
12784,33193,2025-06-21 09:43:05,454,1,3744.31
12785,33201,2025-02-04 05:09:23,265,1,7512.87
12786,33201,2025-02-13 13:59:17,198,1,7794.51
12787,33203,2025-06-26 05:54:00,380,1,19492.66
12788,33204,2025-06-04 08:04:03,69,2,15418.9
12789,33207,2025-01-27 17:39:34,185,3,38970.87
12790,33210,2025-02-23 15:58:58,466,3,94677.15
12791,33217,2025-04-03 22:16:11,322,2,10971.04
12792,33218,2025-03-01 17:21:53,242,2,18570.78
12793,33219,2025-06-27 20:30:03,351,1,2039.17
12794,33221,2025-04-11 04:42:28,47,1,6372.46
12795,33223,2025-02-14 19:44:44,351,1,2039.17
12796,33225,2025-05-03 02:57:34,41,1,8500.67
12797,33225,2025-06-13 09:42:26,70,1,5458.68
12798,33227,2025-06-24 02:52:39,317,1,2354.88
12799,33228,2025-04-14 03:32:23,223,1,11303.07
12800,33228,2025-04-28 21:38:44,271,2,71163.66
12801,33230,2025-03-10 20:50:42,62,1,20430.08
12802,33231,2025-04-02 12:47:56,168,1,9504.82
12803,33232,2025-06-12 16:18:17,384,1,4013.53
12804,33233,2025-05-03 12:13:39,193,2,66056.82
12805,33235,2025-06-27 07:42:47,290,1,4390.34
12806,33243,2025-03-10 21:39:29,30,1,43984.69
12807,33247,2025-03-02 13:42:10,77,1,70509.53
12808,33248,2025-03-30 00:33:54,464,2,56521.26
12809,33250,2025-02-16 21:01:43,244,1,3774.78
12810,33254,2025-04-22 15:36:59,247,1,9897.75
12811,33254,2025-05-27 12:44:01,35,1,3087.93
12812,33255,2025-01-14 06:23:21,100,1,17574.95
12813,33255,2025-01-22 03:18:28,378,1,15995.17
12814,33257,2025-01-22 18:05:41,195,1,17742.05
12815,33260,2025-05-25 11:40:57,270,1,514.56
12816,33260,2025-06-07 09:23:26,86,1,95739.09
12817,33264,2025-01-27 08:58:20,471,1,29952.23
12818,33269,2025-06-17 07:31:21,349,1,12041.93
12819,33272,2025-06-16 21:53:21,92,1,3738.51
12820,33275,2025-03-30 06:29:02,28,1,10248.86
12821,33277,2025-05-25 18:00:55,221,1,14298.27
12822,33277,2025-06-24 19:18:23,247,1,9897.75
12823,33278,2025-04-27 02:24:19,254,1,16059.76
12824,33282,2025-04-27 12:08:14,493,1,17276.96
12825,33283,2025-03-08 07:22:16,103,3,126985.83
12826,33287,2025-04-03 00:23:37,50,1,9054.04
12827,33288,2025-01-15 12:06:43,321,1,133685.08
12828,33292,2025-01-17 18:29:56,31,1,2221.64
12829,33294,2025-04-25 00:18:36,109,1,13239.59
12830,33296,2025-02-26 17:29:20,455,1,3164.97
12831,33299,2025-05-18 11:28:30,107,2,23695.14
12832,33300,2025-03-15 00:12:19,313,1,11749.91
12833,33301,2025-05-01 10:49:44,384,1,4013.53
12834,33302,2025-03-06 00:45:12,64,1,23300.53
12835,33303,2025-02-09 17:23:50,432,1,16557.1
12836,33305,2025-05-23 10:30:56,89,1,115692.18
12837,33306,2025-03-06 08:39:34,141,1,78006.44
12838,33310,2025-02-09 14:43:44,146,1,9446.45
12839,33312,2025-02-13 10:21:25,205,1,14938.64
12840,33312,2025-02-20 17:08:09,391,1,7481.06
12841,33312,2025-03-08 05:08:50,118,1,2075.07
12842,33314,2025-06-13 19:15:28,13,1,2692.52
12843,33321,2025-02-06 13:51:51,307,2,45516.54
12844,33322,2025-02-20 03:23:07,408,1,8934.48
12845,33327,2025-05-31 05:56:17,37,1,884.45
12846,33332,2025-02-10 19:28:56,140,1,49984.05
12847,33335,2025-03-01 15:00:29,194,1,1522.19
12848,33338,2025-04-10 14:02:29,84,1,2448.39
12849,33338,2025-04-21 22:55:50,193,1,33028.41
12850,33339,2025-02-11 15:50:45,45,2,50192.32
12851,33342,2025-02-12 20:16:32,499,1,3999.82
12852,33348,2025-05-15 03:53:12,91,1,115829.28
12853,33351,2025-05-25 08:17:37,383,1,110906.1
12854,33352,2025-05-18 03:41:23,156,1,8339.09
12855,33356,2025-03-18 14:01:53,150,2,39612.3
12856,33375,2025-03-17 17:37:12,371,1,23547.53
12857,33377,2025-04-24 22:22:02,8,1,2149.22
12858,33378,2025-02-03 10:50:37,181,1,11869.76
12859,33379,2025-02-18 11:52:18,397,1,38138.57
12860,33381,2025-06-07 18:20:21,335,1,6200.21
12861,33381,2025-06-12 07:55:17,257,1,2435.84
12862,33384,2025-05-09 01:12:55,144,1,21135.77
12863,33385,2025-06-08 07:04:15,358,1,8037.68
12864,33386,2025-04-06 07:19:59,216,1,43283.26
12865,33387,2025-03-28 06:16:20,380,2,38985.32
12866,33389,2025-03-07 18:24:19,392,2,7862.62
12867,33391,2025-04-02 13:48:22,452,1,17758.26
12868,33393,2025-02-07 15:39:14,484,1,92913.94
12869,33394,2025-01-11 14:31:16,78,1,149482.7
12870,33394,2025-01-24 11:14:44,244,1,3774.78
12871,33399,2025-01-12 19:14:21,331,1,10724.43
12872,33399,2025-02-01 14:45:12,148,1,129106.55
12873,33401,2025-02-15 20:14:32,42,2,70810.56
12874,33401,2025-03-15 15:20:01,68,1,47179.0
12875,33406,2025-03-26 01:26:19,96,2,2803.18
12876,33406,2025-04-04 14:38:27,351,1,2039.17
12877,33411,2025-05-07 00:42:32,283,1,38631.44
12878,33412,2025-04-30 02:40:54,220,1,2583.92
12879,33414,2025-03-23 00:45:51,430,3,73936.2
12880,33415,2025-04-01 21:55:34,452,1,17758.26
12881,33416,2025-03-08 00:09:32,181,1,11869.76
12882,33416,2025-03-11 12:33:18,234,1,69647.59
12883,33423,2025-06-18 16:48:49,142,3,30861.57
12884,33425,2025-05-31 06:15:42,242,1,9285.39
12885,33428,2025-02-28 19:34:57,484,1,92913.94
12886,33429,2025-01-26 03:33:12,52,1,4983.11
12887,33432,2025-05-03 16:03:20,387,1,28854.36
12888,33433,2025-06-05 17:22:53,406,1,24419.24
12889,33433,2025-06-13 17:31:48,307,2,45516.54
12890,33434,2025-02-16 04:33:36,159,2,61544.26
12891,33438,2025-02-03 03:51:47,310,1,1082.78
12892,33441,2025-04-27 17:35:18,437,1,1479.71
12893,33451,2025-02-19 14:03:42,284,2,21340.64
12894,33453,2025-04-18 07:45:52,272,1,11789.2
12895,33454,2025-03-30 11:22:02,325,2,27965.74
12896,33455,2025-01-14 12:17:21,285,2,231823.64
12897,33457,2025-05-15 07:10:21,117,3,4489.32
12898,33458,2025-02-05 18:27:37,203,1,13023.16
12899,33461,2025-03-28 10:08:02,153,1,1050.14
12900,33462,2025-06-09 05:43:42,344,2,42215.88
12901,33464,2025-03-12 07:15:00,58,2,66301.9
12902,33466,2025-01-24 04:10:02,104,2,39382.48
12903,33473,2025-05-10 15:46:26,290,1,4390.34
12904,33482,2025-02-02 11:22:43,284,1,10670.32
12905,33483,2025-02-27 12:38:47,312,1,24505.73
12906,33484,2025-03-09 08:41:22,326,1,81782.53
12907,33486,2025-03-20 04:03:14,406,1,24419.24
12908,33488,2025-01-18 09:09:07,24,1,1604.34
12909,33491,2025-02-04 08:39:48,146,1,9446.45
12910,33499,2025-06-11 06:59:57,349,2,24083.86
12911,33502,2025-02-28 17:03:28,356,1,3337.9
12912,33509,2025-01-26 08:05:38,99,2,117491.68
12913,33509,2025-02-06 08:06:21,156,2,16678.18
12914,33510,2025-01-26 21:03:07,306,2,8899.94
12915,33511,2025-02-01 09:09:46,430,1,24645.4
12916,33511,2025-02-09 10:53:15,238,1,20295.06
12917,33516,2025-06-06 07:28:54,178,1,122025.22
12918,33516,2025-06-19 01:12:09,183,1,5734.14
12919,33524,2025-01-28 14:03:38,361,1,13985.68
12920,33526,2025-06-03 11:25:39,167,1,26417.09
12921,33531,2025-01-29 12:54:34,308,1,10693.04
12922,33532,2025-03-01 08:11:40,104,1,19691.24
12923,33535,2025-03-23 16:41:28,361,1,13985.68
12924,33536,2025-02-13 14:25:24,402,1,19649.25
12925,33540,2025-05-24 03:50:28,11,1,55867.12
12926,33540,2025-06-30 00:53:40,383,1,110906.1
12927,33543,2025-06-14 14:54:36,143,1,13152.69
12928,33547,2025-04-18 01:21:19,268,1,7387.83
12929,33549,2025-05-23 00:46:28,463,2,12770.44
12930,33549,2025-05-27 23:00:49,31,1,2221.64
12931,33551,2025-03-26 09:32:22,78,1,149482.7
12932,33557,2025-05-18 19:04:52,158,1,2196.76
12933,33558,2025-04-21 01:46:30,135,2,27301.5
12934,33562,2025-03-22 12:28:35,87,1,23788.74
12935,33566,2025-06-12 06:10:15,82,3,37174.62
12936,33566,2025-06-17 01:24:07,175,2,162937.44
12937,33567,2025-04-30 03:18:47,50,1,9054.04
12938,33569,2025-02-06 09:59:55,494,3,1486.11
12939,33574,2025-03-18 12:28:02,185,1,12990.29
12940,33575,2025-05-06 11:48:58,123,1,37439.59
12941,33577,2025-02-14 06:01:13,167,1,26417.09
12942,33577,2025-02-17 18:53:52,160,1,13826.53
12943,33577,2025-03-22 04:27:32,407,1,1432.1
12944,33580,2025-06-29 15:53:13,81,1,47864.88
12945,33581,2025-04-10 07:10:57,388,1,37608.5
12946,33582,2025-01-30 16:36:37,363,1,38026.37
12947,33588,2025-04-08 17:36:22,185,1,12990.29
12948,33594,2025-04-05 07:21:40,67,1,3245.55
12949,33598,2025-04-30 23:01:17,258,2,9168.36
12950,33598,2025-06-10 16:43:14,207,1,30716.03
12951,33602,2025-03-26 15:28:38,87,2,47577.48
12952,33603,2025-03-29 18:46:13,318,1,19551.59
12953,33607,2025-05-22 21:57:55,459,1,2696.03
12954,33608,2025-02-26 21:22:10,59,2,86933.94
12955,33614,2025-03-02 20:03:57,430,1,24645.4
12956,33621,2025-06-19 00:14:25,130,1,16268.89
12957,33621,2025-06-27 01:09:54,327,1,8222.53
12958,33622,2025-01-22 18:43:33,299,2,18370.88
12959,33623,2025-06-05 00:06:23,432,1,16557.1
12960,33625,2025-01-23 05:13:23,281,1,8575.04
12961,33626,2025-01-27 01:28:50,197,2,2216.38
12962,33628,2025-02-17 16:05:24,323,1,21377.29
12963,33628,2025-02-23 16:42:15,371,1,23547.53
12964,33631,2025-04-15 06:30:05,218,3,282625.02
12965,33634,2025-01-25 23:59:29,51,1,10465.17
12966,33636,2025-06-15 08:13:03,484,1,92913.94
12967,33642,2025-06-29 05:46:53,343,1,71441.06
12968,33643,2025-06-16 00:36:31,436,2,36689.86
12969,33656,2025-04-08 22:49:54,292,1,9786.76
12970,33657,2025-02-27 16:04:33,459,1,2696.03
12971,33658,2025-05-22 18:40:18,274,2,43254.18
12972,33660,2025-06-11 11:33:59,133,1,30464.02
12973,33660,2025-06-22 22:47:41,277,1,134439.28
12974,33664,2025-02-11 02:26:47,281,1,8575.04
12975,33669,2025-05-01 08:56:47,80,1,124124.35
12976,33674,2025-04-27 19:25:45,61,1,102219.65
12977,33674,2025-05-17 01:39:20,321,1,133685.08
12978,33682,2025-01-21 18:36:10,199,1,130009.3
12979,33682,2025-02-03 19:31:24,50,2,18108.08
12980,33684,2025-02-05 17:25:24,159,2,61544.26
12981,33685,2025-01-31 20:29:32,294,2,69169.38
12982,33687,2025-04-25 05:27:13,178,1,122025.22
12983,33688,2025-03-18 19:58:42,305,1,2454.31
12984,33690,2025-02-20 01:11:59,158,1,2196.76
12985,33693,2025-04-22 21:53:33,91,1,115829.28
12986,33695,2025-02-19 06:57:02,347,1,26954.74
12987,33696,2025-02-02 10:17:26,334,1,4204.59
12988,33696,2025-02-11 10:23:21,3,1,10094.67
12989,33698,2025-03-12 19:56:47,74,1,24393.36
12990,33699,2025-06-19 03:48:57,352,1,29524.41
12991,33700,2025-03-10 03:00:02,492,2,17463.3
12992,33711,2025-02-20 13:40:44,340,2,172950.7
12993,33716,2025-06-18 14:03:14,333,1,4180.46
12994,33718,2025-06-26 17:03:14,11,2,111734.24
12995,33725,2025-06-22 16:55:52,38,1,12400.94
12996,33727,2025-02-10 14:19:22,111,1,1028.45
12997,33731,2025-03-30 19:48:23,116,1,13895.24
12998,33731,2025-04-21 16:07:30,271,2,71163.66
12999,33731,2025-05-08 16:51:21,314,1,6987.52
13000,33736,2025-03-01 17:09:53,254,1,16059.76
13001,33739,2025-04-12 18:09:56,40,2,2346.28
13002,33742,2025-05-09 08:11:45,150,2,39612.3
13003,33744,2025-06-30 13:23:30,479,2,34124.1
13004,33748,2025-04-22 07:21:51,347,1,26954.74
13005,33748,2025-04-26 20:07:50,101,1,19086.83
13006,33749,2025-01-08 05:05:21,105,1,7627.67
13007,33750,2025-06-09 03:19:20,378,2,31990.34
13008,33753,2025-06-23 15:18:23,457,1,32494.5
13009,33755,2025-05-24 00:31:42,465,1,17429.18
13010,33756,2025-06-16 10:45:31,135,1,13650.75
13011,33758,2025-05-30 01:07:29,202,1,2128.85
13012,33758,2025-06-18 22:32:02,227,1,1864.51
13013,33770,2025-03-30 03:02:56,290,1,4390.34
13014,33771,2025-04-21 12:28:24,270,1,514.56
13015,33774,2025-05-31 22:09:34,469,2,16917.84
13016,33777,2025-04-14 10:31:42,16,1,4159.96
13017,33781,2025-02-11 17:43:26,295,2,26510.8
13018,33782,2025-02-01 08:10:23,332,3,1508.04
13019,33783,2025-06-20 22:47:57,83,1,20559.25
13020,33788,2025-02-15 01:38:48,70,1,5458.68
13021,33789,2025-02-22 10:47:29,494,1,495.37
13022,33791,2025-03-29 08:27:20,23,2,48172.72
13023,33791,2025-04-16 20:50:49,164,1,100669.41
13024,33792,2025-06-29 01:45:29,231,2,5840.84
13025,33795,2025-03-10 12:45:54,328,2,15534.2
13026,33795,2025-03-28 17:27:09,339,1,464.88
13027,33797,2025-02-06 04:30:31,18,1,1846.66
13028,33798,2025-02-01 07:39:36,461,3,17070.42
13029,33801,2025-05-10 21:01:32,191,1,36768.02
13030,33801,2025-05-25 04:10:35,137,2,94621.06
13031,33802,2025-02-06 17:03:10,193,3,99085.23
13032,33803,2025-01-18 08:00:59,33,1,17762.94
13033,33803,2025-01-22 18:48:50,96,1,1401.59
13034,33804,2025-03-24 10:32:15,410,1,90198.25
13035,33804,2025-04-08 20:04:27,355,1,4384.45
13036,33805,2025-01-19 01:33:36,318,1,19551.59
13037,33809,2025-04-17 05:12:24,360,1,10778.02
13038,33812,2025-06-14 05:29:24,288,1,11259.13
13039,33816,2025-05-11 16:07:58,100,1,17574.95
13040,33819,2025-05-22 23:00:46,44,1,6132.16
13041,33823,2025-02-26 03:38:50,249,1,2728.95
13042,33834,2025-05-19 03:03:38,248,1,9420.12
13043,33836,2025-03-03 15:09:45,141,1,78006.44
13044,33837,2025-05-31 18:12:27,401,1,11690.67
13045,33838,2025-05-11 10:54:00,302,3,116329.65
13046,33843,2025-04-16 11:48:50,381,1,9476.92
13047,33844,2025-02-20 13:55:38,75,1,12610.21
13048,33844,2025-03-10 14:39:24,467,2,164023.54
13049,33844,2025-03-16 10:08:00,311,2,181630.56
13050,33844,2025-03-22 05:10:40,102,2,51584.02
13051,33845,2025-04-13 13:19:43,61,1,102219.65
13052,33846,2025-05-13 21:21:30,197,1,1108.19
13053,33846,2025-05-27 14:15:59,321,1,133685.08
13054,33846,2025-06-08 02:51:35,148,1,129106.55
13055,33847,2025-06-23 14:11:42,264,2,9155.12
13056,33848,2025-06-25 15:00:25,373,1,4993.75
13057,33849,2025-02-18 18:31:10,311,1,90815.28
13058,33849,2025-02-22 04:11:47,497,1,4676.48
13059,33854,2025-05-08 20:46:25,355,1,4384.45
13060,33855,2025-06-06 05:50:09,26,1,10901.13
13061,33856,2025-03-02 02:24:19,406,3,73257.72
13062,33857,2025-05-28 08:16:00,356,1,3337.9
13063,33858,2025-06-01 18:20:26,198,1,7794.51
13064,33862,2025-03-22 14:20:19,235,1,42017.2
13065,33864,2025-04-09 22:25:22,239,1,1734.95
13066,33872,2025-05-03 23:31:25,368,2,99954.88
13067,33873,2025-03-11 21:26:01,446,1,136780.08
13068,33875,2025-02-07 11:40:57,113,1,7819.25
13069,33877,2025-05-21 20:37:27,205,1,14938.64
13070,33882,2025-06-08 22:39:15,275,2,6614.96
13071,33889,2025-06-22 04:00:16,208,1,3468.77
13072,33892,2025-06-15 22:54:54,295,1,13255.4
13073,33892,2025-06-30 05:55:23,423,1,19615.97
13074,33895,2025-01-20 21:21:09,165,1,1732.53
13075,33897,2025-06-16 06:24:14,96,1,1401.59
13076,33897,2025-06-28 23:47:46,71,1,4426.79
13077,33903,2025-06-11 02:45:54,271,1,35581.83
13078,33904,2025-02-06 18:59:10,357,1,136130.58
13079,33905,2025-06-04 16:57:35,433,1,10765.07
13080,33909,2025-03-02 16:18:21,249,2,5457.9
13081,33913,2025-06-22 18:05:52,52,1,4983.11
13082,33915,2025-05-19 20:59:37,333,1,4180.46
13083,33920,2025-03-27 17:53:37,411,2,5511.98
13084,33929,2025-01-24 20:04:39,165,1,1732.53
13085,33929,2025-02-08 02:57:45,58,1,33150.95
13086,33929,2025-02-26 21:00:21,209,1,38411.37
13087,33930,2025-06-30 05:12:22,467,1,82011.77
13088,33931,2025-04-24 05:10:48,314,2,13975.04
13089,33931,2025-05-05 00:14:20,165,1,1732.53
13090,33932,2025-01-22 23:05:09,480,2,70974.98
13091,33935,2025-02-20 04:40:09,215,2,61806.3
13092,33940,2025-03-05 20:57:25,427,1,4312.66
13093,33941,2025-03-15 14:23:24,443,1,19089.94
13094,33941,2025-04-03 19:03:49,331,1,10724.43
13095,33950,2025-04-17 06:50:29,46,2,230417.5
13096,33952,2025-04-28 22:31:00,230,1,3807.27
13097,33952,2025-05-02 04:15:17,321,1,133685.08
13098,33956,2025-03-30 14:27:49,46,1,115208.75
13099,33956,2025-04-18 20:56:30,171,1,15094.37
13100,33957,2025-05-05 03:41:06,420,1,3770.66
13101,33957,2025-05-23 18:01:18,499,2,7999.64
13102,33958,2025-04-26 11:34:55,76,1,513.56
13103,33964,2025-03-25 05:23:14,118,1,2075.07
13104,33966,2025-06-12 19:31:13,108,1,5270.83
13105,33970,2025-03-10 06:42:03,438,1,5413.4
13106,33973,2025-06-20 02:52:37,380,1,19492.66
13107,33975,2025-06-10 04:05:26,454,1,3744.31
13108,33976,2025-05-26 06:47:58,277,1,134439.28
13109,33980,2025-05-22 13:07:32,413,1,24752.33
13110,33983,2025-03-31 15:35:59,198,1,7794.51
13111,33985,2025-03-05 01:45:59,357,1,136130.58
13112,33986,2025-01-23 23:46:20,36,2,35117.54
13113,33987,2025-05-06 14:58:28,35,2,6175.86
13114,33987,2025-05-21 01:53:56,46,1,115208.75
13115,33993,2025-02-07 17:46:29,234,2,139295.18
13116,33998,2025-03-23 06:45:11,149,1,10316.11
13117,33999,2025-05-22 01:09:47,190,1,27317.1
13118,33999,2025-06-16 01:38:49,290,1,4390.34
13119,34001,2025-01-15 20:32:01,72,1,43803.67
13120,34003,2025-02-18 21:21:41,382,2,35132.46
13121,34004,2025-05-20 02:23:48,246,1,4485.92
13122,34005,2025-02-20 18:14:09,316,1,5050.1
13123,34007,2025-02-13 23:10:47,326,1,81782.53
13124,34010,2025-03-31 06:43:47,119,1,9009.08
13125,34012,2025-04-16 18:47:28,349,3,36125.79
13126,34016,2025-05-26 23:51:49,331,1,10724.43
13127,34017,2025-06-21 06:49:40,86,1,95739.09
13128,34021,2025-01-26 00:03:44,100,1,17574.95
13129,34022,2025-01-18 14:43:41,234,1,69647.59
13130,34031,2025-04-28 14:29:09,179,1,113736.5
13131,34034,2025-05-07 04:15:50,275,1,3307.48
13132,34037,2025-05-16 04:57:47,246,1,4485.92
13133,34037,2025-05-23 21:12:59,30,1,43984.69
13134,34038,2025-04-30 14:33:08,134,1,3801.47
13135,34042,2025-04-11 14:08:49,111,1,1028.45
13136,34042,2025-04-28 18:22:56,482,2,49691.2
13137,34044,2025-02-22 08:41:53,333,1,4180.46
13138,34045,2025-01-29 22:55:25,328,1,7767.1
13139,34054,2025-03-22 08:57:28,394,1,20682.69
13140,34054,2025-03-29 20:27:08,481,1,3800.46
13141,34054,2025-04-05 08:21:36,480,1,35487.49
13142,34055,2025-01-17 10:45:24,424,1,14170.15
13143,34058,2025-06-22 20:37:33,79,1,14294.87
13144,34059,2025-02-13 07:54:34,351,2,4078.34
13145,34060,2025-06-01 14:14:30,254,2,32119.52
13146,34061,2025-01-08 23:52:20,284,2,21340.64
13147,34064,2025-04-10 14:56:45,25,1,2943.92
13148,34071,2025-04-17 08:00:03,180,1,22619.63
13149,34073,2025-03-01 21:54:13,84,1,2448.39
13150,34075,2025-01-20 12:51:05,310,1,1082.78
13151,34078,2025-05-17 21:30:13,478,1,37666.35
13152,34080,2025-03-27 05:00:12,303,1,1454.24
13153,34082,2025-02-05 00:15:25,79,2,28589.74
13154,34085,2025-06-23 17:03:03,56,1,29155.33
13155,34089,2025-04-17 01:58:29,500,2,202351.1
13156,34092,2025-03-13 16:20:13,83,1,20559.25
13157,34095,2025-02-01 10:53:09,376,2,29125.06
13158,34101,2025-02-04 19:24:22,391,2,14962.12
13159,34101,2025-02-14 05:15:29,490,2,25480.08
13160,34103,2025-06-01 06:34:45,102,1,25792.01
13161,34105,2025-06-05 21:31:31,310,1,1082.78
13162,34111,2025-04-30 16:24:51,422,1,8047.95
13163,34111,2025-05-16 15:45:20,407,1,1432.1
13164,34116,2025-04-18 02:04:38,40,1,1173.14
13165,34117,2025-06-03 21:35:10,80,1,124124.35
13166,34122,2025-02-07 02:45:06,22,1,12590.38
13167,34123,2025-06-13 02:10:34,292,1,9786.76
13168,34125,2025-06-23 18:09:19,433,1,10765.07
13169,34128,2025-06-30 13:19:48,489,1,8331.51
13170,34129,2025-04-28 12:57:58,28,2,20497.72
13171,34131,2025-06-24 18:09:52,153,1,1050.14
13172,34132,2025-03-16 11:13:21,202,2,4257.7
13173,34132,2025-04-03 04:15:25,271,1,35581.83
13174,34133,2025-05-12 09:26:32,41,2,17001.34
13175,34136,2025-02-12 05:07:44,465,1,17429.18
13176,34139,2025-04-07 13:01:32,161,1,49810.77
13177,34146,2025-05-11 01:36:56,409,1,6296.47
13178,34146,2025-06-05 19:53:44,500,2,202351.1
13179,34154,2025-06-14 08:38:09,423,1,19615.97
13180,34154,2025-06-19 06:16:38,429,1,2789.86
13181,34159,2025-04-11 07:51:32,108,1,5270.83
13182,34160,2025-01-22 20:40:43,267,2,40109.58
13183,34161,2025-02-21 19:34:04,299,1,9185.44
13184,34162,2025-03-26 04:37:55,466,1,31559.05
13185,34162,2025-04-11 17:09:36,441,1,1146.71
13186,34163,2025-04-19 02:58:20,442,1,27027.64
13187,34166,2025-02-13 08:24:16,254,1,16059.76
13188,34167,2025-01-02 11:12:34,7,2,2817.88
13189,34169,2025-02-26 16:26:06,461,3,17070.42
13190,34171,2025-05-12 22:21:42,85,2,134542.68
13191,34176,2025-06-25 20:43:31,358,1,8037.68
13192,34181,2025-01-23 03:21:20,349,1,12041.93
13193,34181,2025-02-03 02:31:53,291,1,1193.57
13194,34183,2025-04-29 03:39:24,395,1,30745.93
13195,34189,2025-06-24 22:42:12,41,2,17001.34
13196,34189,2025-06-28 15:52:15,260,1,13781.16
13197,34190,2025-02-09 04:24:30,277,2,268878.56
13198,34191,2025-04-01 05:23:20,347,1,26954.74
13199,34192,2025-06-19 10:21:54,238,1,20295.06
13200,34193,2025-05-04 02:54:26,399,1,17727.09
13201,34194,2025-06-24 06:34:48,96,1,1401.59
13202,34197,2025-04-29 01:31:03,308,1,10693.04
13203,34197,2025-05-25 18:36:48,398,2,18976.62
13204,34198,2025-04-06 04:42:37,300,1,11130.88
13205,34202,2025-06-06 22:46:29,482,2,49691.2
13206,34205,2025-05-03 11:19:57,44,2,12264.32
13207,34210,2025-01-31 12:34:06,97,1,623.51
13208,34213,2025-04-04 06:27:25,275,1,3307.48
13209,34216,2025-06-19 07:33:42,428,3,442717.98
13210,34219,2025-04-25 06:34:34,225,1,3052.25
13211,34220,2025-02-03 11:45:12,134,2,7602.94
13212,34221,2025-01-03 09:33:03,145,2,11507.6
13213,34221,2025-01-07 04:45:53,39,1,19720.04
13214,34222,2025-05-07 08:53:34,487,3,51373.8
13215,34222,2025-05-20 10:08:46,274,2,43254.18
13216,34224,2025-04-18 01:43:50,51,1,10465.17
13217,34226,2025-01-20 06:31:56,27,1,1626.81
13218,34228,2025-05-16 01:14:01,123,1,37439.59
13219,34228,2025-05-27 18:08:50,9,1,6572.8
13220,34231,2025-03-09 22:05:03,133,1,30464.02
13221,34233,2025-01-15 17:12:53,478,1,37666.35
13222,34243,2025-04-15 01:08:07,191,1,36768.02
13223,34245,2025-01-29 02:05:10,407,1,1432.1
13224,34246,2025-03-24 06:27:45,119,1,9009.08
13225,34249,2025-05-23 17:35:08,311,1,90815.28
13226,34253,2025-03-03 03:11:09,47,1,6372.46
13227,34254,2025-04-17 14:29:58,20,1,1778.75
13228,34256,2025-03-03 23:08:55,379,1,29755.14
13229,34256,2025-03-19 23:02:33,273,1,8130.43
13230,34257,2025-03-22 19:17:09,54,1,4159.48
13231,34258,2025-05-16 08:30:39,5,1,111884.19
13232,34260,2025-02-05 17:50:39,398,1,9488.31
13233,34261,2025-06-09 03:37:00,21,1,14166.0
13234,34262,2025-06-01 08:35:39,1,1,7205.01
13235,34265,2025-06-12 15:06:24,429,1,2789.86
13236,34265,2025-06-27 20:46:23,253,1,9261.77
13237,34267,2025-02-09 06:42:19,482,2,49691.2
13238,34270,2025-03-25 18:45:32,52,2,9966.22
13239,34271,2025-03-20 12:44:31,138,1,6720.91
13240,34271,2025-04-04 22:33:56,62,1,20430.08
13241,34271,2025-04-08 15:49:29,206,1,23007.56
13242,34272,2025-06-14 04:55:20,426,1,24723.16
13243,34277,2025-05-29 15:05:48,298,1,12693.22
13244,34277,2025-06-11 14:50:12,396,1,110532.21
13245,34280,2025-06-21 07:50:55,13,1,2692.52
13246,34288,2025-03-11 16:31:27,59,1,43466.97
13247,34293,2025-04-23 08:40:48,160,2,27653.06
13248,34295,2025-02-19 05:33:24,256,1,547.58
13249,34298,2025-02-26 05:55:08,45,2,50192.32
13250,34298,2025-03-17 03:07:31,278,2,25853.4
13251,34305,2025-01-02 17:41:34,297,1,17729.74
13252,34309,2025-03-02 18:49:25,108,3,15812.49
13253,34313,2025-06-18 15:31:24,400,2,48218.02
13254,34314,2025-04-30 00:32:14,7,1,1408.94
13255,34317,2025-03-14 02:10:20,229,1,30697.88
13256,34321,2025-05-30 22:46:12,95,1,14154.76
13257,34323,2025-03-23 02:15:13,170,1,2620.79
13258,34327,2025-01-14 23:32:01,272,2,23578.4
13259,34329,2025-04-03 01:54:43,39,1,19720.04
13260,34330,2025-04-25 15:05:50,401,1,11690.67
13261,34332,2025-03-18 11:25:21,158,1,2196.76
13262,34332,2025-04-29 10:04:06,333,1,4180.46
13263,34333,2025-05-07 02:45:49,315,2,67724.14
13264,34335,2025-05-09 16:14:39,114,1,3834.0
13265,34335,2025-05-20 19:03:58,429,2,5579.72
13266,34336,2025-01-28 03:57:28,429,1,2789.86
13267,34339,2025-05-03 19:05:07,52,1,4983.11
13268,34340,2025-04-30 13:47:28,330,1,3233.01
13269,34340,2025-05-17 15:08:21,179,2,227473.0
13270,34343,2025-06-04 17:33:18,310,1,1082.78
13271,34355,2025-01-16 00:23:36,254,1,16059.76
13272,34357,2025-02-07 08:56:02,74,1,24393.36
13273,34357,2025-02-23 18:51:03,293,1,3662.24
13274,34361,2025-04-15 03:01:55,267,1,20054.79
13275,34366,2025-04-01 18:26:11,189,3,28776.6
13276,34370,2025-04-25 04:45:55,108,1,5270.83
13277,34373,2025-03-21 02:41:13,438,1,5413.4
13278,34380,2025-04-21 02:35:13,444,1,148248.16
13279,34386,2025-04-15 23:20:08,380,1,19492.66
13280,34386,2025-05-04 11:35:00,496,2,63079.82
13281,34387,2025-01-20 14:03:47,414,2,40594.52
13282,34408,2025-02-01 22:05:26,125,1,20320.95
13283,34421,2025-06-16 09:51:10,235,1,42017.2
13284,34423,2025-02-05 09:30:42,328,1,7767.1
13285,34426,2025-06-12 20:55:29,12,1,10398.85
13286,34426,2025-06-21 04:32:56,212,1,105203.42
13287,34428,2025-03-15 19:24:18,177,3,18023.64
13288,34428,2025-03-25 16:42:06,19,1,2770.09
13289,34430,2025-01-22 07:53:10,169,1,2636.13
13290,34432,2025-03-05 11:59:13,375,1,2797.37
13291,34433,2025-01-08 05:21:40,322,2,10971.04
13292,34434,2025-05-09 22:15:40,196,1,1179.56
13293,34438,2025-04-21 21:19:02,244,1,3774.78
13294,34438,2025-04-29 15:11:20,38,1,12400.94
13295,34444,2025-03-24 22:26:54,490,1,12740.04
13296,34444,2025-04-03 22:12:17,485,1,26241.01
13297,34445,2025-04-04 13:10:17,320,1,33560.76
13298,34450,2025-04-25 21:49:09,453,2,6550.42
13299,34451,2025-03-12 20:26:56,392,1,3931.31
13300,34457,2025-06-16 13:20:53,478,2,75332.7
13301,34467,2025-02-26 23:28:40,101,1,19086.83
13302,34467,2025-04-04 05:37:59,432,3,49671.3
13303,34467,2025-04-17 00:53:59,318,1,19551.59
13304,34472,2025-06-28 08:08:17,381,1,9476.92
13305,34476,2025-02-11 21:02:59,419,2,49439.22
13306,34476,2025-02-27 03:27:45,234,2,139295.18
13307,34478,2025-05-13 19:31:42,373,1,4993.75
13308,34479,2025-04-08 11:18:33,106,1,4353.63
13309,34486,2025-05-18 13:41:22,26,2,21802.26
13310,34488,2025-06-19 22:55:16,353,2,29219.22
13311,34489,2025-06-14 13:03:30,356,1,3337.9
13312,34491,2025-03-20 21:08:55,114,1,3834.0
13313,34491,2025-03-25 14:28:41,429,2,5579.72
13314,34495,2025-06-29 14:54:24,410,1,90198.25
13315,34497,2025-03-24 17:41:45,400,1,24109.01
13316,34500,2025-04-22 05:38:37,213,1,14323.4
13317,34501,2025-03-08 09:39:53,475,1,11694.47
13318,34504,2025-02-14 02:01:51,189,1,9592.2
13319,34505,2025-06-17 10:08:28,352,1,29524.41
13320,34508,2025-05-13 21:31:30,113,1,7819.25
13321,34514,2025-04-21 13:31:47,482,2,49691.2
13322,34515,2025-01-11 01:57:37,16,1,4159.96
13323,34515,2025-01-22 22:45:19,469,1,8458.92
13324,34517,2025-06-04 11:05:31,290,1,4390.34
13325,34520,2025-05-24 23:38:40,20,2,3557.5
13326,34524,2025-02-02 19:07:18,86,2,191478.18
13327,34525,2025-04-14 12:16:42,445,1,1748.17
13328,34530,2025-05-19 20:09:17,115,1,16709.38
13329,34531,2025-06-13 01:40:49,119,1,9009.08
13330,34531,2025-06-26 02:21:51,400,1,24109.01
13331,34545,2025-02-23 17:02:14,423,3,58847.91
13332,34548,2025-02-28 03:53:31,249,2,5457.9
13333,34548,2025-03-17 07:52:01,462,1,22303.0
13334,34550,2025-01-27 19:52:34,181,1,11869.76
13335,34551,2025-05-10 02:56:03,289,1,116522.54
13336,34555,2025-04-18 01:15:50,427,1,4312.66
13337,34564,2025-06-27 14:15:11,478,1,37666.35
13338,34568,2025-01-22 14:08:47,162,2,13294.06
13339,34569,2025-03-18 07:57:46,362,1,539.2
13340,34569,2025-03-21 15:59:41,296,2,216254.82
13341,34570,2025-01-28 15:53:20,32,1,7276.12
13342,34573,2025-01-28 15:38:09,345,1,24246.2
13343,34578,2025-05-07 23:20:46,225,1,3052.25
13344,34586,2025-05-31 18:59:25,492,1,8731.65
13345,34586,2025-06-21 00:48:56,172,1,36415.92
13346,34587,2025-02-07 20:36:38,352,1,29524.41
13347,34588,2025-03-16 22:27:01,45,1,25096.16
13348,34590,2025-02-06 06:43:12,28,1,10248.86
13349,34593,2025-01-03 05:34:26,181,1,11869.76
13350,34593,2025-02-04 21:06:48,187,2,86684.62
13351,34596,2025-02-11 13:00:22,100,1,17574.95
13352,34597,2025-06-01 00:35:07,161,1,49810.77
13353,34598,2025-05-20 04:23:55,266,3,24001.86
13354,34610,2025-02-28 18:30:01,157,1,103545.76
13355,34619,2025-04-30 03:39:57,55,1,24029.51
13356,34622,2025-02-15 18:46:19,480,1,35487.49
13357,34623,2025-01-26 07:49:55,330,2,6466.02
13358,34625,2025-06-13 18:24:35,423,1,19615.97
13359,34631,2025-01-22 00:23:14,272,2,23578.4
13360,34631,2025-02-07 22:20:40,73,1,3184.93
13361,34636,2025-02-28 06:49:54,475,1,11694.47
13362,34637,2025-03-06 05:38:06,101,2,38173.66
13363,34651,2025-03-18 12:25:04,47,1,6372.46
13364,34653,2025-01-25 22:22:38,215,1,30903.15
13365,34659,2025-05-28 23:08:05,388,1,37608.5
13366,34659,2025-06-13 21:40:55,215,1,30903.15
13367,34659,2025-06-29 15:48:52,386,1,30141.47
13368,34661,2025-04-14 07:41:36,289,1,116522.54
13369,34669,2025-04-10 09:54:08,323,2,42754.58
13370,34670,2025-03-05 23:20:45,251,1,8328.29
13371,34671,2025-04-15 06:38:42,160,1,13826.53
13372,34673,2025-03-15 19:07:53,33,1,17762.94
13373,34679,2025-05-07 19:56:50,347,1,26954.74
13374,34679,2025-05-28 16:06:51,136,1,2438.57
13375,34686,2025-05-12 19:35:55,383,1,110906.1
13376,34687,2025-03-19 05:09:35,372,1,1314.03
13377,34695,2025-06-13 15:25:00,350,1,4462.47
13378,34696,2025-03-29 09:23:58,414,2,40594.52
13379,34706,2025-05-01 08:30:20,235,2,84034.4
13380,34710,2025-04-05 18:12:55,58,1,33150.95
13381,34711,2025-01-16 14:42:26,197,1,1108.19
13382,34713,2025-03-22 16:03:34,105,2,15255.34
13383,34715,2025-01-18 12:53:22,103,1,42328.61
13384,34715,2025-02-07 03:35:02,148,2,258213.1
13385,34716,2025-05-01 06:17:08,68,2,94358.0
13386,34717,2025-06-22 00:32:15,407,1,1432.1
13387,34717,2025-06-29 18:26:48,169,1,2636.13
13388,34719,2025-01-17 08:29:56,396,1,110532.21
13389,34719,2025-01-25 15:28:05,323,1,21377.29
13390,34720,2025-03-24 03:13:29,471,1,29952.23
13391,34727,2025-03-08 18:44:59,85,1,67271.34
13392,34734,2025-02-25 07:21:32,208,1,3468.77
13393,34736,2025-05-31 10:37:23,431,2,12518.6
13394,34737,2025-01-31 04:30:37,235,1,42017.2
13395,34738,2025-03-02 07:34:11,240,1,29634.73
13396,34739,2025-04-10 00:59:28,60,2,10216.26
13397,34739,2025-04-14 14:06:14,123,1,37439.59
13398,34741,2025-04-14 23:45:40,239,2,3469.9
13399,34742,2025-05-30 09:42:00,339,2,929.76
13400,34747,2025-02-05 13:21:13,315,1,33862.07
13401,34748,2025-06-11 12:36:44,144,1,21135.77
13402,34748,2025-06-19 00:37:07,38,1,12400.94
13403,34751,2025-04-03 00:45:01,55,1,24029.51
13404,34755,2025-03-14 16:40:30,418,1,16621.38
13405,34757,2025-06-13 07:16:40,307,1,22758.27
13406,34758,2025-05-08 21:53:11,376,1,14562.53
13407,34760,2025-02-11 22:55:31,40,1,1173.14
13408,34760,2025-03-17 10:32:22,309,1,2510.1
13409,34760,2025-04-14 14:52:24,191,1,36768.02
13410,34761,2025-03-16 01:15:22,245,2,30798.3
13411,34768,2025-03-20 05:44:54,133,1,30464.02
13412,34769,2025-03-01 03:06:06,271,2,71163.66
13413,34771,2025-05-09 01:29:02,100,2,35149.9
13414,34772,2025-04-21 17:57:02,190,1,27317.1
13415,34772,2025-04-27 20:21:06,161,1,49810.77
13416,34776,2025-01-26 00:47:06,37,1,884.45
13417,34778,2025-02-26 20:24:57,365,3,41075.76
13418,34778,2025-03-04 18:11:35,329,1,11214.8
13419,34780,2025-01-24 11:45:25,403,2,50781.24
13420,34781,2025-06-20 20:09:16,70,1,5458.68
13421,34784,2025-05-17 22:26:48,295,1,13255.4
13422,34784,2025-06-04 21:04:20,189,1,9592.2
13423,34788,2025-05-13 00:29:42,44,1,6132.16
13424,34789,2025-04-13 02:19:51,454,3,11232.93
13425,34791,2025-05-08 18:50:20,182,1,5001.59
13426,34792,2025-02-12 19:01:50,25,1,2943.92
13427,34793,2025-04-07 22:12:42,384,1,4013.53
13428,34801,2025-06-07 02:18:57,480,1,35487.49
13429,34801,2025-06-16 19:13:23,414,2,40594.52
13430,34809,2025-05-22 04:30:16,20,1,1778.75
13431,34812,2025-01-03 09:26:29,300,2,22261.76
13432,34812,2025-01-18 23:50:43,371,1,23547.53
13433,34816,2025-04-09 09:34:47,368,2,99954.88
13434,34823,2025-01-24 15:38:11,89,1,115692.18
13435,34826,2025-03-28 20:11:01,356,1,3337.9
13436,34826,2025-04-01 11:40:03,2,1,19570.0
13437,34830,2025-05-16 18:51:12,158,1,2196.76
13438,34834,2025-05-25 08:34:10,227,1,1864.51
13439,34836,2025-04-18 23:24:43,407,1,1432.1
13440,34842,2025-01-20 08:34:00,46,1,115208.75
13441,34845,2025-06-18 05:14:02,152,1,7223.67
13442,34850,2025-04-15 07:40:34,198,2,15589.02
13443,34851,2025-02-21 13:25:00,356,1,3337.9
13444,34853,2025-03-19 19:02:56,456,1,19874.65
13445,34855,2025-04-20 09:59:23,68,1,47179.0
13446,34862,2025-03-16 02:01:54,304,1,149568.6
13447,34862,2025-03-26 04:19:37,295,1,13255.4
13448,34863,2025-02-04 19:53:37,282,2,2226.6
13449,34863,2025-02-20 08:33:47,44,1,6132.16
13450,34871,2025-02-21 00:37:55,55,1,24029.51
13451,34872,2025-06-16 03:12:15,419,2,49439.22
13452,34873,2025-03-25 23:46:40,478,2,75332.7
13453,34875,2025-05-23 02:14:09,48,1,5407.24
13454,34877,2025-04-23 04:07:22,108,2,10541.66
13455,34882,2025-06-05 11:49:09,110,1,18441.82
13456,34884,2025-02-20 10:26:31,359,1,7693.07
13457,34884,2025-03-11 17:38:12,116,1,13895.24
13458,34886,2025-03-22 04:54:22,464,1,28260.63
13459,34890,2025-05-11 02:01:53,167,1,26417.09
13460,34892,2025-06-03 04:50:26,398,1,9488.31
13461,34893,2025-01-09 17:45:14,492,2,17463.3
13462,34893,2025-01-30 20:30:59,235,2,84034.4
13463,34910,2025-05-13 01:39:08,291,1,1193.57
13464,34911,2025-06-01 01:25:25,346,1,14000.92
13465,34916,2025-01-24 21:31:41,239,1,1734.95
13466,34922,2025-03-05 07:17:50,435,1,4498.66
13467,34923,2025-06-26 17:49:14,437,1,1479.71
13468,34925,2025-02-27 18:17:42,253,2,18523.54
13469,34925,2025-03-16 02:47:08,260,1,13781.16
13470,34929,2025-03-02 10:15:06,336,1,11769.86
13471,34933,2025-05-03 22:02:31,252,2,11637.18
13472,34936,2025-06-23 23:48:38,2,1,19570.0
13473,34938,2025-06-12 15:27:18,199,1,130009.3
13474,34939,2025-05-18 17:38:36,52,1,4983.11
13475,34953,2025-06-23 06:41:26,106,1,4353.63
13476,34956,2025-05-04 12:12:03,101,1,19086.83
13477,34960,2025-06-10 02:44:40,301,1,44256.21
13478,34961,2025-05-11 00:56:28,330,1,3233.01
13479,34965,2025-01-25 23:54:10,361,1,13985.68
13480,34967,2025-04-29 22:13:43,391,1,7481.06
13481,34969,2025-02-04 20:59:46,150,1,19806.15
13482,34977,2025-04-16 05:40:49,13,1,2692.52
13483,34977,2025-05-21 05:12:13,171,1,15094.37
13484,34977,2025-06-11 21:27:27,166,1,15176.99
13485,34978,2025-05-02 08:35:19,452,1,17758.26
13486,34983,2025-05-03 05:45:50,19,1,2770.09
13487,34985,2025-01-16 17:34:57,454,1,3744.31
13488,34987,2025-01-30 11:48:47,101,1,19086.83
13489,34991,2025-02-11 12:12:34,349,1,12041.93
13490,34993,2025-05-27 13:46:59,444,1,148248.16
13491,34996,2025-04-29 06:54:12,427,1,4312.66
13492,34998,2025-02-17 00:48:34,379,1,29755.14
13493,34999,2025-05-01 20:49:24,398,1,9488.31
13494,35000,2025-01-06 10:08:03,107,1,11847.57
13495,35002,2025-03-09 16:26:50,452,1,17758.26
13496,35002,2025-04-08 17:31:52,254,1,16059.76
13497,35003,2025-05-27 17:55:31,456,1,19874.65
13498,35003,2025-06-07 01:44:01,302,2,77553.1
13499,35006,2025-02-28 06:07:09,158,1,2196.76
13500,35009,2025-06-30 09:53:00,456,1,19874.65
13501,35011,2025-06-27 08:52:20,297,1,17729.74
13502,35013,2025-06-04 16:22:25,314,2,13975.04
13503,35016,2025-06-29 14:59:17,485,1,26241.01
13504,35019,2025-04-19 18:51:22,96,1,1401.59
13505,35020,2025-06-11 10:17:08,248,1,9420.12
13506,35023,2025-04-15 21:40:48,464,1,28260.63
13507,35023,2025-05-09 00:09:42,237,1,23121.27
13508,35024,2025-03-20 12:16:20,374,1,10459.29
13509,35030,2025-02-15 04:25:33,426,1,24723.16
13510,35032,2025-01-06 04:09:38,491,1,912.64
13511,35032,2025-02-11 00:42:34,147,1,8701.96
13512,35038,2025-04-09 04:34:38,36,1,17558.77
13513,35040,2025-04-29 20:41:06,233,1,4628.25
13514,35042,2025-06-14 16:10:37,130,1,16268.89
13515,35045,2025-02-17 23:49:07,245,1,15399.15
13516,35049,2025-04-30 11:17:53,262,1,37057.19
13517,35054,2025-04-22 17:43:38,482,1,24845.6
13518,35059,2025-06-09 12:22:32,428,1,147572.66
13519,35061,2025-06-02 17:20:27,153,1,1050.14
13520,35061,2025-06-19 05:29:58,292,2,19573.52
13521,35064,2025-06-29 17:40:06,198,1,7794.51
13522,35067,2025-04-22 10:18:48,310,1,1082.78
13523,35070,2025-02-16 17:31:23,277,1,134439.28
13524,35071,2025-06-14 17:01:06,466,1,31559.05
13525,35073,2025-03-31 15:13:48,498,1,13866.8
13526,35073,2025-04-15 02:28:38,270,1,514.56
13527,35074,2025-04-21 07:20:02,217,1,3789.89
13528,35076,2025-01-11 19:51:46,40,1,1173.14
13529,35092,2025-05-07 15:41:36,193,1,33028.41
13530,35092,2025-05-18 21:08:39,13,1,2692.52
13531,35092,2025-05-27 07:23:06,90,2,187029.88
13532,35093,2025-06-11 00:18:45,452,2,35516.52
13533,35094,2025-05-16 08:04:48,315,1,33862.07
13534,35097,2025-04-15 12:08:20,171,1,15094.37
13535,35097,2025-05-20 06:50:00,167,2,52834.18
13536,35098,2025-05-04 00:58:39,391,1,7481.06
13537,35100,2025-01-08 10:49:21,135,2,27301.5
13538,35101,2025-05-27 18:58:16,311,1,90815.28
13539,35101,2025-06-11 22:43:22,106,1,4353.63
13540,35104,2025-06-04 21:36:12,13,1,2692.52
13541,35108,2025-05-11 20:53:56,273,2,16260.86
13542,35112,2025-05-14 11:40:41,445,2,3496.34
13543,35114,2025-01-05 04:23:39,66,2,15468.32
13544,35117,2025-02-11 16:39:37,357,1,136130.58
13545,35118,2025-02-05 06:46:49,181,1,11869.76
13546,35119,2025-04-29 12:35:12,212,1,105203.42
13547,35121,2025-06-21 11:03:10,221,1,14298.27
13548,35124,2025-01-04 06:04:14,453,2,6550.42
13549,35130,2025-05-29 07:11:14,23,3,72259.08
13550,35132,2025-03-26 20:28:59,435,1,4498.66
13551,35133,2025-02-14 15:01:55,43,2,23464.6
13552,35139,2025-03-28 05:24:35,269,1,115514.93
13553,35144,2025-01-26 22:09:56,25,1,2943.92
13554,35147,2025-03-08 14:58:19,208,2,6937.54
13555,35148,2025-06-24 08:03:58,127,1,37875.42
13556,35151,2025-02-11 13:26:54,85,1,67271.34
13557,35154,2025-05-23 16:07:21,477,1,37353.59
13558,35156,2025-01-16 11:39:04,80,1,124124.35
13559,35156,2025-02-03 02:43:51,128,1,7580.95
13560,35158,2025-03-06 14:58:18,48,1,5407.24
13561,35159,2025-02-17 14:37:53,275,1,3307.48
13562,35160,2025-06-26 17:37:47,189,1,9592.2
13563,35166,2025-02-24 12:39:09,1,2,14410.02
13564,35167,2025-03-19 09:59:28,133,1,30464.02
13565,35171,2025-05-23 10:52:23,135,2,27301.5
13566,35179,2025-04-04 17:10:37,100,1,17574.95
13567,35185,2025-06-02 19:00:45,177,1,6007.88
13568,35186,2025-03-09 01:00:00,106,3,13060.89
13569,35187,2025-04-10 20:20:09,247,1,9897.75
13570,35189,2025-05-21 12:29:09,195,1,17742.05
13571,35190,2025-03-22 02:19:58,320,2,67121.52
13572,35194,2025-03-10 05:36:35,389,1,3219.85
13573,35195,2025-03-08 09:22:45,233,2,9256.5
13574,35198,2025-01-19 11:09:12,186,3,15248.49
13575,35200,2025-01-02 08:17:28,190,1,27317.1
13576,35203,2025-04-23 18:58:10,334,1,4204.59
13577,35203,2025-04-29 17:53:19,302,1,38776.55
13578,35215,2025-03-03 12:48:51,75,1,12610.21
13579,35217,2025-05-07 21:07:27,486,1,5773.24
13580,35217,2025-05-29 05:50:22,367,1,5745.57
13581,35218,2025-04-03 08:52:53,230,1,3807.27
13582,35220,2025-04-02 04:18:35,376,1,14562.53
13583,35221,2025-06-09 21:30:06,92,1,3738.51
13584,35222,2025-03-28 01:42:55,196,1,1179.56
13585,35223,2025-02-17 03:43:27,366,2,19596.42
13586,35228,2025-03-11 17:18:31,433,1,10765.07
13587,35228,2025-04-11 17:05:02,225,1,3052.25
13588,35232,2025-02-10 20:26:50,424,1,14170.15
13589,35233,2025-01-20 16:32:19,262,1,37057.19
13590,35235,2025-03-15 03:29:23,406,1,24419.24
13591,35238,2025-05-13 18:23:42,270,1,514.56
13592,35239,2025-04-30 04:04:21,453,3,9825.63
13593,35240,2025-01-12 10:06:31,237,1,23121.27
13594,35241,2025-06-11 02:08:42,260,1,13781.16
13595,35242,2025-02-03 10:13:25,428,1,147572.66
13596,35243,2025-06-19 09:31:47,122,1,24310.52
13597,35243,2025-06-28 06:58:41,103,1,42328.61
13598,35249,2025-02-06 03:58:26,424,2,28340.3
13599,35251,2025-01-09 19:48:13,302,2,77553.1
13600,35255,2025-05-17 01:53:51,280,2,33604.64
13601,35256,2025-03-24 14:18:10,264,1,4577.56
13602,35260,2025-03-21 10:22:26,132,1,7791.77
13603,35266,2025-02-26 12:41:09,129,1,358.85
13604,35268,2025-01-23 03:04:33,64,1,23300.53
13605,35269,2025-04-06 11:05:06,334,1,4204.59
13606,35270,2025-06-13 19:37:44,93,1,5774.03
13607,35272,2025-02-19 00:35:06,120,1,19023.98
13608,35274,2025-06-09 07:21:35,177,1,6007.88
13609,35278,2025-01-16 19:55:43,289,3,349567.62
13610,35279,2025-01-25 08:12:57,297,1,17729.74
13611,35284,2025-05-04 16:59:18,286,3,9569.94
13612,35285,2025-03-21 15:20:05,419,1,24719.61
13613,35286,2025-05-05 07:47:29,229,1,30697.88
13614,35291,2025-06-22 21:18:48,336,1,11769.86
13615,35292,2025-06-08 11:39:09,316,1,5050.1
13616,35293,2025-05-18 13:14:27,394,1,20682.69
13617,35297,2025-06-13 14:32:48,325,2,27965.74
13618,35300,2025-03-17 12:08:26,449,1,651.83
13619,35307,2025-01-08 06:16:38,260,1,13781.16
13620,35310,2025-03-07 03:37:46,385,1,347.25
13621,35312,2025-03-12 23:05:53,28,1,10248.86
13622,35313,2025-01-28 02:51:01,147,1,8701.96
13623,35316,2025-02-13 09:15:49,486,1,5773.24
13624,35318,2025-01-28 13:33:45,370,1,18904.41
13625,35323,2025-03-05 07:02:38,213,1,14323.4
13626,35324,2025-05-04 17:54:21,451,1,6674.43
13627,35325,2025-02-20 23:21:46,70,1,5458.68
13628,35326,2025-05-19 18:53:00,333,1,4180.46
13629,35327,2025-04-06 01:31:46,26,1,10901.13
13630,35329,2025-01-31 06:08:23,250,2,41601.96
13631,35330,2025-05-04 16:40:23,346,1,14000.92
13632,35337,2025-02-12 19:17:34,233,2,9256.5
13633,35337,2025-03-19 12:02:04,392,1,3931.31
13634,35338,2025-06-29 22:54:04,56,1,29155.33
13635,35341,2025-03-21 15:37:08,288,1,11259.13
13636,35343,2025-06-24 11:07:23,363,1,38026.37
13637,35345,2025-03-30 21:17:25,295,1,13255.4
13638,35347,2025-03-20 01:06:22,136,1,2438.57
13639,35348,2025-03-06 20:40:47,241,1,11168.82
13640,35353,2025-05-16 15:22:15,473,3,3223.47
13641,35359,2025-01-04 18:32:30,10,1,3952.37
13642,35359,2025-01-13 04:45:37,53,2,134300.24
13643,35362,2025-02-06 01:51:23,30,1,43984.69
13644,35365,2025-05-30 05:45:39,256,2,1095.16
13645,35367,2025-03-21 08:34:56,33,1,17762.94
13646,35368,2025-05-03 03:47:52,22,1,12590.38
13647,35369,2025-04-16 15:21:51,240,2,59269.46
13648,35369,2025-04-25 11:09:49,442,1,27027.64
13649,35371,2025-05-29 16:59:06,444,2,296496.32
13650,35372,2025-02-25 20:09:39,107,1,11847.57
13651,35380,2025-02-19 06:21:54,331,1,10724.43
13652,35383,2025-05-30 16:05:47,472,2,94432.38
13653,35391,2025-04-06 03:19:06,296,2,216254.82
13654,35393,2025-04-02 13:56:30,274,1,21627.09
13655,35394,2025-02-28 17:42:59,88,1,38903.03
13656,35394,2025-03-11 05:47:14,314,1,6987.52
13657,35396,2025-02-15 04:16:56,275,1,3307.48
13658,35398,2025-05-06 01:43:34,42,1,35405.28
13659,35399,2025-03-25 01:54:26,380,1,19492.66
13660,35401,2025-05-11 02:43:52,324,1,28001.07
13661,35402,2025-04-26 08:11:43,123,3,112318.77
13662,35402,2025-05-04 07:29:15,7,3,4226.82
13663,35405,2025-01-21 17:10:28,402,2,39298.5
13664,35406,2025-05-31 14:02:18,316,1,5050.1
13665,35410,2025-06-10 06:26:30,273,1,8130.43
13666,35418,2025-03-15 18:08:33,280,1,16802.32
13667,35420,2025-05-02 07:35:45,207,1,30716.03
13668,35424,2025-06-24 20:38:51,66,1,7734.16
13669,35426,2025-04-16 17:32:42,198,1,7794.51
13670,35432,2025-05-21 00:35:12,232,1,3213.9
13671,35434,2025-03-19 07:57:31,497,1,4676.48
13672,35440,2025-05-03 05:13:58,419,1,24719.61
13673,35453,2025-01-06 17:28:35,176,1,15291.17
13674,35456,2025-01-29 23:15:03,167,2,52834.18
13675,35460,2025-06-29 20:05:32,174,2,5874.68
13676,35462,2025-06-19 05:41:53,152,2,14447.34
13677,35464,2025-01-08 21:55:43,268,2,14775.66
13678,35464,2025-01-21 07:03:40,486,1,5773.24
13679,35473,2025-02-17 09:20:10,472,1,47216.19
13680,35483,2025-02-23 04:25:14,476,1,2319.27
13681,35484,2025-06-30 02:02:00,216,1,43283.26
13682,35486,2025-05-22 06:19:17,236,2,39178.88
13683,35486,2025-05-26 18:25:24,329,1,11214.8
13684,35488,2025-06-05 18:49:47,348,1,11453.57
13685,35492,2025-05-02 17:18:31,498,1,13866.8
13686,35494,2025-01-02 08:39:59,35,2,6175.86
13687,35498,2025-01-14 16:12:35,489,1,8331.51
13688,35505,2025-04-26 13:52:19,54,1,4159.48
13689,35508,2025-03-08 21:14:36,236,2,39178.88
13690,35513,2025-03-09 02:32:12,190,1,27317.1
13691,35514,2025-04-12 09:15:50,157,1,103545.76
13692,35518,2025-05-01 12:09:03,290,1,4390.34
13693,35522,2025-05-02 13:34:34,88,1,38903.03
13694,35522,2025-05-14 08:50:50,401,1,11690.67
13695,35523,2025-04-18 03:02:41,202,1,2128.85
13696,35524,2025-06-02 04:03:32,419,1,24719.61
13697,35525,2025-05-03 06:20:19,345,1,24246.2
13698,35531,2025-02-01 14:59:15,407,2,2864.2
13699,35531,2025-02-05 03:42:33,380,2,38985.32
13700,35531,2025-02-17 09:34:23,467,1,82011.77
13701,35532,2025-05-29 19:42:00,490,1,12740.04
13702,35534,2025-05-04 08:14:09,259,1,9549.49
13703,35535,2025-04-02 21:20:08,443,1,19089.94
13704,35536,2025-01-06 09:14:42,105,3,22883.01
13705,35539,2025-05-26 07:13:06,68,1,47179.0
13706,35541,2025-04-04 20:41:27,37,1,884.45
13707,35541,2025-04-28 17:11:54,78,1,149482.7
13708,35542,2025-03-11 06:07:01,152,1,7223.67
13709,35543,2025-05-25 16:45:27,235,1,42017.2
13710,35543,2025-06-06 23:47:20,195,1,17742.05
13711,35548,2025-04-18 11:35:54,12,1,10398.85
13712,35556,2025-02-27 16:32:37,73,2,6369.86
13713,35557,2025-06-11 16:55:12,290,1,4390.34
13714,35558,2025-02-09 22:34:41,492,1,8731.65
13715,35561,2025-01-06 00:14:03,404,1,13845.68
13716,35566,2025-05-09 15:01:43,41,2,17001.34
13717,35569,2025-02-06 18:16:49,344,1,21107.94
13718,35570,2025-03-26 17:56:32,416,2,73301.44
13719,35573,2025-04-17 03:02:25,47,1,6372.46
13720,35575,2025-05-02 00:05:19,171,2,30188.74
13721,35575,2025-05-15 11:40:28,443,1,19089.94
13722,35576,2025-01-11 18:57:38,457,1,32494.5
13723,35577,2025-01-23 14:49:02,437,2,2959.42
13724,35578,2025-02-27 02:07:10,30,1,43984.69
13725,35578,2025-03-05 20:28:52,307,2,45516.54
13726,35579,2025-03-26 02:40:56,360,1,10778.02
13727,35581,2025-05-03 01:03:32,15,2,18410.02
13728,35583,2025-02-18 21:14:54,320,1,33560.76
13729,35584,2025-05-15 17:42:02,327,1,8222.53
13730,35585,2025-03-16 06:08:28,392,1,3931.31
13731,35585,2025-04-11 07:24:41,429,3,8369.58
13732,35586,2025-02-11 16:51:19,358,1,8037.68
13733,35588,2025-04-03 15:08:40,12,1,10398.85
13734,35589,2025-01-06 08:21:31,230,1,3807.27
13735,35591,2025-06-17 20:28:57,446,1,136780.08
13736,35592,2025-04-27 23:23:10,212,1,105203.42
13737,35593,2025-04-12 09:44:35,343,1,71441.06
13738,35595,2025-05-07 21:39:36,416,1,36650.72
13739,35597,2025-01-29 08:10:11,481,1,3800.46
13740,35601,2025-01-16 09:48:36,406,1,24419.24
13741,35603,2025-03-08 07:44:20,183,2,11468.28
13742,35604,2025-06-21 01:25:14,216,1,43283.26
13743,35612,2025-01-27 09:05:09,340,2,172950.7
13744,35612,2025-02-03 11:46:10,96,1,1401.59
13745,35615,2025-03-14 08:37:35,83,1,20559.25
13746,35620,2025-02-04 08:23:16,405,1,20089.63
13747,35621,2025-01-02 18:44:32,216,1,43283.26
13748,35622,2025-04-16 03:17:32,37,1,884.45
13749,35625,2025-04-28 08:17:27,67,1,3245.55
13750,35625,2025-05-04 13:43:34,500,1,101175.55
13751,35627,2025-01-06 10:24:38,61,3,306658.95
13752,35628,2025-01-12 18:46:08,310,2,2165.56
13753,35630,2025-04-08 17:28:03,367,2,11491.14
13754,35631,2025-03-11 12:16:34,124,2,8576.28
13755,35631,2025-03-24 10:53:35,330,1,3233.01
13756,35632,2025-02-03 02:08:59,330,3,9699.03
13757,35633,2025-03-09 09:32:06,450,1,7501.43
13758,35633,2025-03-14 13:18:54,11,1,55867.12
13759,35633,2025-03-31 01:39:16,435,1,4498.66
13760,35638,2025-06-06 04:23:21,222,2,16012.82
13761,35639,2025-04-14 04:09:08,355,2,8768.9
13762,35642,2025-04-03 18:17:34,374,3,31377.87
13763,35642,2025-04-25 20:49:50,264,1,4577.56
13764,35647,2025-02-01 13:55:55,288,2,22518.26
13765,35649,2025-03-30 10:54:23,291,1,1193.57
13766,35651,2025-02-04 23:09:10,164,1,100669.41
13767,35651,2025-02-25 21:21:30,75,1,12610.21
13768,35654,2025-02-12 11:22:09,446,2,273560.16
13769,35655,2025-04-22 09:01:26,468,1,141578.31
13770,35655,2025-05-08 09:37:07,265,1,7512.87
13771,35656,2025-06-10 00:39:03,482,2,49691.2
13772,35656,2025-06-20 09:55:11,390,1,3926.05
13773,35657,2025-03-18 23:05:07,175,1,81468.72
13774,35657,2025-04-04 04:53:31,144,1,21135.77
13775,35657,2025-04-23 18:37:41,179,1,113736.5
13776,35660,2025-06-14 14:47:24,317,1,2354.88
13777,35660,2025-06-29 11:39:07,435,1,4498.66
13778,35667,2025-05-04 00:46:08,332,2,1005.36
13779,35669,2025-02-18 14:21:14,382,1,17566.23
13780,35670,2025-02-28 14:26:09,439,2,70346.04
13781,35672,2025-06-29 01:45:48,287,1,5328.56
13782,35674,2025-03-18 19:09:07,142,2,20574.38
13783,35674,2025-04-24 11:05:43,450,1,7501.43
13784,35683,2025-06-25 16:56:26,133,2,60928.04
13785,35688,2025-02-05 08:14:51,33,1,17762.94
13786,35689,2025-04-20 23:50:40,70,1,5458.68
13787,35690,2025-06-07 19:25:09,439,1,35173.02
13788,35692,2025-04-21 15:53:14,353,1,14609.61
13789,35692,2025-05-27 12:12:14,360,1,10778.02
13790,35694,2025-01-17 14:37:04,230,1,3807.27
13791,35695,2025-04-24 09:56:30,259,1,9549.49
13792,35702,2025-06-17 02:37:06,205,1,14938.64
13793,35707,2025-06-19 12:39:13,117,1,1496.44
13794,35711,2025-02-06 00:22:38,272,1,11789.2
13795,35714,2025-01-20 12:38:26,219,1,2535.54
13796,35716,2025-04-02 08:14:35,240,1,29634.73
13797,35719,2025-03-11 21:06:55,366,1,9798.21
13798,35720,2025-02-08 22:46:15,372,2,2628.06
13799,35723,2025-05-13 05:46:02,412,1,2747.39
13800,35727,2025-02-26 11:53:56,416,2,73301.44
13801,35728,2025-06-13 20:43:44,160,2,27653.06
13802,35730,2025-06-02 19:15:34,479,1,17062.05
13803,35744,2025-03-28 17:40:42,232,1,3213.9
13804,35750,2025-04-02 15:17:08,52,1,4983.11
13805,35750,2025-04-06 15:39:00,276,2,9686.02
13806,35750,2025-04-27 03:19:21,14,1,3902.87
13807,35755,2025-01-26 17:46:30,451,2,13348.86
13808,35758,2025-02-01 15:03:01,486,1,5773.24
13809,35759,2025-04-05 23:51:37,32,2,14552.24
13810,35759,2025-04-10 21:29:39,125,1,20320.95
13811,35760,2025-03-29 08:38:46,410,1,90198.25
13812,35762,2025-05-31 23:30:37,159,3,92316.39
13813,35765,2025-06-15 10:39:15,172,1,36415.92
13814,35765,2025-06-28 15:12:07,36,1,17558.77
13815,35768,2025-04-21 00:10:27,43,1,11732.3
13816,35769,2025-01-10 04:11:42,183,2,11468.28
13817,35770,2025-06-25 01:52:31,481,2,7600.92
13818,35773,2025-04-01 11:11:44,7,2,2817.88
13819,35774,2025-06-27 07:15:53,84,1,2448.39
13820,35776,2025-03-19 14:12:45,209,1,38411.37
13821,35779,2025-03-17 23:57:03,208,1,3468.77
13822,35779,2025-03-28 11:02:02,154,3,109391.4
13823,35780,2025-01-28 15:40:00,197,1,1108.19
13824,35781,2025-03-30 09:01:12,147,1,8701.96
13825,35784,2025-02-07 17:10:34,176,2,30582.34
13826,35788,2025-01-22 21:44:25,190,1,27317.1
13827,35790,2025-04-29 04:53:50,489,1,8331.51
13828,35794,2025-01-25 12:47:26,106,1,4353.63
13829,35795,2025-02-03 10:55:08,66,1,7734.16
13830,35795,2025-03-14 18:57:57,482,1,24845.6
13831,35795,2025-04-05 15:26:29,105,1,7627.67
13832,35803,2025-02-28 09:49:14,161,1,49810.77
13833,35804,2025-05-30 16:36:48,403,1,25390.62
13834,35806,2025-06-30 00:47:21,268,1,7387.83
13835,35811,2025-04-25 11:38:31,342,1,11288.79
13836,35813,2025-04-11 00:18:35,322,1,5485.52
13837,35819,2025-03-24 22:51:42,454,1,3744.31
13838,35819,2025-04-08 21:31:59,224,1,14553.13
13839,35828,2025-04-16 16:00:24,94,2,18755.0
13840,35828,2025-05-02 16:41:31,351,1,2039.17
13841,35832,2025-02-21 02:48:16,14,1,3902.87
13842,35832,2025-03-18 14:44:40,479,1,17062.05
13843,35837,2025-04-18 04:11:48,217,1,3789.89
13844,35841,2025-01-21 18:31:29,230,1,3807.27
13845,35843,2025-01-22 00:13:00,365,1,13691.92
13846,35844,2025-04-30 00:38:10,485,1,26241.01
13847,35846,2025-04-18 22:16:55,134,1,3801.47
13848,35847,2025-03-09 19:15:29,163,1,7638.19
13849,35850,2025-05-01 09:15:35,425,2,28629.48
13850,35851,2025-01-29 14:11:32,74,1,24393.36
13851,35854,2025-03-14 21:29:47,174,1,2937.34
13852,35855,2025-01-16 22:14:57,204,1,3831.25
13853,35860,2025-05-22 13:47:16,45,2,50192.32
13854,35861,2025-06-20 07:37:27,378,1,15995.17
13855,35864,2025-06-09 03:58:53,405,2,40179.26
13856,35865,2025-06-23 06:23:39,3,2,20189.34
13857,35870,2025-05-05 12:40:05,149,2,20632.22
13858,35875,2025-03-18 00:26:54,231,3,8761.26
13859,35875,2025-03-27 18:59:32,206,1,23007.56
13860,35876,2025-04-01 14:18:29,185,1,12990.29
13861,35885,2025-04-15 13:06:43,500,1,101175.55
13862,35892,2025-03-15 23:47:29,109,2,26479.18
13863,35895,2025-02-07 20:52:42,65,1,15098.74
13864,35895,2025-03-26 04:54:08,127,1,37875.42
13865,35895,2025-04-12 18:07:19,111,1,1028.45
13866,35896,2025-01-29 02:55:36,428,1,147572.66
13867,35898,2025-06-17 11:12:53,213,1,14323.4
13868,35909,2025-02-16 15:12:05,48,1,5407.24
13869,35911,2025-01-04 16:35:46,209,1,38411.37
13870,35911,2025-01-10 01:40:46,83,1,20559.25
13871,35914,2025-03-19 20:08:34,189,1,9592.2
13872,35917,2025-02-10 21:32:19,223,2,22606.14
13873,35920,2025-01-08 06:49:15,337,1,138096.58
13874,35923,2025-01-14 11:32:37,475,1,11694.47
13875,35927,2025-03-06 13:17:47,469,2,16917.84
13876,35927,2025-03-24 13:06:00,150,2,39612.3
13877,35928,2025-06-05 10:04:50,272,1,11789.2
13878,35929,2025-03-15 05:25:31,130,1,16268.89
13879,35934,2025-03-09 01:46:56,343,1,71441.06
13880,35934,2025-03-12 11:25:26,326,2,163565.06
13881,35935,2025-05-11 10:17:39,437,1,1479.71
13882,35936,2025-01-29 03:49:01,357,1,136130.58
13883,35942,2025-04-22 16:58:00,88,1,38903.03
13884,35945,2025-04-28 01:01:15,408,1,8934.48
13885,35947,2025-02-10 11:31:44,483,1,43632.67
13886,35948,2025-03-08 08:12:36,206,2,46015.12
13887,35950,2025-03-23 08:07:04,26,2,21802.26
13888,35951,2025-06-05 01:50:14,162,3,19941.09
13889,35951,2025-06-20 10:08:06,316,1,5050.1
13890,35953,2025-01-06 07:02:45,299,1,9185.44
13891,35956,2025-06-22 03:20:40,464,1,28260.63
13892,35957,2025-01-25 18:07:02,372,1,1314.03
13893,35957,2025-02-24 14:26:19,294,1,34584.69
13894,35959,2025-04-22 02:18:47,309,2,5020.2
13895,35963,2025-03-05 03:52:21,344,1,21107.94
13896,35963,2025-04-06 05:03:38,65,2,30197.48
13897,35974,2025-05-15 18:19:19,355,1,4384.45
13898,35974,2025-06-02 10:21:45,389,1,3219.85
13899,35974,2025-06-09 17:30:34,129,1,358.85
13900,35976,2025-06-03 07:46:29,351,1,2039.17
13901,35976,2025-06-24 20:24:36,437,1,1479.71
13902,35977,2025-04-23 03:32:34,255,2,6002.8
13903,35977,2025-05-03 18:25:32,342,1,11288.79
13904,35982,2025-04-30 12:41:36,272,1,11789.2
13905,35984,2025-03-28 15:11:47,56,2,58310.66
13906,35985,2025-01-08 12:53:56,215,1,30903.15
13907,35987,2025-06-21 10:06:50,198,2,15589.02
13908,35991,2025-04-24 17:39:56,406,3,73257.72
13909,35993,2025-02-05 19:44:21,222,2,16012.82
13910,35993,2025-02-26 17:52:36,16,1,4159.96
13911,35999,2025-04-07 21:53:01,396,1,110532.21
13912,36000,2025-03-06 18:27:33,40,1,1173.14
13913,36005,2025-02-05 04:39:03,266,1,8000.62
13914,36009,2025-06-14 01:38:36,463,1,6385.22
13915,36015,2025-02-25 13:37:42,110,1,18441.82
13916,36023,2025-03-31 06:56:27,41,1,8500.67
13917,36024,2025-02-15 10:20:21,188,1,631.77
13918,36025,2025-02-08 16:19:02,66,2,15468.32
13919,36028,2025-01-20 16:54:02,299,1,9185.44
13920,36029,2025-03-17 08:57:59,47,1,6372.46
13921,36033,2025-05-07 18:11:35,41,1,8500.67
13922,36034,2025-05-20 17:50:02,417,1,32512.83
13923,36035,2025-03-24 01:07:38,338,1,88128.75
13924,36036,2025-06-04 20:17:39,477,1,37353.59
13925,36040,2025-01-31 17:37:51,355,1,4384.45
13926,36041,2025-05-29 22:19:48,343,1,71441.06
13927,36044,2025-03-12 08:29:58,274,2,43254.18
13928,36045,2025-01-31 11:08:46,144,3,63407.31
13929,36047,2025-02-23 11:19:38,149,1,10316.11
13930,36050,2025-06-18 05:02:18,275,1,3307.48
13931,36052,2025-05-10 06:14:42,390,1,3926.05
13932,36057,2025-03-07 19:49:55,77,1,70509.53
13933,36060,2025-03-08 10:55:18,403,1,25390.62
13934,36061,2025-03-29 09:17:54,412,1,2747.39
13935,36063,2025-01-27 14:41:06,108,2,10541.66
13936,36063,2025-02-08 12:29:26,433,1,10765.07
13937,36067,2025-04-25 13:23:16,308,1,10693.04
13938,36070,2025-02-25 08:26:38,47,1,6372.46
13939,36072,2025-04-27 07:26:59,478,1,37666.35
13940,36073,2025-06-22 08:18:37,252,1,5818.59
13941,36074,2025-05-24 00:37:11,287,2,10657.12
13942,36075,2025-02-24 08:17:02,261,2,38316.38
13943,36077,2025-03-21 05:35:24,291,1,1193.57
13944,36078,2025-04-07 23:21:07,132,1,7791.77
13945,36078,2025-04-23 08:22:32,496,1,31539.91
13946,36079,2025-03-30 11:27:39,56,1,29155.33
13947,36082,2025-01-14 08:32:20,267,1,20054.79
13948,36083,2025-02-25 15:38:11,485,1,26241.01
13949,36085,2025-05-07 09:38:40,417,1,32512.83
13950,36096,2025-04-16 07:40:21,145,1,5753.8
13951,36100,2025-04-17 15:56:45,281,2,17150.08
13952,36100,2025-04-29 19:13:52,277,1,134439.28
13953,36106,2025-04-11 14:25:00,28,1,10248.86
13954,36112,2025-01-02 00:10:12,10,1,3952.37
13955,36121,2025-06-25 21:35:08,49,1,3584.0
13956,36124,2025-02-20 06:34:15,329,1,11214.8
13957,36134,2025-05-04 23:20:51,270,1,514.56
13958,36138,2025-02-04 12:03:18,424,1,14170.15
13959,36138,2025-02-15 06:54:43,465,2,34858.36
13960,36141,2025-03-30 13:05:53,402,1,19649.25
13961,36142,2025-01-11 15:43:45,303,1,1454.24
13962,36144,2025-03-21 00:51:55,69,1,7709.45
13963,36155,2025-02-04 23:52:37,410,1,90198.25
13964,36157,2025-02-11 13:53:53,254,1,16059.76
13965,36161,2025-05-10 05:21:01,1,2,14410.02
13966,36166,2025-04-04 19:28:29,38,1,12400.94
13967,36167,2025-04-27 15:35:59,298,1,12693.22
13968,36168,2025-01-04 22:11:51,126,2,31906.16
13969,36170,2025-05-11 19:27:45,371,1,23547.53
13970,36175,2025-06-22 01:05:45,78,1,149482.7
13971,36177,2025-02-12 16:47:54,214,3,62619.57
13972,36177,2025-03-10 08:06:25,400,1,24109.01
13973,36179,2025-04-30 04:54:18,293,1,3662.24
13974,36181,2025-02-15 10:50:38,366,1,9798.21
13975,36184,2025-04-07 15:43:41,216,1,43283.26
13976,36185,2025-03-28 10:50:39,83,1,20559.25
13977,36188,2025-01-18 08:57:38,118,1,2075.07
13978,36192,2025-05-17 06:11:22,105,2,15255.34
13979,36195,2025-01-18 23:43:36,246,2,8971.84
13980,36198,2025-05-28 19:12:21,71,2,8853.58
13981,36202,2025-02-04 21:11:12,319,1,29688.49
13982,36206,2025-05-07 22:04:51,32,1,7276.12
13983,36209,2025-05-05 16:02:09,421,1,3913.39
13984,36210,2025-03-27 08:14:26,279,1,11780.7
13985,36211,2025-01-28 15:29:31,310,1,1082.78
13986,36212,2025-04-09 05:54:31,422,1,8047.95
13987,36213,2025-02-15 09:53:54,367,1,5745.57
13988,36215,2025-01-09 12:24:39,312,1,24505.73
13989,36220,2025-05-20 07:12:04,457,1,32494.5
13990,36222,2025-01-10 17:22:33,387,1,28854.36
13991,36222,2025-01-23 11:35:19,23,1,24086.36
13992,36223,2025-04-13 01:57:41,272,1,11789.2
13993,36232,2025-06-30 10:53:21,384,1,4013.53
13994,36234,2025-06-27 02:45:28,222,1,8006.41
13995,36236,2025-02-27 11:44:24,172,1,36415.92
13996,36237,2025-03-03 14:35:27,181,1,11869.76
13997,36238,2025-03-17 03:07:25,485,1,26241.01
13998,36239,2025-06-04 09:18:13,271,1,35581.83
13999,36244,2025-02-04 17:30:15,412,1,2747.39
14000,36247,2025-04-03 07:34:52,188,1,631.77
14001,36248,2025-04-14 05:32:47,427,1,4312.66
14002,36251,2025-05-16 17:37:21,449,1,651.83
14003,36252,2025-03-17 10:08:36,5,1,111884.19
14004,36259,2025-03-06 08:52:23,167,1,26417.09
14005,36267,2025-05-13 17:46:24,100,1,17574.95
14006,36271,2025-04-25 23:49:59,404,2,27691.36
14007,36275,2025-02-18 20:48:59,82,3,37174.62
14008,36276,2025-03-12 01:00:25,494,2,990.74
14009,36277,2025-04-19 14:29:52,363,3,114079.11
14010,36277,2025-05-10 15:06:12,483,1,43632.67
14011,36278,2025-04-07 05:43:15,303,1,1454.24
14012,36286,2025-06-20 18:10:12,308,1,10693.04
14013,36291,2025-06-27 11:14:52,230,1,3807.27
14014,36292,2025-04-07 11:21:23,199,1,130009.3
14015,36297,2025-01-08 07:35:38,34,1,2098.05
14016,36298,2025-04-12 09:53:38,221,2,28596.54
14017,36300,2025-06-17 09:11:49,75,3,37830.63
14018,36304,2025-03-31 08:25:07,180,2,45239.26
14019,36306,2025-05-17 15:26:55,489,1,8331.51
14020,36307,2025-06-03 03:02:17,332,2,1005.36
14021,36321,2025-04-16 15:44:09,380,1,19492.66
14022,36322,2025-03-28 00:48:30,426,1,24723.16
14023,36324,2025-06-16 20:37:45,494,1,495.37
14024,36327,2025-06-04 04:17:10,399,1,17727.09
14025,36328,2025-05-09 07:54:26,347,1,26954.74
14026,36330,2025-04-03 05:33:14,332,1,502.68
14027,36331,2025-04-08 15:51:17,404,1,13845.68
14028,36332,2025-06-14 12:29:07,272,1,11789.2
14029,36334,2025-05-12 19:54:31,3,1,10094.67
14030,36340,2025-03-16 17:10:46,13,1,2692.52
14031,36341,2025-01-17 19:29:42,380,1,19492.66
14032,36342,2025-01-11 21:13:57,7,2,2817.88
14033,36345,2025-06-13 12:30:32,419,2,49439.22
14034,36350,2025-04-04 04:30:47,485,2,52482.02
14035,36353,2025-02-11 13:27:20,315,1,33862.07
14036,36354,2025-02-27 17:42:08,389,1,3219.85
14037,36356,2025-06-23 18:35:21,340,1,86475.35
14038,36358,2025-06-08 12:40:16,443,1,19089.94
14039,36361,2025-01-18 12:15:19,388,1,37608.5
14040,36366,2025-05-24 00:13:55,465,3,52287.54
14041,36366,2025-06-07 00:18:12,357,1,136130.58
14042,36370,2025-02-13 22:31:37,74,2,48786.72
14043,36372,2025-02-06 21:29:25,120,1,19023.98
14044,36380,2025-04-28 18:52:21,2,1,19570.0
14045,36380,2025-05-20 15:56:19,47,1,6372.46
14046,36383,2025-03-11 05:23:59,350,1,4462.47
14047,36383,2025-03-19 12:12:34,409,3,18889.41
14048,36387,2025-04-25 07:21:19,250,1,20800.98
14049,36389,2025-03-03 13:24:07,191,1,36768.02
14050,36391,2025-03-22 02:53:02,177,1,6007.88
14051,36394,2025-02-23 08:00:03,152,1,7223.67
14052,36396,2025-02-25 07:38:52,73,1,3184.93
14053,36397,2025-05-19 07:44:41,334,1,4204.59
14054,36401,2025-01-25 07:38:43,151,1,10165.09
14055,36401,2025-02-11 20:49:15,285,1,115911.82
14056,36401,2025-02-18 01:22:47,358,1,8037.68
14057,36404,2025-06-01 19:00:12,481,1,3800.46
14058,36408,2025-02-07 22:51:00,269,1,115514.93
14059,36410,2025-04-20 18:02:21,253,1,9261.77
14060,36413,2025-01-30 02:47:39,378,2,31990.34
14061,36415,2025-03-09 19:53:43,117,1,1496.44
14062,36423,2025-03-11 19:37:17,384,1,4013.53
14063,36426,2025-06-06 13:27:39,179,1,113736.5
14064,36428,2025-04-11 12:41:03,412,2,5494.78
14065,36431,2025-04-11 00:47:06,242,2,18570.78
14066,36436,2025-04-27 02:26:24,197,3,3324.57
14067,36439,2025-05-01 18:01:07,44,2,12264.32
14068,36440,2025-06-12 14:45:14,485,1,26241.01
14069,36442,2025-04-16 11:18:08,429,1,2789.86
14070,36448,2025-06-03 08:23:46,108,1,5270.83
14071,36450,2025-04-01 04:25:52,165,2,3465.06
14072,36454,2025-01-27 05:04:51,317,1,2354.88
14073,36458,2025-02-08 15:22:00,367,2,11491.14
14074,36459,2025-06-09 01:30:00,65,1,15098.74
14075,36462,2025-03-09 07:41:56,493,1,17276.96
14076,36464,2025-05-08 12:22:39,363,2,76052.74
14077,36466,2025-02-27 02:54:04,377,1,6504.51
14078,36466,2025-03-03 02:35:42,157,1,103545.76
14079,36466,2025-03-08 16:18:09,320,1,33560.76
14080,36468,2025-06-08 10:15:16,318,3,58654.77
14081,36472,2025-06-24 08:42:00,430,1,24645.4
14082,36474,2025-02-07 22:33:23,396,1,110532.21
14083,36474,2025-02-20 04:29:56,78,1,149482.7
14084,36477,2025-02-04 23:10:23,247,1,9897.75
14085,36480,2025-05-26 07:39:10,499,1,3999.82
14086,36481,2025-04-20 18:19:48,130,1,16268.89
14087,36481,2025-05-05 10:56:49,366,1,9798.21
14088,36482,2025-04-06 12:24:27,400,1,24109.01
14089,36484,2025-06-10 04:26:13,447,2,2976.72
14090,36486,2025-04-24 22:09:09,293,1,3662.24
14091,36487,2025-02-04 02:44:50,381,1,9476.92
14092,36488,2025-01-29 03:50:06,273,2,16260.86
14093,36489,2025-05-20 02:42:48,181,1,11869.76
14094,36494,2025-03-30 19:43:28,177,1,6007.88
14095,36495,2025-01-11 00:35:44,193,1,33028.41
14096,36495,2025-02-07 23:33:03,83,1,20559.25
14097,36496,2025-01-15 03:40:53,42,1,35405.28
14098,36498,2025-03-14 07:48:03,229,1,30697.88
14099,36503,2025-04-26 17:18:47,19,2,5540.18
14100,36504,2025-03-29 20:36:55,22,1,12590.38
14101,36517,2025-01-03 22:55:26,438,1,5413.4
14102,36517,2025-01-29 20:45:47,225,1,3052.25
14103,36528,2025-04-08 13:48:28,390,1,3926.05
14104,36529,2025-05-29 20:17:05,200,2,15675.14
14105,36529,2025-06-12 11:33:11,55,1,24029.51
14106,36534,2025-05-29 04:15:44,231,2,5840.84
14107,36536,2025-04-25 05:40:12,375,3,8392.11
14108,36536,2025-05-17 05:34:38,276,1,4843.01
14109,36544,2025-06-04 02:04:10,284,2,21340.64
14110,36551,2025-06-23 00:36:49,145,1,5753.8
14111,36556,2025-04-20 11:46:29,63,1,8572.39
14112,36561,2025-03-04 23:00:07,307,2,45516.54
14113,36563,2025-05-11 13:23:21,268,1,7387.83
14114,36565,2025-06-10 04:53:49,7,1,1408.94
14115,36566,2025-04-19 14:25:35,427,1,4312.66
14116,36566,2025-04-27 15:19:48,266,1,8000.62
14117,36567,2025-03-05 03:48:02,163,1,7638.19
14118,36572,2025-05-06 12:22:03,365,1,13691.92
14119,36575,2025-02-28 04:53:19,255,2,6002.8
14120,36581,2025-02-05 19:59:59,208,2,6937.54
14121,36584,2025-01-25 03:32:07,106,3,13060.89
14122,36585,2025-04-19 06:58:33,58,1,33150.95
14123,36590,2025-05-13 20:01:56,195,1,17742.05
14124,36591,2025-06-19 18:10:14,101,1,19086.83
14125,36593,2025-04-08 15:49:21,331,1,10724.43
14126,36597,2025-04-11 16:53:40,175,2,162937.44
14127,36600,2025-04-17 20:33:06,68,1,47179.0
14128,36602,2025-06-04 20:24:53,490,2,25480.08
14129,36604,2025-06-14 08:40:30,50,3,27162.12
14130,36606,2025-04-21 18:11:31,446,2,273560.16
14131,36609,2025-01-22 06:12:02,186,1,5082.83
14132,36611,2025-01-29 08:04:18,484,1,92913.94
14133,36612,2025-04-21 16:04:11,332,2,1005.36
14134,36612,2025-04-28 17:29:53,330,1,3233.01
14135,36613,2025-05-22 23:24:20,279,1,11780.7
14136,36616,2025-06-19 08:04:15,247,1,9897.75
14137,36619,2025-06-12 22:03:19,335,1,6200.21
14138,36621,2025-02-02 07:59:41,145,1,5753.8
14139,36621,2025-02-06 02:56:21,453,3,9825.63
14140,36622,2025-06-30 05:12:57,84,1,2448.39
14141,36629,2025-05-04 14:05:57,160,1,13826.53
14142,36636,2025-04-17 08:09:28,71,1,4426.79
14143,36638,2025-04-11 16:45:25,131,1,10203.73
14144,36639,2025-03-10 07:08:49,216,1,43283.26
14145,36642,2025-01-08 22:47:01,401,1,11690.67
14146,36642,2025-01-17 16:37:20,125,1,20320.95
14147,36651,2025-01-02 11:50:15,33,1,17762.94
14148,36655,2025-04-27 20:10:43,60,1,5108.13
14149,36657,2025-05-14 04:32:25,366,1,9798.21
14150,36659,2025-05-23 02:36:39,44,1,6132.16
14151,36662,2025-06-16 06:40:01,254,2,32119.52
14152,36662,2025-06-29 23:11:03,469,1,8458.92
14153,36664,2025-04-01 17:29:25,233,1,4628.25
14154,36667,2025-01-19 01:24:47,219,1,2535.54
14155,36668,2025-01-10 03:36:16,103,1,42328.61
14156,36670,2025-05-08 16:54:21,338,1,88128.75
14157,36670,2025-05-19 20:24:36,67,2,6491.1
14158,36670,2025-06-01 05:00:22,148,1,129106.55
14159,36673,2025-06-19 05:02:29,193,2,66056.82
14160,36674,2025-02-26 08:05:34,58,2,66301.9
14161,36677,2025-06-06 00:54:04,15,1,9205.01
14162,36680,2025-06-21 22:47:29,15,1,9205.01
14163,36681,2025-03-25 18:26:34,65,1,15098.74
14164,36686,2025-03-18 08:02:59,154,3,109391.4
14165,36688,2025-01-18 06:25:19,31,2,4443.28
14166,36690,2025-03-17 21:02:01,133,1,30464.02
14167,36691,2025-04-27 11:35:16,207,1,30716.03
14168,36692,2025-05-20 06:59:28,414,1,20297.26
14169,36692,2025-06-03 12:59:17,498,1,13866.8
14170,36695,2025-05-04 20:57:55,149,1,10316.11
14171,36695,2025-05-20 03:54:15,174,1,2937.34
14172,36697,2025-06-14 16:29:14,4,1,110986.96
14173,36698,2025-04-14 09:40:40,179,1,113736.5
14174,36702,2025-04-02 14:08:51,469,1,8458.92
14175,36704,2025-03-20 13:40:23,398,1,9488.31
14176,36706,2025-03-28 12:54:56,16,2,8319.92
14177,36712,2025-05-02 15:02:25,403,1,25390.62
14178,36712,2025-05-09 14:52:10,195,1,17742.05
14179,36714,2025-01-24 13:29:59,10,1,3952.37
14180,36722,2025-06-28 02:15:52,241,2,22337.64
14181,36725,2025-03-11 18:22:38,68,1,47179.0
14182,36727,2025-06-13 09:15:31,53,1,67150.12
14183,36728,2025-02-15 23:36:23,440,1,3107.23
14184,36734,2025-02-06 01:59:18,430,1,24645.4
14185,36735,2025-03-20 11:42:22,277,1,134439.28
14186,36737,2025-01-02 09:55:44,374,1,10459.29
14187,36738,2025-04-05 18:50:16,300,1,11130.88
14188,36741,2025-02-27 23:43:33,101,1,19086.83
14189,36744,2025-06-08 18:11:36,279,1,11780.7
14190,36747,2025-06-14 21:56:38,493,3,51830.88
14191,36752,2025-03-17 02:23:54,473,1,1074.49
14192,36768,2025-03-13 18:35:44,391,2,14962.12
14193,36771,2025-02-12 11:30:17,253,1,9261.77
14194,36772,2025-01-12 07:16:39,203,1,13023.16
14195,36773,2025-01-02 17:14:02,191,1,36768.02
14196,36774,2025-03-10 06:50:33,500,1,101175.55
14197,36775,2025-06-27 13:08:56,154,1,36463.8
14198,36777,2025-05-31 10:26:00,306,1,4449.97
14199,36778,2025-03-27 07:06:51,107,1,11847.57
14200,36781,2025-06-10 20:02:20,341,1,4466.97
14201,36785,2025-03-09 00:55:09,241,2,22337.64
14202,36790,2025-01-21 03:01:12,23,1,24086.36
14203,36795,2025-04-03 20:47:20,348,1,11453.57
14204,36796,2025-06-03 18:51:07,461,1,5690.14
14205,36796,2025-06-06 23:51:36,353,1,14609.61
14206,36797,2025-03-23 23:20:43,258,1,4584.18
14207,36804,2025-02-27 21:13:56,65,1,15098.74
14208,36807,2025-06-11 11:30:53,297,1,17729.74
14209,36811,2025-06-21 09:53:08,347,2,53909.48
14210,36814,2025-03-21 13:30:29,177,1,6007.88
14211,36815,2025-03-02 01:57:30,199,1,130009.3
14212,36821,2025-03-31 15:29:37,120,1,19023.98
14213,36822,2025-01-11 23:28:31,50,1,9054.04
14214,36823,2025-06-10 03:36:27,478,2,75332.7
14215,36826,2025-06-08 22:43:47,80,1,124124.35
14216,36832,2025-06-23 01:52:28,218,2,188416.68
14217,36833,2025-02-07 03:11:05,358,1,8037.68
14218,36838,2025-04-24 09:17:51,279,3,35342.1
14219,36839,2025-06-12 14:55:34,229,2,61395.76
14220,36842,2025-02-07 04:10:38,470,1,1252.58
14221,36842,2025-02-13 06:07:44,396,3,331596.63
14222,36842,2025-03-02 07:16:45,231,1,2920.42
14223,36847,2025-03-07 07:00:11,216,2,86566.52
14224,36849,2025-06-20 18:43:56,390,1,3926.05
14225,36850,2025-05-30 19:58:39,310,1,1082.78
14226,36853,2025-01-29 18:07:24,274,3,64881.27
14227,36857,2025-01-16 22:39:17,121,1,8945.4
14228,36861,2025-05-26 09:32:55,396,3,331596.63
14229,36862,2025-03-23 04:22:42,387,1,28854.36
14230,36862,2025-04-06 10:24:02,415,1,4695.16
14231,36865,2025-02-17 12:22:52,149,1,10316.11
14232,36869,2025-05-30 08:36:12,168,1,9504.82
14233,36869,2025-06-13 17:43:23,442,1,27027.64
14234,36872,2025-04-09 06:46:03,372,2,2628.06
14235,36876,2025-02-27 19:16:07,67,1,3245.55
14236,36883,2025-05-25 18:19:31,369,1,14392.59
14237,36883,2025-06-02 02:21:39,196,2,2359.12
14238,36885,2025-05-19 13:33:58,403,1,25390.62
14239,36886,2025-04-01 23:55:14,484,2,185827.88
14240,36886,2025-04-12 17:15:16,416,1,36650.72
14241,36886,2025-04-23 20:55:01,439,2,70346.04
14242,36888,2025-02-21 06:37:44,268,1,7387.83
14243,36888,2025-03-01 17:31:18,260,1,13781.16
14244,36890,2025-04-01 14:05:12,218,1,94208.34
14245,36890,2025-04-08 13:43:09,359,1,7693.07
14246,36891,2025-01-19 08:14:31,319,1,29688.49
14247,36892,2025-01-31 06:49:29,276,2,9686.02
14248,36893,2025-03-06 06:52:51,150,3,59418.45
14249,36895,2025-03-22 00:14:27,119,1,9009.08
14250,36896,2025-04-05 21:46:05,187,1,43342.31
14251,36897,2025-06-14 03:11:24,70,1,5458.68
14252,36897,2025-06-29 15:59:09,435,1,4498.66
14253,36901,2025-06-02 19:55:27,253,2,18523.54
14254,36904,2025-06-03 03:16:55,243,1,2252.58
14255,36906,2025-04-15 00:57:43,338,1,88128.75
14256,36911,2025-03-28 19:42:26,463,1,6385.22
14257,36912,2025-01-27 09:00:22,248,1,9420.12
14258,36912,2025-02-06 08:11:35,21,1,14166.0
14259,36917,2025-06-17 09:01:28,56,1,29155.33
14260,36917,2025-06-27 09:37:14,69,1,7709.45
14261,36920,2025-01-25 14:51:34,333,1,4180.46
14262,36927,2025-04-07 19:40:21,19,1,2770.09
14263,36929,2025-05-24 21:11:52,480,1,35487.49
14264,36934,2025-06-03 04:47:30,251,1,8328.29
14265,36935,2025-01-13 17:51:40,15,1,9205.01
14266,36936,2025-03-15 18:49:54,251,1,8328.29
14267,36940,2025-03-02 16:06:28,435,1,4498.66
14268,36943,2025-01-23 05:42:18,236,2,39178.88
14269,36944,2025-06-03 14:49:23,411,1,2755.99
14270,36946,2025-06-25 03:43:27,69,1,7709.45
14271,36947,2025-03-30 12:44:05,42,2,70810.56
14272,36947,2025-05-01 14:20:57,173,1,3095.58
14273,36948,2025-02-27 00:15:21,92,1,3738.51
14274,36950,2025-01-15 14:31:12,72,1,43803.67
14275,36958,2025-05-22 23:15:12,183,2,11468.28
14276,36959,2025-02-12 08:01:57,333,2,8360.92
14277,36960,2025-03-17 23:40:54,340,1,86475.35
14278,36960,2025-04-03 06:24:47,238,1,20295.06
14279,36963,2025-05-08 10:08:14,51,1,10465.17
14280,36964,2025-02-07 20:48:32,427,1,4312.66
14281,36964,2025-03-09 09:24:10,273,1,8130.43
14282,36970,2025-05-28 05:20:41,492,3,26194.95
14283,36973,2025-02-01 18:12:28,385,1,347.25
14284,36973,2025-02-10 12:44:12,492,1,8731.65
14285,36978,2025-04-12 16:14:47,74,3,73180.08
14286,36979,2025-06-14 02:56:43,402,2,39298.5
14287,36981,2025-02-13 09:37:56,434,3,282674.01
14288,36983,2025-03-29 05:00:01,281,1,8575.04
14289,36991,2025-04-09 22:10:55,238,1,20295.06
14290,36991,2025-05-08 02:51:03,213,1,14323.4
14291,36993,2025-02-21 17:10:46,165,1,1732.53
14292,36996,2025-01-17 18:34:57,124,2,8576.28
14293,36996,2025-01-21 06:10:27,488,1,32780.58
14294,37002,2025-02-10 21:27:26,210,1,12877.08
14295,37003,2025-06-05 22:08:13,472,2,94432.38
14296,37006,2025-03-20 14:29:44,43,1,11732.3
14297,37009,2025-05-29 13:52:21,45,1,25096.16
14298,37010,2025-01-27 00:54:50,100,1,17574.95
14299,37012,2025-04-29 21:01:21,489,1,8331.51
14300,37012,2025-06-04 19:49:21,301,1,44256.21
14301,37015,2025-06-30 08:50:43,475,1,11694.47
14302,37018,2025-05-22 18:19:27,199,1,130009.3
14303,37021,2025-04-20 22:24:25,248,1,9420.12
14304,37027,2025-05-16 11:38:19,146,1,9446.45
14305,37030,2025-02-22 22:28:33,77,2,141019.06
14306,37031,2025-04-12 18:09:39,81,2,95729.76
14307,37034,2025-03-19 06:16:05,469,1,8458.92
14308,37042,2025-06-02 21:05:33,134,1,3801.47
14309,37043,2025-03-16 22:55:34,428,1,147572.66
14310,37044,2025-06-20 03:54:03,262,1,37057.19
14311,37052,2025-04-19 18:07:55,134,1,3801.47
14312,37057,2025-04-04 21:42:02,73,1,3184.93
14313,37059,2025-04-24 20:09:39,261,3,57474.57
14314,37060,2025-05-02 09:25:43,72,1,43803.67
14315,37073,2025-02-21 02:29:21,447,2,2976.72
14316,37073,2025-03-04 02:31:19,75,1,12610.21
14317,37074,2025-05-27 11:52:19,142,1,10287.19
14318,37075,2025-05-26 19:28:06,246,2,8971.84
14319,37079,2025-03-29 16:14:47,320,1,33560.76
14320,37079,2025-04-05 07:07:41,279,1,11780.7
14321,37080,2025-01-29 21:54:24,325,1,13982.87
14322,37082,2025-04-03 07:41:10,77,1,70509.53
14323,37086,2025-04-03 08:56:21,385,1,347.25
14324,37088,2025-05-20 00:24:37,468,1,141578.31
14325,37099,2025-01-07 08:41:41,351,1,2039.17
14326,37100,2025-02-19 10:39:08,480,2,70974.98
14327,37106,2025-06-21 02:19:45,5,1,111884.19
14328,37106,2025-06-29 23:07:23,417,1,32512.83
14329,37108,2025-04-06 13:20:50,360,1,10778.02
14330,37112,2025-05-29 14:26:25,44,1,6132.16
14331,37113,2025-06-23 17:13:03,236,1,19589.44
14332,37118,2025-02-26 13:39:36,436,1,18344.93
14333,37126,2025-01-24 15:31:29,484,1,92913.94
14334,37126,2025-01-29 08:50:43,341,1,4466.97
14335,37126,2025-02-15 09:34:04,256,2,1095.16
14336,37129,2025-01-15 22:52:28,174,2,5874.68
14337,37131,2025-04-01 13:52:10,45,1,25096.16
14338,37133,2025-03-17 12:12:42,362,2,1078.4
14339,37135,2025-06-25 23:31:45,144,2,42271.54
14340,37137,2025-03-25 02:15:21,274,1,21627.09
14341,37137,2025-04-07 06:13:50,287,1,5328.56
14342,37139,2025-02-12 16:01:04,355,1,4384.45
14343,37142,2025-03-27 22:06:04,325,1,13982.87
14344,37147,2025-02-03 05:24:28,95,2,28309.52
14345,37149,2025-06-28 05:44:04,61,1,102219.65
14346,37151,2025-03-15 15:43:03,294,1,34584.69
14347,37154,2025-02-25 06:12:59,211,1,31008.7
14348,37154,2025-03-08 23:33:22,29,1,73838.2
14349,37155,2025-06-15 16:35:28,361,1,13985.68
14350,37160,2025-03-01 05:58:37,464,2,56521.26
14351,37161,2025-01-08 22:58:59,6,2,9259.72
14352,37163,2025-02-21 07:06:20,18,2,3693.32
14353,37172,2025-06-06 21:33:06,38,1,12400.94
14354,37174,2025-02-13 23:40:57,176,1,15291.17
14355,37174,2025-03-05 17:52:01,496,1,31539.91
14356,37179,2025-03-22 07:19:30,431,3,18777.9
14357,37184,2025-01-22 02:57:21,457,1,32494.5
14358,37186,2025-02-22 10:51:43,494,1,495.37
14359,37186,2025-02-26 05:30:58,147,1,8701.96
14360,37186,2025-03-12 04:56:57,359,1,7693.07
14361,37189,2025-03-20 08:47:27,223,1,11303.07
14362,37191,2025-05-12 02:01:43,369,1,14392.59
14363,37191,2025-05-31 01:02:23,69,2,15418.9
14364,37194,2025-01-15 20:59:06,122,1,24310.52
14365,37197,2025-01-19 21:12:29,472,1,47216.19
14366,37199,2025-02-02 17:05:11,331,1,10724.43
14367,37203,2025-06-29 22:25:59,324,1,28001.07
14368,37205,2025-01-18 18:03:51,41,1,8500.67
14369,37210,2025-03-26 05:04:44,69,2,15418.9
14370,37215,2025-06-08 01:31:47,262,2,74114.38
14371,37218,2025-03-11 10:57:00,4,1,110986.96
14372,37219,2025-05-15 17:32:45,221,1,14298.27
14373,37226,2025-02-08 10:08:57,270,2,1029.12
14374,37231,2025-02-19 14:16:55,394,1,20682.69
14375,37233,2025-02-24 13:52:39,181,1,11869.76
14376,37234,2025-04-07 14:25:39,41,1,8500.67
14377,37241,2025-03-28 04:05:36,177,2,12015.76
14378,37241,2025-04-06 02:12:29,467,1,82011.77
14379,37242,2025-02-01 10:11:06,422,1,8047.95
14380,37246,2025-04-10 04:35:11,145,1,5753.8
14381,37248,2025-03-09 04:16:43,158,1,2196.76
14382,37254,2025-04-20 22:28:33,343,1,71441.06
14383,37255,2025-01-08 18:44:41,128,1,7580.95
14384,37255,2025-02-08 15:19:25,222,1,8006.41
14385,37256,2025-05-24 17:12:25,11,1,55867.12
14386,37257,2025-03-22 03:44:27,345,1,24246.2
14387,37261,2025-02-05 22:20:47,155,1,27789.39
14388,37264,2025-03-12 19:05:52,84,1,2448.39
14389,37267,2025-04-30 03:19:55,167,1,26417.09
14390,37276,2025-04-28 00:35:27,23,1,24086.36
14391,37278,2025-02-08 07:00:14,286,1,3189.98
14392,37285,2025-04-16 15:36:24,126,1,15953.08
14393,37287,2025-01-24 02:47:05,490,1,12740.04
14394,37287,2025-02-05 09:04:07,23,1,24086.36
14395,37288,2025-04-04 23:59:51,249,1,2728.95
14396,37291,2025-01-30 04:13:33,414,1,20297.26
14397,37296,2025-05-14 23:46:56,446,1,136780.08
14398,37297,2025-01-11 23:21:53,261,1,19158.19
14399,37299,2025-05-31 02:55:35,341,3,13400.91
14400,37302,2025-03-26 10:54:27,108,2,10541.66
14401,37302,2025-04-09 11:09:20,98,1,12583.05
14402,37302,2025-04-20 05:23:17,205,2,29877.28
14403,37303,2025-01-26 19:05:52,53,1,67150.12
14404,37304,2025-02-08 07:03:44,287,1,5328.56
14405,37310,2025-03-25 21:33:45,395,2,61491.86
14406,37311,2025-05-13 08:18:44,106,1,4353.63
14407,37314,2025-02-15 23:33:50,351,1,2039.17
14408,37317,2025-02-09 16:19:08,488,2,65561.16
14409,37318,2025-05-01 22:49:15,296,2,216254.82
14410,37318,2025-05-11 22:20:03,308,1,10693.04
14411,37321,2025-03-12 00:29:14,443,1,19089.94
14412,37326,2025-05-02 07:30:43,142,1,10287.19
14413,37329,2025-05-17 10:18:10,158,2,4393.52
14414,37333,2025-05-24 03:07:22,320,1,33560.76
14415,37336,2025-06-19 21:08:31,160,1,13826.53
14416,37337,2025-04-17 17:44:18,212,1,105203.42
14417,37337,2025-05-14 18:50:42,97,1,623.51
14418,37342,2025-04-11 17:34:09,196,1,1179.56
14419,37345,2025-03-15 11:08:14,385,1,347.25
14420,37345,2025-03-25 12:53:13,347,1,26954.74
14421,37348,2025-06-17 13:01:06,245,1,15399.15
14422,37351,2025-02-09 12:17:31,406,1,24419.24
14423,37353,2025-04-23 15:19:41,442,3,81082.92
14424,37353,2025-05-06 11:15:34,487,1,17124.6
14425,37358,2025-01-22 18:58:50,169,1,2636.13
14426,37364,2025-01-13 01:59:09,422,1,8047.95
14427,37365,2025-02-02 10:01:41,465,2,34858.36
14428,37366,2025-02-06 20:55:30,269,2,231029.86
14429,37368,2025-01-17 05:11:13,428,3,442717.98
14430,37370,2025-03-17 17:38:51,462,2,44606.0
14431,37371,2025-06-07 18:23:05,465,2,34858.36
14432,37373,2025-03-03 07:01:20,394,2,41365.38
14433,37376,2025-02-23 16:10:27,185,1,12990.29
14434,37380,2025-02-27 15:55:26,135,1,13650.75
14435,37383,2025-06-28 19:02:17,185,2,25980.58
14436,37388,2025-06-24 10:27:41,325,2,27965.74
14437,37395,2025-01-02 02:12:22,294,3,103754.07
14438,37401,2025-02-02 06:07:30,297,1,17729.74
14439,37405,2025-05-23 07:36:12,81,1,47864.88
14440,37408,2025-03-11 13:07:37,467,1,82011.77
14441,37408,2025-03-28 00:23:31,225,1,3052.25
14442,37410,2025-02-08 23:51:41,297,2,35459.48
14443,37421,2025-05-27 13:46:20,439,3,105519.06
14444,37423,2025-01-14 12:50:48,409,1,6296.47
14445,37429,2025-06-29 20:23:03,387,1,28854.36
14446,37431,2025-06-07 14:59:42,279,2,23561.4
14447,37432,2025-04-20 17:23:54,393,1,13053.76
14448,37433,2025-03-19 03:58:52,90,1,93514.94
14449,37434,2025-06-10 00:54:38,489,1,8331.51
14450,37447,2025-02-17 23:41:34,52,1,4983.11
14451,37451,2025-04-26 14:57:12,317,1,2354.88
14452,37451,2025-05-01 08:08:59,285,2,231823.64
14453,37457,2025-01-06 02:42:02,402,1,19649.25
14454,37458,2025-03-30 07:12:56,333,1,4180.46
14455,37458,2025-04-10 03:59:49,488,1,32780.58
14456,37462,2025-04-23 06:43:31,300,1,11130.88
14457,37465,2025-02-14 18:15:48,91,1,115829.28
14458,37469,2025-03-21 03:47:42,449,1,651.83
14459,37472,2025-01-19 13:14:42,242,1,9285.39
14460,37474,2025-06-20 19:15:23,345,2,48492.4
14461,37476,2025-01-22 06:26:41,93,2,11548.06
14462,37477,2025-04-14 23:19:15,49,1,3584.0
14463,37480,2025-05-29 06:52:02,440,1,3107.23
14464,37488,2025-05-07 07:20:01,169,1,2636.13
14465,37488,2025-05-15 13:06:13,213,2,28646.8
14466,37489,2025-01-27 07:39:25,175,1,81468.72
14467,37490,2025-01-31 20:02:20,293,1,3662.24
14468,37494,2025-04-21 18:12:26,215,1,30903.15
14469,37496,2025-02-09 04:12:47,331,1,10724.43
14470,37496,2025-02-13 07:23:35,112,2,13620.88
14471,37497,2025-01-15 10:54:58,128,1,7580.95
14472,37502,2025-03-31 12:19:20,185,1,12990.29
14473,37505,2025-02-09 05:17:32,8,1,2149.22
14474,37508,2025-03-23 23:20:10,211,1,31008.7
14475,37514,2025-05-23 01:52:58,450,1,7501.43
14476,37527,2025-04-01 05:03:47,203,1,13023.16
14477,37528,2025-03-29 09:49:17,269,1,115514.93
14478,37530,2025-05-18 14:15:18,35,1,3087.93
14479,37533,2025-04-04 01:28:06,184,1,2970.14
14480,37543,2025-03-17 11:38:59,207,2,61432.06
14481,37545,2025-06-08 08:10:23,454,2,7488.62
14482,37547,2025-05-03 08:02:31,195,1,17742.05
14483,37550,2025-03-23 19:43:37,422,1,8047.95
14484,37550,2025-04-05 21:39:27,348,3,34360.71
14485,37555,2025-06-28 07:53:28,58,2,66301.9
14486,37561,2025-04-03 08:22:43,250,1,20800.98
14487,37562,2025-03-28 18:02:56,449,1,651.83
14488,37563,2025-04-01 14:58:43,444,1,148248.16
14489,37565,2025-06-03 22:28:20,177,1,6007.88
14490,37566,2025-02-14 01:26:09,276,3,14529.03
14491,37569,2025-05-10 20:04:58,485,1,26241.01
14492,37575,2025-05-17 14:03:00,214,1,20873.19
14493,37578,2025-03-03 19:52:57,259,1,9549.49
14494,37579,2025-06-22 10:34:49,298,1,12693.22
14495,37581,2025-02-25 09:51:01,353,1,14609.61
14496,37582,2025-01-17 23:29:01,433,1,10765.07
14497,37586,2025-01-24 04:28:38,198,1,7794.51
14498,37587,2025-01-20 01:02:20,319,3,89065.47
14499,37590,2025-02-17 07:05:45,236,2,39178.88
14500,37591,2025-06-20 02:59:01,352,2,59048.82
14501,37592,2025-03-06 00:33:54,455,1,3164.97
14502,37593,2025-03-13 09:58:46,485,1,26241.01
14503,37593,2025-03-21 10:24:47,363,2,76052.74
14504,37604,2025-06-08 03:45:25,303,1,1454.24
14505,37606,2025-03-07 11:07:18,286,1,3189.98
14506,37609,2025-06-20 08:44:18,47,3,19117.38
14507,37626,2025-05-31 06:51:04,360,1,10778.02
14508,37627,2025-02-27 03:51:29,470,2,2505.16
14509,37627,2025-03-29 23:11:52,181,2,23739.52
14510,37629,2025-02-02 22:59:50,288,3,33777.39
14511,37630,2025-01-31 17:48:48,34,1,2098.05
14512,37632,2025-04-21 18:36:27,484,1,92913.94
14513,37633,2025-05-08 05:42:15,471,1,29952.23
14514,37634,2025-02-27 21:00:09,453,1,3275.21
14515,37635,2025-05-28 21:53:41,252,1,5818.59
14516,37638,2025-05-20 19:56:37,49,1,3584.0
14517,37640,2025-05-13 12:41:56,70,1,5458.68
14518,37645,2025-02-14 09:20:43,415,1,4695.16
14519,37654,2025-04-06 19:21:50,456,1,19874.65
14520,37656,2025-04-08 13:59:17,469,1,8458.92
14521,37660,2025-06-12 16:37:57,195,1,17742.05
14522,37661,2025-05-16 21:24:26,418,1,16621.38
14523,37663,2025-02-17 21:58:37,191,1,36768.02
14524,37663,2025-03-02 00:04:18,283,1,38631.44
14525,37664,2025-06-22 06:56:03,20,1,1778.75
14526,37665,2025-03-03 01:33:07,320,1,33560.76
14527,37667,2025-02-06 05:20:15,362,1,539.2
14528,37670,2025-04-20 05:02:57,296,2,216254.82
14529,37671,2025-04-06 10:04:28,42,1,35405.28
14530,37680,2025-04-08 07:10:04,494,3,1486.11
14531,37680,2025-04-14 10:42:58,128,1,7580.95
14532,37691,2025-05-05 14:22:47,377,1,6504.51
14533,37694,2025-06-16 00:50:01,99,2,117491.68
14534,37696,2025-06-06 16:51:31,392,1,3931.31
14535,37698,2025-05-02 02:47:49,284,1,10670.32
14536,37699,2025-02-23 17:53:48,276,1,4843.01
14537,37700,2025-06-11 22:35:17,185,1,12990.29
14538,37704,2025-06-03 18:12:49,231,1,2920.42
14539,37704,2025-06-08 11:12:18,38,3,37202.82
14540,37708,2025-05-31 23:36:53,468,1,141578.31
14541,37710,2025-04-04 14:27:29,237,1,23121.27
14542,37713,2025-06-13 14:29:27,374,1,10459.29
14543,37716,2025-06-07 22:50:35,276,1,4843.01
14544,37716,2025-06-27 16:27:41,93,2,11548.06
14545,37718,2025-02-21 20:58:09,254,1,16059.76
14546,37719,2025-03-30 13:09:38,295,1,13255.4
14547,37721,2025-01-28 21:05:38,160,1,13826.53
14548,37724,2025-06-08 21:27:26,379,1,29755.14
14549,37724,2025-06-12 01:55:48,56,1,29155.33
14550,37731,2025-06-02 15:41:03,8,1,2149.22
14551,37731,2025-06-19 22:33:29,477,1,37353.59
14552,37735,2025-05-24 03:11:09,479,1,17062.05
14553,37739,2025-04-24 21:10:19,82,1,12391.54
14554,37742,2025-04-21 05:12:46,362,1,539.2
14555,37747,2025-03-13 16:05:14,278,1,12926.7
14556,37748,2025-01-03 15:23:07,490,1,12740.04
14557,37751,2025-04-15 21:32:36,402,2,39298.5
14558,37753,2025-03-17 01:51:42,108,1,5270.83
14559,37753,2025-04-29 16:27:54,469,1,8458.92
14560,37757,2025-05-11 22:21:17,295,1,13255.4
14561,37757,2025-06-20 13:17:57,483,1,43632.67
14562,37760,2025-06-10 12:35:44,130,1,16268.89
14563,37760,2025-06-26 03:16:28,125,1,20320.95
14564,37762,2025-03-12 08:26:35,196,1,1179.56
14565,37763,2025-03-31 22:33:52,326,1,81782.53
14566,37772,2025-02-06 03:06:00,243,1,2252.58
14567,37773,2025-05-07 15:32:36,468,1,141578.31
14568,37773,2025-05-12 13:45:57,180,2,45239.26
14569,37777,2025-02-05 14:18:28,12,1,10398.85
14570,37780,2025-02-20 13:25:41,102,2,51584.02
14571,37780,2025-03-06 21:06:40,385,1,347.25
14572,37781,2025-06-29 13:44:00,393,2,26107.52
14573,37787,2025-02-10 04:20:49,21,1,14166.0
14574,37793,2025-05-18 19:41:53,209,1,38411.37
14575,37797,2025-02-04 23:53:11,286,2,6379.96
14576,37800,2025-03-28 04:13:06,442,1,27027.64
14577,37804,2025-03-22 15:22:34,277,1,134439.28
14578,37806,2025-02-20 00:15:38,179,1,113736.5
14579,37807,2025-06-28 03:46:14,272,1,11789.2
14580,37814,2025-04-24 08:51:04,376,1,14562.53
14581,37817,2025-02-08 08:11:24,423,1,19615.97
14582,37817,2025-03-06 16:35:15,394,2,41365.38
14583,37823,2025-05-06 21:28:54,136,1,2438.57
14584,37829,2025-01-15 01:24:19,340,2,172950.7
14585,37831,2025-05-27 11:59:49,169,1,2636.13
14586,37831,2025-06-08 19:28:53,246,1,4485.92
14587,37832,2025-06-19 11:07:40,120,1,19023.98
14588,37833,2025-01-18 16:59:08,249,2,5457.9
14589,37838,2025-06-05 08:06:38,60,1,5108.13
14590,37838,2025-06-24 03:14:14,250,1,20800.98
14591,37841,2025-05-12 03:42:11,434,1,94224.67
14592,37843,2025-01-27 13:02:05,266,1,8000.62
14593,37845,2025-03-06 02:23:05,14,1,3902.87
14594,37850,2025-04-25 01:17:29,39,2,39440.08
14595,37851,2025-02-25 07:00:50,31,1,2221.64
14596,37851,2025-02-28 22:08:26,162,1,6647.03
14597,37858,2025-01-08 10:42:22,128,1,7580.95
14598,37860,2025-02-01 00:08:22,224,1,14553.13
14599,37866,2025-03-20 03:30:17,207,1,30716.03
14600,37866,2025-03-31 11:19:22,447,1,1488.36
14601,37869,2025-01-25 05:49:40,195,1,17742.05
14602,37870,2025-06-30 11:12:00,187,1,43342.31
14603,37872,2025-06-16 21:52:54,192,2,66352.8
14604,37873,2025-05-05 04:25:21,478,1,37666.35
14605,37873,2025-05-16 16:30:28,287,2,10657.12
14606,37876,2025-01-11 18:26:35,163,1,7638.19
14607,37877,2025-04-06 14:34:26,76,1,513.56
14608,37878,2025-03-26 01:31:13,29,1,73838.2
14609,37879,2025-06-30 10:06:56,241,2,22337.64
14610,37882,2025-03-01 04:27:17,215,1,30903.15
14611,37882,2025-03-20 01:26:12,177,1,6007.88
14612,37884,2025-05-21 19:06:36,278,1,12926.7
14613,37886,2025-05-26 17:57:26,430,1,24645.4
14614,37888,2025-02-02 17:26:42,165,1,1732.53
14615,37888,2025-02-17 04:03:24,19,2,5540.18
14616,37890,2025-04-23 05:28:57,155,1,27789.39
14617,37892,2025-03-03 17:14:37,47,1,6372.46
14618,37894,2025-04-13 16:28:56,165,1,1732.53
14619,37895,2025-02-22 03:08:53,486,3,17319.72
14620,37908,2025-03-01 17:46:56,90,2,187029.88
14621,37910,2025-06-23 06:03:25,274,1,21627.09
14622,37912,2025-06-16 08:52:39,424,1,14170.15
14623,37913,2025-03-24 23:10:39,334,2,8409.18
14624,37915,2025-01-03 18:51:00,270,1,514.56
14625,37919,2025-02-21 11:03:58,255,2,6002.8
14626,37919,2025-03-09 08:36:25,417,1,32512.83
14627,37920,2025-04-21 09:06:51,500,1,101175.55
14628,37921,2025-06-02 11:24:44,279,1,11780.7
14629,37923,2025-03-29 07:48:27,227,1,1864.51
14630,37927,2025-06-02 06:13:47,363,1,38026.37
14631,37929,2025-03-17 10:25:56,346,1,14000.92
14632,37932,2025-06-24 15:15:18,59,1,43466.97
14633,37934,2025-03-04 09:46:39,329,2,22429.6
14634,37937,2025-05-27 05:53:40,173,1,3095.58
14635,37938,2025-02-28 12:50:37,417,2,65025.66
14636,37938,2025-03-05 19:07:24,376,2,29125.06
14637,37943,2025-05-09 07:45:44,483,1,43632.67
14638,37945,2025-03-20 12:38:31,117,1,1496.44
14639,37946,2025-04-13 16:48:22,69,1,7709.45
14640,37948,2025-04-23 10:42:24,354,1,13893.05
14641,37949,2025-03-24 19:25:52,136,2,4877.14
14642,37949,2025-04-11 09:17:57,165,2,3465.06
14643,37950,2025-06-23 03:55:18,10,1,3952.37
14644,37976,2025-04-17 15:20:32,257,1,2435.84
14645,37981,2025-06-19 01:22:07,472,1,47216.19
14646,37985,2025-05-14 00:12:52,204,1,3831.25
14647,37991,2025-02-17 02:31:59,52,1,4983.11
14648,37991,2025-02-26 04:49:13,117,3,4489.32
14649,37991,2025-03-10 08:07:20,256,1,547.58
14650,37998,2025-04-19 03:15:38,360,1,10778.02
14651,38001,2025-06-13 18:27:50,189,2,19184.4
14652,38001,2025-06-24 13:45:44,438,2,10826.8
14653,38004,2025-06-02 02:08:50,495,2,26331.9
14654,38004,2025-06-18 12:40:44,401,1,11690.67
14655,38005,2025-04-14 06:43:34,171,2,30188.74
14656,38007,2025-03-07 03:59:45,171,1,15094.37
14657,38008,2025-02-25 22:19:59,406,1,24419.24
14658,38008,2025-03-24 21:54:25,478,1,37666.35
14659,38013,2025-06-15 09:33:16,334,2,8409.18
14660,38016,2025-06-26 21:15:22,168,1,9504.82
14661,38023,2025-01-03 01:05:09,140,1,49984.05
14662,38024,2025-03-07 18:26:41,367,1,5745.57
14663,38025,2025-03-11 13:43:23,333,1,4180.46
14664,38027,2025-03-05 07:05:47,383,1,110906.1
14665,38029,2025-04-18 13:25:47,6,1,4629.86
14666,38030,2025-03-20 12:16:19,371,1,23547.53
14667,38036,2025-01-28 03:59:14,3,1,10094.67
14668,38037,2025-03-30 16:27:18,307,1,22758.27
14669,38041,2025-02-27 04:10:13,437,1,1479.71
14670,38042,2025-05-17 00:48:42,487,1,17124.6
14671,38047,2025-04-09 21:11:23,52,1,4983.11
14672,38049,2025-06-01 19:59:14,281,2,17150.08
14673,38053,2025-01-22 20:55:16,285,2,231823.64
14674,38055,2025-04-27 02:49:57,242,1,9285.39
14675,38056,2025-03-21 17:12:41,395,2,61491.86
14676,38057,2025-02-23 02:58:04,294,1,34584.69
14677,38061,2025-05-16 11:06:40,223,1,11303.07
14678,38065,2025-05-28 01:29:41,414,1,20297.26
14679,38065,2025-06-11 08:35:57,26,3,32703.39
14680,38069,2025-04-04 17:48:44,195,1,17742.05
14681,38075,2025-04-26 02:14:30,487,1,17124.6
14682,38080,2025-01-08 07:16:30,245,1,15399.15
14683,38081,2025-04-23 08:56:42,153,2,2100.28
14684,38081,2025-05-04 09:32:50,438,1,5413.4
14685,38084,2025-04-10 18:52:40,127,1,37875.42
14686,38086,2025-01-23 15:11:28,174,1,2937.34
14687,38087,2025-02-27 12:18:14,244,1,3774.78
14688,38087,2025-03-16 15:01:43,499,1,3999.82
14689,38089,2025-04-07 04:55:20,438,1,5413.4
14690,38092,2025-04-19 12:05:03,65,1,15098.74
14691,38097,2025-05-24 17:44:51,401,1,11690.67
14692,38100,2025-03-09 03:22:48,321,1,133685.08
14693,38102,2025-04-16 12:36:36,499,2,7999.64
14694,38102,2025-06-03 12:13:30,455,1,3164.97
14695,38106,2025-04-05 06:39:35,319,1,29688.49
14696,38107,2025-02-18 19:24:59,188,1,631.77
14697,38109,2025-01-24 17:20:54,394,2,41365.38
14698,38119,2025-06-19 21:35:03,60,1,5108.13
14699,38127,2025-05-21 03:05:47,186,1,5082.83
14700,38137,2025-06-07 13:57:11,13,1,2692.52
14701,38139,2025-06-04 11:29:51,37,1,884.45
14702,38150,2025-04-14 13:25:55,260,2,27562.32
14703,38150,2025-05-05 07:47:14,423,1,19615.97
14704,38156,2025-02-24 19:47:11,305,1,2454.31
14705,38160,2025-06-03 17:47:09,409,2,12592.94
14706,38161,2025-02-02 09:05:16,164,1,100669.41
14707,38163,2025-06-16 07:04:09,287,1,5328.56
14708,38164,2025-01-25 16:45:05,357,1,136130.58
14709,38165,2025-01-23 09:09:12,418,1,16621.38
14710,38167,2025-05-04 02:18:20,499,1,3999.82
14711,38170,2025-01-25 19:37:30,14,2,7805.74
14712,38173,2025-05-14 02:27:26,89,2,231384.36
14713,38173,2025-05-23 23:20:05,391,2,14962.12
14714,38180,2025-03-08 13:17:29,92,1,3738.51
14715,38181,2025-03-15 14:38:20,28,1,10248.86
14716,38181,2025-03-26 02:06:05,442,1,27027.64
14717,38182,2025-05-11 04:51:46,473,1,1074.49
14718,38183,2025-05-28 15:53:44,378,2,31990.34
14719,38183,2025-06-13 15:55:02,312,1,24505.73
14720,38186,2025-01-14 23:38:47,227,1,1864.51
14721,38187,2025-03-08 15:30:55,191,1,36768.02
14722,38187,2025-04-16 22:00:05,49,1,3584.0
14723,38191,2025-06-10 13:34:06,113,1,7819.25
14724,38192,2025-02-24 00:41:16,209,3,115234.11
14725,38194,2025-02-22 13:51:48,448,1,18494.26
14726,38196,2025-04-02 15:34:47,64,1,23300.53
14727,38198,2025-04-12 02:01:21,389,1,3219.85
14728,38198,2025-05-03 17:07:17,255,1,3001.4
14729,38199,2025-02-20 12:20:37,440,1,3107.23
14730,38202,2025-03-21 21:11:11,91,2,231658.56
14731,38202,2025-04-04 02:09:20,232,1,3213.9
14732,38202,2025-04-10 02:04:14,151,1,10165.09
14733,38203,2025-04-04 01:56:56,487,1,17124.6
14734,38204,2025-05-13 06:05:09,466,1,31559.05
14735,38205,2025-04-03 07:29:46,362,1,539.2
14736,38207,2025-02-11 13:00:02,12,3,31196.55
14737,38209,2025-06-09 22:19:48,244,2,7549.56
14738,38222,2025-03-30 04:03:13,25,1,2943.92
14739,38224,2025-06-23 12:20:38,334,1,4204.59
14740,38232,2025-01-23 10:00:06,383,2,221812.2
14741,38240,2025-04-10 13:11:24,363,1,38026.37
14742,38242,2025-03-06 09:08:57,423,1,19615.97
14743,38244,2025-04-15 00:46:07,391,1,7481.06
14744,38245,2025-06-04 16:58:30,300,1,11130.88
14745,38246,2025-03-12 16:42:48,487,3,51373.8
14746,38249,2025-06-09 07:16:09,259,1,9549.49
14747,38251,2025-02-13 06:27:10,300,1,11130.88
14748,38255,2025-02-16 15:50:56,363,1,38026.37
14749,38257,2025-03-29 08:57:15,103,3,126985.83
14750,38260,2025-05-19 11:31:04,274,1,21627.09
14751,38261,2025-06-21 11:59:08,249,2,5457.9
14752,38262,2025-02-05 01:32:38,194,1,1522.19
14753,38266,2025-05-07 11:07:42,319,3,89065.47
14754,38271,2025-04-05 10:52:48,158,1,2196.76
14755,38272,2025-03-20 20:05:12,55,3,72088.53
14756,38283,2025-05-18 23:34:09,397,1,38138.57
14757,38285,2025-03-07 13:10:21,234,1,69647.59
14758,38288,2025-02-03 11:29:05,396,1,110532.21
14759,38298,2025-03-25 05:01:11,413,1,24752.33
14760,38300,2025-05-17 11:07:31,360,1,10778.02
14761,38301,2025-06-09 07:12:46,110,1,18441.82
14762,38302,2025-02-12 23:01:53,283,1,38631.44
14763,38303,2025-04-28 17:41:53,206,2,46015.12
14764,38309,2025-01-09 05:31:06,409,1,6296.47
14765,38311,2025-04-23 10:57:00,490,1,12740.04
14766,38312,2025-02-10 05:12:43,186,2,10165.66
14767,38316,2025-06-06 19:28:46,188,1,631.77
14768,38318,2025-04-09 12:14:21,413,2,49504.66
14769,38319,2025-06-12 05:59:10,89,1,115692.18
14770,38320,2025-02-02 05:52:04,180,1,22619.63
14771,38322,2025-05-15 12:20:21,74,2,48786.72
14772,38322,2025-05-26 12:23:54,181,1,11869.76
14773,38331,2025-03-04 17:44:12,366,1,9798.21
14774,38334,2025-04-23 10:56:14,492,1,8731.65
14775,38336,2025-05-20 14:54:37,458,1,50236.06
14776,38337,2025-01-17 19:37:36,451,1,6674.43
14777,38340,2025-06-08 21:54:32,387,1,28854.36
14778,38340,2025-06-28 18:22:18,307,2,45516.54
14779,38343,2025-04-27 14:54:13,450,1,7501.43
14780,38345,2025-05-07 20:25:47,350,1,4462.47
14781,38346,2025-02-16 02:18:58,466,1,31559.05
14782,38350,2025-06-22 08:33:05,487,1,17124.6
14783,38352,2025-02-23 15:59:35,295,1,13255.4
14784,38356,2025-04-04 14:05:51,97,1,623.51
14785,38357,2025-01-31 23:38:28,178,1,122025.22
14786,38358,2025-04-06 08:21:45,161,2,99621.54
14787,38359,2025-05-24 18:51:31,319,1,29688.49
14788,38371,2025-04-10 01:18:42,473,1,1074.49
14789,38372,2025-04-26 07:14:02,343,1,71441.06
14790,38373,2025-03-21 07:59:52,296,1,108127.41
14791,38374,2025-02-08 19:03:50,42,1,35405.28
14792,38374,2025-03-11 14:51:32,109,1,13239.59
14793,38375,2025-01-09 23:23:43,270,1,514.56
14794,38385,2025-01-18 03:41:19,315,1,33862.07
14795,38388,2025-03-12 10:13:54,475,2,23388.94
14796,38390,2025-03-19 00:24:55,352,3,88573.23
14797,38392,2025-05-19 16:18:23,323,2,42754.58
14798,38393,2025-04-27 01:26:26,386,1,30141.47
14799,38393,2025-05-14 10:40:24,408,3,26803.44
14800,38395,2025-01-04 09:28:16,157,1,103545.76
14801,38397,2025-02-27 10:45:39,274,1,21627.09
14802,38398,2025-04-10 21:53:02,93,1,5774.03
14803,38401,2025-05-06 11:06:53,460,3,123986.01
14804,38402,2025-03-26 15:05:44,98,1,12583.05
14805,38402,2025-04-21 12:29:33,339,1,464.88
14806,38406,2025-04-27 10:43:14,47,2,12744.92
14807,38407,2025-02-18 12:57:00,241,1,11168.82
14808,38408,2025-02-09 11:56:58,42,1,35405.28
14809,38408,2025-03-01 03:37:58,175,1,81468.72
14810,38409,2025-05-03 01:50:13,9,2,13145.6
14811,38409,2025-05-25 05:08:32,295,1,13255.4
14812,38414,2025-02-07 15:18:57,213,1,14323.4
14813,38417,2025-02-21 10:27:04,361,1,13985.68
14814,38418,2025-05-01 19:18:14,212,1,105203.42
14815,38420,2025-02-02 15:20:37,320,1,33560.76
14816,38420,2025-02-17 23:03:56,468,2,283156.62
14817,38421,2025-03-03 02:51:39,178,1,122025.22
14818,38422,2025-02-22 19:03:39,481,1,3800.46
14819,38425,2025-04-27 10:01:59,40,1,1173.14
14820,38432,2025-06-21 21:53:04,183,1,5734.14
14821,38443,2025-04-02 11:14:05,130,1,16268.89
14822,38446,2025-02-15 04:06:04,415,1,4695.16
14823,38448,2025-04-12 02:01:47,423,1,19615.97
14824,38450,2025-06-20 07:26:09,87,2,47577.48
14825,38451,2025-01-05 04:10:24,351,1,2039.17
14826,38454,2025-04-05 17:43:19,64,2,46601.06
14827,38460,2025-01-30 21:27:23,260,1,13781.16
14828,38464,2025-04-16 00:26:15,264,2,9155.12
14829,38474,2025-05-21 19:33:51,361,1,13985.68
14830,38478,2025-06-02 22:10:08,193,1,33028.41
14831,38478,2025-06-15 07:11:33,231,1,2920.42
14832,38479,2025-05-05 10:08:42,204,1,3831.25
14833,38485,2025-06-22 22:44:05,196,1,1179.56
14834,38485,2025-06-26 10:09:15,4,1,110986.96
14835,38488,2025-01-19 02:02:02,24,1,1604.34
14836,38493,2025-06-03 18:15:25,459,2,5392.06
14837,38496,2025-04-17 05:17:51,479,1,17062.05
14838,38501,2025-05-21 05:03:14,349,3,36125.79
14839,38502,2025-02-28 14:13:48,180,1,22619.63
14840,38506,2025-01-10 19:16:08,192,2,66352.8
14841,38506,2025-01-30 18:11:42,83,1,20559.25
14842,38506,2025-02-06 07:10:11,125,1,20320.95
14843,38508,2025-01-10 08:02:59,338,1,88128.75
14844,38509,2025-04-17 23:47:55,417,1,32512.83
14845,38514,2025-05-08 06:43:22,338,2,176257.5
14846,38514,2025-05-12 02:27:48,45,1,25096.16
14847,38514,2025-05-21 03:13:46,325,1,13982.87
14848,38515,2025-06-27 11:10:22,412,1,2747.39
14849,38517,2025-06-17 02:37:42,165,1,1732.53
14850,38523,2025-04-13 08:41:19,335,1,6200.21
14851,38525,2025-04-30 09:10:27,33,1,17762.94
14852,38530,2025-06-25 22:34:52,446,2,273560.16
14853,38533,2025-06-12 11:39:25,474,1,15410.11
14854,38535,2025-06-20 11:21:07,322,1,5485.52
14855,38542,2025-01-11 08:46:55,296,1,108127.41
14856,38546,2025-04-12 22:34:45,165,2,3465.06
14857,38548,2025-05-07 16:14:04,66,1,7734.16
14858,38549,2025-03-08 19:49:07,236,2,39178.88
14859,38550,2025-04-21 20:58:00,153,1,1050.14
14860,38550,2025-05-28 12:15:15,200,1,7837.57
14861,38558,2025-01-16 12:48:48,6,2,9259.72
14862,38558,2025-01-31 17:53:48,487,1,17124.6
14863,38561,2025-01-25 06:14:50,487,1,17124.6
14864,38565,2025-02-11 10:17:29,311,1,90815.28
14865,38570,2025-04-12 04:48:52,87,1,23788.74
14866,38571,2025-06-30 22:58:21,163,2,15276.38
14867,38572,2025-02-11 09:45:51,26,3,32703.39
14868,38578,2025-02-15 23:19:25,390,2,7852.1
14869,38580,2025-04-22 09:27:49,442,1,27027.64
14870,38581,2025-01-10 22:41:52,172,1,36415.92
14871,38582,2025-04-20 06:58:13,345,2,48492.4
14872,38585,2025-01-07 00:45:05,116,1,13895.24
14873,38586,2025-02-16 19:27:14,112,1,6810.44
14874,38588,2025-01-25 20:39:28,437,1,1479.71
14875,38588,2025-02-07 02:40:25,87,3,71366.22
14876,38588,2025-02-25 04:10:32,107,1,11847.57
14877,38592,2025-06-18 18:40:17,441,1,1146.71
14878,38598,2025-05-18 15:13:16,21,1,14166.0
14879,38602,2025-02-24 11:09:47,460,1,41328.67
14880,38603,2025-03-08 13:50:46,54,1,4159.48
14881,38608,2025-03-17 04:05:17,63,1,8572.39
14882,38613,2025-02-20 18:31:16,351,1,2039.17
14883,38614,2025-03-26 18:32:11,483,3,130898.01
14884,38615,2025-04-15 00:37:55,434,1,94224.67
14885,38618,2025-06-22 18:54:43,31,1,2221.64
14886,38619,2025-04-27 18:30:04,44,1,6132.16
14887,38622,2025-01-23 05:10:10,360,1,10778.02
14888,38625,2025-05-30 21:37:02,498,2,27733.6
14889,38629,2025-05-10 10:24:47,496,1,31539.91
14890,38632,2025-02-27 06:59:30,141,1,78006.44
14891,38633,2025-02-01 09:58:55,364,1,4874.98
14892,38646,2025-03-31 04:22:14,90,1,93514.94
14893,38656,2025-03-23 19:52:22,457,2,64989.0
14894,38662,2025-02-21 00:25:24,401,2,23381.34
14895,38665,2025-05-08 19:01:37,159,1,30772.13
14896,38667,2025-04-12 06:03:27,489,1,8331.51
14897,38668,2025-01-19 14:48:57,399,1,17727.09
14898,38671,2025-06-03 15:57:34,43,3,35196.9
14899,38671,2025-06-07 05:05:36,185,2,25980.58
14900,38673,2025-02-20 02:42:21,280,1,16802.32
14901,38673,2025-03-03 10:33:08,278,2,25853.4
14902,38673,2025-03-25 10:53:47,228,1,9440.11
14903,38673,2025-03-31 08:35:39,225,1,3052.25
14904,38675,2025-03-20 23:09:22,208,1,3468.77
14905,38678,2025-06-14 09:33:50,194,1,1522.19
14906,38684,2025-03-13 19:36:10,282,1,1113.3
14907,38686,2025-05-19 21:32:16,167,1,26417.09
14908,38687,2025-06-05 20:36:05,464,2,56521.26
14909,38690,2025-04-15 16:58:58,381,1,9476.92
14910,38690,2025-04-24 19:22:07,93,1,5774.03
14911,38701,2025-05-13 13:09:10,59,2,86933.94
14912,38721,2025-05-08 10:53:24,353,1,14609.61
14913,38725,2025-03-09 01:15:08,49,1,3584.0
14914,38726,2025-05-24 16:29:27,442,1,27027.64
14915,38728,2025-03-30 02:23:36,131,1,10203.73
14916,38732,2025-02-28 23:58:48,175,1,81468.72
14917,38732,2025-03-07 21:45:57,466,1,31559.05
14918,38733,2025-03-29 20:00:21,456,1,19874.65
14919,38735,2025-03-16 08:49:58,38,2,24801.88
14920,38735,2025-03-23 13:21:58,88,1,38903.03
14921,38736,2025-04-16 22:09:18,395,1,30745.93
14922,38737,2025-06-09 19:58:00,137,1,47310.53
14923,38738,2025-04-04 12:45:20,119,1,9009.08
14924,38742,2025-04-20 09:34:40,91,1,115829.28
14925,38746,2025-01-15 14:04:04,460,2,82657.34
14926,38750,2025-03-02 19:30:54,279,1,11780.7
14927,38753,2025-04-06 22:56:41,382,1,17566.23
14928,38756,2025-06-25 16:51:05,476,1,2319.27
14929,38759,2025-02-04 12:18:48,11,1,55867.12
14930,38760,2025-02-05 08:19:48,42,2,70810.56
14931,38761,2025-06-24 14:08:10,117,2,2992.88
14932,38762,2025-01-24 07:46:14,216,2,86566.52
14933,38765,2025-05-04 12:47:20,43,2,23464.6
14934,38767,2025-03-17 16:42:04,16,1,4159.96
14935,38769,2025-02-03 16:06:04,234,1,69647.59
14936,38772,2025-05-09 00:14:55,132,1,7791.77
14937,38774,2025-02-05 12:59:33,23,1,24086.36
14938,38779,2025-04-02 21:50:38,59,1,43466.97
14939,38784,2025-02-07 15:13:48,400,1,24109.01
14940,38794,2025-06-30 23:58:25,373,2,9987.5
14941,38799,2025-05-20 18:01:37,297,1,17729.74
14942,38800,2025-06-04 12:47:02,149,2,20632.22
14943,38803,2025-02-19 00:53:44,12,2,20797.7
14944,38807,2025-05-27 15:40:23,422,1,8047.95
14945,38808,2025-06-09 11:38:28,201,1,13102.72
14946,38811,2025-04-02 20:01:38,181,1,11869.76
14947,38813,2025-04-19 11:05:45,364,1,4874.98
14948,38819,2025-02-28 20:20:31,21,2,28332.0
14949,38820,2025-03-28 22:04:07,101,1,19086.83
14950,38826,2025-02-11 12:47:06,273,1,8130.43
14951,38828,2025-02-20 05:58:04,254,1,16059.76
14952,38829,2025-04-13 23:19:42,283,1,38631.44
14953,38831,2025-01-24 16:16:48,422,3,24143.85
14954,38833,2025-06-21 05:53:09,237,1,23121.27
14955,38836,2025-06-26 20:37:41,282,1,1113.3
14956,38837,2025-05-08 20:52:14,155,1,27789.39
14957,38839,2025-03-16 10:04:31,286,1,3189.98
14958,38840,2025-01-19 05:46:50,150,1,19806.15
14959,38842,2025-03-01 02:06:56,484,2,185827.88
14960,38848,2025-05-28 03:41:44,320,1,33560.76
14961,38850,2025-01-31 17:58:42,309,1,2510.1
14962,38851,2025-02-20 20:56:55,465,1,17429.18
14963,38852,2025-04-09 10:37:45,360,1,10778.02
14964,38855,2025-01-08 14:25:48,388,1,37608.5
14965,38855,2025-01-25 08:15:46,163,1,7638.19
14966,38860,2025-01-17 07:47:20,233,1,4628.25
14967,38860,2025-02-03 10:00:21,52,1,4983.11
14968,38861,2025-05-25 16:09:21,233,1,4628.25
14969,38864,2025-04-01 13:31:54,495,1,13165.95
14970,38865,2025-03-22 15:42:34,288,1,11259.13
14971,38874,2025-06-04 16:59:22,489,1,8331.51
14972,38874,2025-06-19 19:03:21,364,1,4874.98
14973,38881,2025-02-28 12:33:33,358,1,8037.68
14974,38881,2025-04-03 07:04:31,334,1,4204.59
14975,38884,2025-01-14 12:17:36,500,2,202351.1
14976,38884,2025-01-29 05:47:29,461,1,5690.14
14977,38893,2025-04-23 13:46:05,327,3,24667.59
14978,38895,2025-02-13 15:42:50,25,2,5887.84
14979,38897,2025-05-11 08:42:54,23,2,48172.72
14980,38897,2025-05-25 03:54:41,112,1,6810.44
14981,38899,2025-04-24 14:37:24,322,1,5485.52
14982,38899,2025-05-12 19:05:35,60,1,5108.13
14983,38903,2025-04-25 03:25:30,62,1,20430.08
14984,38906,2025-04-09 02:37:51,349,1,12041.93
14985,38908,2025-03-15 22:00:14,288,1,11259.13
14986,38912,2025-03-02 09:29:46,59,1,43466.97
14987,38919,2025-02-28 09:22:39,486,2,11546.48
14988,38924,2025-05-18 10:34:26,201,1,13102.72
14989,38926,2025-02-06 14:30:29,117,1,1496.44
14990,38935,2025-04-28 23:14:50,415,2,9390.32
14991,38936,2025-04-19 05:16:29,421,1,3913.39
14992,38938,2025-03-25 18:24:19,111,1,1028.45
14993,38939,2025-04-29 04:16:00,93,1,5774.03
14994,38943,2025-02-21 04:11:23,276,1,4843.01
14995,38950,2025-05-05 10:55:05,80,1,124124.35
14996,38951,2025-06-13 20:47:12,217,1,3789.89
14997,38957,2025-05-14 01:04:25,42,1,35405.28
14998,38958,2025-06-17 08:47:38,197,1,1108.19
14999,38959,2025-03-16 11:58:09,486,1,5773.24
15000,38959,2025-03-20 18:42:07,221,2,28596.54
15001,38960,2025-04-05 12:43:28,67,1,3245.55
15002,38964,2025-01-22 12:12:02,228,1,9440.11
15003,38966,2025-04-18 19:02:10,495,1,13165.95
15004,38971,2025-01-04 16:42:31,461,2,11380.28
15005,38972,2025-03-29 07:31:39,227,2,3729.02
15006,38973,2025-05-03 16:39:39,328,1,7767.1
15007,38973,2025-05-25 07:02:53,169,1,2636.13
15008,38975,2025-03-22 08:35:02,62,1,20430.08
15009,38980,2025-03-29 21:55:31,103,1,42328.61
15010,38982,2025-02-15 00:45:09,394,3,62048.07
15011,38982,2025-03-08 12:14:29,260,1,13781.16
15012,38984,2025-05-30 07:09:21,328,2,15534.2
15013,38984,2025-06-16 17:55:15,257,1,2435.84
15014,38987,2025-05-26 21:39:04,335,2,12400.42
15015,38988,2025-05-08 22:38:20,35,2,6175.86
15016,38992,2025-06-26 03:15:31,281,2,17150.08
15017,38994,2025-03-05 13:02:48,229,1,30697.88
15018,39006,2025-06-26 02:13:54,312,1,24505.73
15019,39012,2025-06-22 10:04:46,130,1,16268.89
15020,39013,2025-03-20 16:08:47,100,1,17574.95
15021,39015,2025-01-04 07:36:57,450,1,7501.43
15022,39018,2025-04-13 00:23:25,259,1,9549.49
15023,39020,2025-02-09 05:53:53,363,1,38026.37
15024,39021,2025-05-26 05:55:37,95,1,14154.76
15025,39024,2025-04-10 23:54:09,425,1,14314.74
15026,39026,2025-02-17 06:10:41,64,1,23300.53
15027,39032,2025-06-11 09:13:17,247,1,9897.75
15028,39034,2025-02-04 08:28:38,316,1,5050.1
15029,39037,2025-05-22 03:56:39,38,1,12400.94
15030,39038,2025-03-06 21:39:18,202,1,2128.85
15031,39038,2025-03-11 10:44:56,441,1,1146.71
15032,39038,2025-03-16 18:31:00,290,1,4390.34
15033,39044,2025-05-29 18:45:26,353,1,14609.61
15034,39045,2025-05-22 01:26:45,223,1,11303.07
15035,39050,2025-04-09 23:21:30,439,2,70346.04
15036,39058,2025-02-05 11:02:49,466,2,63118.1
15037,39059,2025-06-10 12:28:32,38,1,12400.94
15038,39060,2025-03-02 04:21:41,39,1,19720.04
15039,39061,2025-06-18 21:00:14,36,2,35117.54
15040,39062,2025-03-20 13:24:28,45,1,25096.16
15041,39066,2025-03-23 07:47:07,428,1,147572.66
15042,39068,2025-04-29 17:25:35,51,1,10465.17
15043,39077,2025-04-14 19:12:57,461,2,11380.28
15044,39078,2025-03-25 05:39:42,143,1,13152.69
15045,39080,2025-01-26 03:40:37,290,1,4390.34
15046,39080,2025-02-07 22:18:15,483,1,43632.67
15047,39082,2025-02-20 07:02:36,495,2,26331.9
15048,39084,2025-01-16 13:41:37,415,1,4695.16
15049,39084,2025-01-31 12:34:38,435,1,4498.66
15050,39088,2025-05-29 23:38:18,280,3,50406.96
15051,39091,2025-04-12 14:36:56,163,2,15276.38
15052,39092,2025-03-27 00:58:22,448,1,18494.26
15053,39097,2025-01-14 16:31:20,381,1,9476.92
15054,39099,2025-04-02 06:40:30,308,1,10693.04
15055,39099,2025-04-14 01:54:33,203,1,13023.16
15056,39108,2025-01-19 04:49:44,163,2,15276.38
15057,39109,2025-04-07 18:51:36,350,2,8924.94
15058,39109,2025-04-28 03:48:02,197,1,1108.19
15059,39111,2025-02-19 00:50:34,317,2,4709.76
15060,39113,2025-02-02 14:47:33,167,1,26417.09
15061,39118,2025-01-23 07:11:32,433,2,21530.14
15062,39124,2025-01-22 15:54:02,298,1,12693.22
15063,39126,2025-06-14 10:33:03,276,1,4843.01
15064,39126,2025-06-24 03:10:56,53,1,67150.12
15065,39129,2025-06-04 09:53:53,321,1,133685.08
15066,39132,2025-01-02 23:05:10,315,1,33862.07
15067,39134,2025-04-02 05:34:07,232,1,3213.9
15068,39134,2025-04-06 15:54:50,171,1,15094.37
15069,39137,2025-01-16 17:01:16,46,3,345626.25
15070,39141,2025-01-31 11:49:24,375,2,5594.74
15071,39151,2025-03-18 15:23:33,86,1,95739.09
15072,39153,2025-03-13 05:57:27,498,1,13866.8
15073,39155,2025-05-19 20:31:12,104,1,19691.24
15074,39156,2025-05-10 01:24:24,47,1,6372.46
15075,39157,2025-01-26 02:55:19,144,1,21135.77
15076,39158,2025-06-30 02:43:29,253,1,9261.77
15077,39163,2025-06-09 07:26:05,166,3,45530.97
15078,39171,2025-06-24 00:54:13,268,1,7387.83
15079,39177,2025-03-03 02:57:40,232,1,3213.9
15080,39177,2025-03-06 14:16:22,420,1,3770.66
15081,39180,2025-01-26 15:20:19,93,2,11548.06
15082,39185,2025-02-19 12:48:25,247,2,19795.5
15083,39185,2025-03-04 19:32:20,407,1,1432.1
15084,39186,2025-05-12 05:29:08,135,1,13650.75
15085,39191,2025-02-06 11:05:51,299,2,18370.88
15086,39191,2025-02-21 01:34:10,497,1,4676.48
15087,39196,2025-01-06 11:36:12,442,2,54055.28
15088,39197,2025-05-27 10:33:44,208,1,3468.77
15089,39200,2025-03-17 00:30:31,354,1,13893.05
15090,39202,2025-06-06 11:47:54,103,1,42328.61
15091,39203,2025-02-02 18:06:34,83,2,41118.5
15092,39205,2025-06-04 04:16:44,398,2,18976.62
15093,39206,2025-06-11 13:24:14,47,1,6372.46
15094,39208,2025-02-16 15:05:41,338,1,88128.75
15095,39210,2025-03-28 01:53:35,498,1,13866.8
15096,39210,2025-04-29 21:02:03,355,1,4384.45
15097,39210,2025-06-01 04:47:06,210,1,12877.08
15098,39212,2025-06-16 16:35:34,24,2,3208.68
15099,39213,2025-04-19 20:15:37,85,1,67271.34
15100,39213,2025-04-25 22:36:06,428,1,147572.66
15101,39215,2025-03-22 05:41:10,239,1,1734.95
15102,39216,2025-05-14 23:04:00,109,1,13239.59
15103,39218,2025-05-04 17:34:23,412,1,2747.39
15104,39222,2025-05-10 15:36:32,222,1,8006.41
15105,39223,2025-04-25 08:30:21,192,1,33176.4
15106,39224,2025-05-13 03:57:42,284,1,10670.32
15107,39227,2025-02-06 10:59:51,180,1,22619.63
15108,39227,2025-02-20 13:09:50,273,2,16260.86
15109,39229,2025-03-11 15:00:54,481,2,7600.92
15110,39231,2025-05-06 22:21:21,379,1,29755.14
15111,39233,2025-03-08 21:21:12,439,1,35173.02
15112,39239,2025-03-27 01:15:28,335,1,6200.21
15113,39248,2025-05-21 12:43:16,222,1,8006.41
15114,39248,2025-06-10 05:28:40,175,1,81468.72
15115,39250,2025-02-09 19:34:22,248,1,9420.12
15116,39250,2025-02-14 00:06:45,32,1,7276.12
15117,39252,2025-01-25 15:42:17,212,1,105203.42
15118,39258,2025-06-16 08:20:02,293,1,3662.24
15119,39259,2025-01-08 23:48:40,281,1,8575.04
15120,39264,2025-01-12 17:10:53,290,1,4390.34
15121,39264,2025-01-28 20:14:55,146,3,28339.35
15122,39269,2025-04-26 21:23:07,248,3,28260.36
15123,39272,2025-06-26 23:31:00,161,1,49810.77
15124,39274,2025-05-03 10:15:09,142,2,20574.38
15125,39274,2025-05-24 06:23:32,245,1,15399.15
15126,39279,2025-01-11 16:04:10,275,2,6614.96
15127,39279,2025-01-27 13:58:05,323,1,21377.29
15128,39281,2025-05-20 18:38:16,340,2,172950.7
15129,39281,2025-05-30 20:17:04,34,2,4196.1
15130,39285,2025-06-14 13:05:23,27,1,1626.81
15131,39287,2025-04-17 06:56:57,170,1,2620.79
15132,39292,2025-05-21 17:24:26,123,1,37439.59
15133,39292,2025-06-11 15:58:12,304,1,149568.6
15134,39294,2025-02-24 19:50:44,138,1,6720.91
15135,39294,2025-03-17 20:18:46,467,3,246035.31
15136,39294,2025-04-06 01:29:21,169,1,2636.13
15137,39297,2025-01-25 20:54:42,357,1,136130.58
15138,39299,2025-02-22 12:12:46,167,1,26417.09
15139,39302,2025-06-26 17:11:42,403,1,25390.62
15140,39303,2025-01-29 16:29:36,453,1,3275.21
15141,39303,2025-02-02 11:39:02,80,1,124124.35
15142,39305,2025-03-31 02:23:18,83,1,20559.25
15143,39306,2025-04-05 20:54:45,54,1,4159.48
15144,39311,2025-03-06 20:51:11,388,2,75217.0
15145,39317,2025-02-04 05:44:44,276,1,4843.01
15146,39322,2025-05-15 12:40:04,404,1,13845.68
15147,39325,2025-05-10 00:43:49,292,1,9786.76
15148,39328,2025-01-08 03:50:15,290,1,4390.34
15149,39335,2025-03-03 01:41:57,68,1,47179.0
15150,39336,2025-01-18 06:00:25,345,2,48492.4
15151,39336,2025-01-23 17:58:36,369,1,14392.59
15152,39338,2025-02-20 11:47:54,407,1,1432.1
15153,39340,2025-06-25 15:40:01,97,1,623.51
15154,39341,2025-04-09 04:47:38,143,2,26305.38
15155,39341,2025-04-13 13:24:48,428,2,295145.32
15156,39348,2025-05-26 02:30:16,475,1,11694.47
15157,39350,2025-03-13 16:03:31,385,2,694.5
15158,39351,2025-05-09 01:23:04,488,1,32780.58
15159,39355,2025-01-12 02:27:08,165,1,1732.53
15160,39358,2025-05-25 07:06:12,41,1,8500.67
15161,39364,2025-05-12 10:04:49,207,1,30716.03
15162,39368,2025-04-04 14:06:50,481,1,3800.46
15163,39370,2025-01-13 04:50:15,194,2,3044.38
15164,39376,2025-05-19 00:00:02,124,1,4288.14
15165,39401,2025-01-02 13:58:48,352,1,29524.41
15166,39408,2025-01-27 20:07:28,314,2,13975.04
15167,39413,2025-02-25 05:13:11,359,1,7693.07
15168,39416,2025-06-10 12:18:25,100,3,52724.85
15169,39417,2025-04-21 10:30:16,423,1,19615.97
15170,39420,2025-01-16 16:56:41,478,2,75332.7
15171,39420,2025-02-06 02:16:19,87,1,23788.74
15172,39424,2025-04-11 17:17:03,51,2,20930.34
15173,39425,2025-03-22 18:02:13,492,1,8731.65
15174,39430,2025-03-21 13:21:19,378,1,15995.17
15175,39432,2025-01-12 06:41:23,427,1,4312.66
15176,39433,2025-03-25 14:49:09,354,1,13893.05
15177,39437,2025-06-12 07:26:00,130,1,16268.89
15178,39438,2025-02-01 11:06:10,468,1,141578.31
15179,39439,2025-04-07 21:07:13,104,1,19691.24
15180,39439,2025-05-22 18:40:18,30,1,43984.69
15181,39442,2025-05-25 13:49:40,15,1,9205.01
15182,39442,2025-06-19 10:59:54,222,2,16012.82
15183,39442,2025-06-23 03:09:17,372,1,1314.03
15184,39445,2025-05-12 17:38:09,469,1,8458.92
15185,39447,2025-06-03 00:53:26,175,1,81468.72
15186,39454,2025-04-23 14:26:24,452,1,17758.26
15187,39456,2025-01-27 10:08:39,11,1,55867.12
15188,39457,2025-01-28 13:25:00,63,1,8572.39
15189,39461,2025-01-10 02:02:12,206,1,23007.56
15190,39461,2025-01-20 20:59:29,403,1,25390.62
15191,39464,2025-02-20 02:44:40,312,1,24505.73
15192,39467,2025-06-08 03:52:07,231,1,2920.42
15193,39472,2025-03-13 07:46:08,480,1,35487.49
15194,39473,2025-01-28 05:34:03,342,1,11288.79
15195,39474,2025-01-24 07:07:00,372,1,1314.03
15196,39482,2025-04-18 01:21:18,427,1,4312.66
15197,39483,2025-05-30 10:09:30,281,1,8575.04
15198,39484,2025-03-28 01:05:01,442,2,54055.28
15199,39488,2025-04-30 15:15:52,138,1,6720.91
15200,39493,2025-04-23 18:16:35,289,1,116522.54
15201,39496,2025-02-07 19:48:22,234,1,69647.59
15202,39496,2025-02-19 07:07:47,227,1,1864.51
15203,39499,2025-01-10 02:07:13,150,1,19806.15
15204,39502,2025-04-17 20:10:08,146,1,9446.45
15205,39503,2025-03-28 06:45:26,349,1,12041.93
15206,39504,2025-01-12 20:29:35,144,1,21135.77
15207,39508,2025-03-10 15:52:08,83,1,20559.25
15208,39508,2025-04-11 08:05:59,498,1,13866.8
15209,39508,2025-04-29 05:34:55,130,2,32537.78
15210,39513,2025-05-27 04:34:40,184,1,2970.14
15211,39514,2025-03-07 10:20:19,325,2,27965.74
15212,39514,2025-04-04 02:23:57,207,2,61432.06
15213,39517,2025-03-09 03:11:01,7,2,2817.88
15214,39519,2025-04-25 00:46:01,110,1,18441.82
15215,39523,2025-03-04 05:43:43,456,1,19874.65
15216,39524,2025-06-09 02:26:38,454,1,3744.31
15217,39525,2025-04-19 02:01:07,141,1,78006.44
15218,39534,2025-01-21 07:30:19,432,1,16557.1
15219,39536,2025-04-26 01:59:32,295,1,13255.4
15220,39539,2025-05-04 08:53:52,209,1,38411.37
15221,39544,2025-04-21 18:19:07,390,1,3926.05
15222,39546,2025-05-19 17:56:31,157,1,103545.76
15223,39547,2025-03-11 06:19:27,319,1,29688.49
15224,39548,2025-05-26 09:28:56,47,1,6372.46
15225,39551,2025-06-23 12:13:58,397,1,38138.57
15226,39559,2025-02-27 01:12:26,481,3,11401.38
15227,39563,2025-06-11 11:36:39,20,1,1778.75
15228,39564,2025-05-15 09:56:59,209,1,38411.37
15229,39564,2025-06-19 19:30:47,352,2,59048.82
15230,39567,2025-02-11 04:23:32,458,1,50236.06
15231,39571,2025-01-12 05:47:55,72,1,43803.67
15232,39572,2025-03-13 16:13:28,385,1,347.25
15233,39576,2025-01-06 06:32:35,65,1,15098.74
15234,39577,2025-02-15 13:42:54,16,2,8319.92
15235,39580,2025-01-20 01:46:48,67,1,3245.55
15236,39580,2025-01-24 02:00:49,251,1,8328.29
15237,39580,2025-02-09 02:09:52,327,1,8222.53
15238,39583,2025-06-20 05:30:44,88,1,38903.03
15239,39584,2025-03-09 11:20:54,258,1,4584.18
15240,39585,2025-03-09 13:03:51,28,2,20497.72
15241,39587,2025-03-27 02:39:32,270,1,514.56
15242,39587,2025-04-02 12:43:49,43,1,11732.3
15243,39590,2025-01-16 20:37:31,1,1,7205.01
15244,39597,2025-04-05 10:54:33,2,1,19570.0
15245,39599,2025-06-28 22:19:41,250,1,20800.98
15246,39600,2025-03-23 15:28:41,284,1,10670.32
15247,39601,2025-01-05 09:26:26,156,2,16678.18
15248,39602,2025-02-02 04:49:09,380,1,19492.66
15249,39603,2025-02-08 12:33:05,353,1,14609.61
15250,39603,2025-02-23 13:53:49,483,1,43632.67
15251,39605,2025-06-05 08:40:56,95,2,28309.52
15252,39606,2025-01-16 06:33:34,30,1,43984.69
15253,39608,2025-04-09 21:37:26,286,2,6379.96
15254,39609,2025-04-04 11:31:09,42,1,35405.28
15255,39609,2025-04-07 23:16:47,358,1,8037.68
15256,39610,2025-01-13 10:35:18,201,1,13102.72
15257,39612,2025-03-15 23:14:01,169,2,5272.26
15258,39612,2025-03-24 15:37:12,403,1,25390.62
15259,39614,2025-05-14 06:17:24,300,1,11130.88
15260,39614,2025-05-25 09:54:13,194,1,1522.19
15261,39621,2025-05-07 12:46:03,19,1,2770.09
15262,39622,2025-02-16 14:50:32,179,2,227473.0
15263,39629,2025-02-04 00:36:36,339,1,464.88
15264,39631,2025-04-20 11:40:16,7,3,4226.82
15265,39633,2025-04-29 03:59:50,294,2,69169.38
15266,39635,2025-03-21 09:30:45,382,2,35132.46
15267,39636,2025-01-27 14:03:28,299,1,9185.44
15268,39638,2025-03-11 18:56:49,328,1,7767.1
15269,39641,2025-02-11 17:27:29,268,3,22163.49
15270,39641,2025-02-26 23:09:48,202,1,2128.85
15271,39642,2025-02-20 22:42:52,292,1,9786.76
15272,39645,2025-03-04 13:34:37,391,1,7481.06
15273,39646,2025-03-28 06:06:19,75,2,25220.42
15274,39646,2025-04-19 21:48:53,65,1,15098.74
15275,39647,2025-04-28 18:22:27,422,1,8047.95
15276,39647,2025-05-06 09:31:54,345,2,48492.4
15277,39648,2025-02-28 02:22:42,33,1,17762.94
15278,39649,2025-01-18 17:23:19,326,2,163565.06
15279,39652,2025-02-22 10:00:39,320,3,100682.28
15280,39654,2025-06-12 15:17:30,64,1,23300.53
15281,39654,2025-06-24 11:04:46,327,1,8222.53
15282,39658,2025-05-14 23:40:43,288,3,33777.39
15283,39659,2025-06-10 17:40:18,140,2,99968.1
15284,39667,2025-05-21 21:10:23,227,1,1864.51
15285,39667,2025-05-29 07:20:07,71,2,8853.58
15286,39668,2025-04-10 22:05:33,173,2,6191.16
15287,39669,2025-02-12 09:33:38,410,1,90198.25
15288,39670,2025-04-22 15:49:41,122,1,24310.52
15289,39672,2025-01-27 10:52:20,52,1,4983.11
15290,39676,2025-05-04 21:31:31,437,2,2959.42
15291,39678,2025-04-27 06:45:19,289,1,116522.54
15292,39680,2025-03-26 16:53:01,152,1,7223.67
15293,39681,2025-05-28 11:38:13,46,1,115208.75
15294,39683,2025-06-14 09:16:53,356,1,3337.9
15295,39685,2025-03-21 12:08:30,422,1,8047.95
15296,39685,2025-04-02 08:11:00,240,2,59269.46
15297,39690,2025-03-20 12:05:08,25,1,2943.92
15298,39693,2025-04-19 00:34:31,437,1,1479.71
15299,39695,2025-03-04 18:05:24,479,1,17062.05
15300,39699,2025-05-12 21:08:38,105,3,22883.01
15301,39702,2025-05-09 10:50:49,66,1,7734.16
15302,39704,2025-04-27 16:22:35,374,2,20918.58
15303,39706,2025-03-26 11:19:09,447,1,1488.36
15304,39706,2025-04-08 01:24:09,56,2,58310.66
15305,39713,2025-05-31 01:06:34,426,3,74169.48
15306,39714,2025-02-07 10:51:58,194,1,1522.19
15307,39727,2025-06-17 08:11:55,315,1,33862.07
15308,39728,2025-01-02 07:47:22,161,1,49810.77
15309,39731,2025-01-20 08:54:50,195,2,35484.1
15310,39731,2025-01-30 18:57:36,308,1,10693.04
15311,39732,2025-04-20 21:06:31,281,1,8575.04
15312,39736,2025-04-29 00:09:27,5,1,111884.19
15313,39737,2025-03-11 18:58:08,109,2,26479.18
15314,39737,2025-03-19 03:45:09,236,1,19589.44
15315,39738,2025-03-26 06:42:47,94,1,9377.5
15316,39739,2025-04-05 20:05:13,4,1,110986.96
15317,39741,2025-02-15 13:39:08,182,1,5001.59
15318,39743,2025-06-22 03:23:18,471,1,29952.23
15319,39748,2025-05-05 20:47:25,471,1,29952.23
15320,39756,2025-05-27 11:02:07,16,1,4159.96
15321,39761,2025-01-09 06:50:38,174,3,8812.02
15322,39761,2025-01-15 21:08:42,230,1,3807.27
15323,39761,2025-02-16 22:27:15,201,1,13102.72
15324,39762,2025-02-13 01:57:30,499,1,3999.82
15325,39763,2025-06-21 07:06:29,195,1,17742.05
15326,39763,2025-06-27 14:11:54,4,1,110986.96
15327,39764,2025-05-27 11:30:05,428,1,147572.66
15328,39766,2025-01-26 03:26:12,27,1,1626.81
15329,39767,2025-03-04 04:43:25,259,1,9549.49
15330,39767,2025-03-24 06:50:32,114,1,3834.0
15331,39768,2025-03-17 00:44:14,73,1,3184.93
15332,39770,2025-02-02 22:20:08,196,1,1179.56
15333,39773,2025-06-09 22:42:53,495,1,13165.95
15334,39775,2025-04-03 15:47:05,286,2,6379.96
15335,39782,2025-02-23 18:09:41,114,1,3834.0
15336,39783,2025-02-03 10:17:29,457,1,32494.5
15337,39783,2025-02-28 17:13:50,365,1,13691.92
15338,39786,2025-06-28 09:18:00,215,2,61806.3
15339,39791,2025-02-24 09:52:28,115,1,16709.38
15340,39796,2025-05-07 18:59:34,190,1,27317.1
15341,39797,2025-02-04 21:34:34,400,1,24109.01
15342,39800,2025-02-16 12:53:34,176,1,15291.17
15343,39802,2025-02-08 15:29:36,258,1,4584.18
15344,39803,2025-01-21 16:12:27,484,1,92913.94
15345,39807,2025-05-17 02:20:56,73,1,3184.93
15346,39807,2025-05-28 01:30:04,373,1,4993.75
15347,39812,2025-02-21 21:50:10,86,1,95739.09
15348,39821,2025-02-12 09:02:37,262,1,37057.19
15349,39827,2025-04-28 17:40:24,456,1,19874.65
15350,39828,2025-04-21 14:55:24,100,1,17574.95
15351,39828,2025-05-03 04:05:20,328,2,15534.2
15352,39829,2025-01-31 01:17:55,379,3,89265.42
15353,39835,2025-04-04 09:03:04,369,1,14392.59
15354,39837,2025-06-09 03:49:45,358,1,8037.68
15355,39841,2025-03-05 15:01:58,480,1,35487.49
15356,39843,2025-03-05 02:39:16,181,2,23739.52
15357,39844,2025-05-17 20:07:08,450,1,7501.43
15358,39848,2025-03-18 01:22:04,413,1,24752.33
15359,39854,2025-04-02 14:47:40,461,1,5690.14
15360,39856,2025-05-17 11:08:38,339,1,464.88
15361,39857,2025-05-10 10:34:49,284,1,10670.32
15362,39858,2025-05-02 09:30:48,54,2,8318.96
15363,39862,2025-03-12 19:21:29,28,3,30746.58
15364,39862,2025-04-01 21:00:51,235,1,42017.2
15365,39866,2025-05-21 23:26:36,45,1,25096.16
15366,39866,2025-05-27 09:52:47,413,2,49504.66
15367,39871,2025-03-06 19:32:19,351,1,2039.17
15368,39872,2025-03-17 10:06:54,57,1,55100.21
15369,39876,2025-06-23 20:31:37,41,1,8500.67
15370,39877,2025-05-28 06:11:11,445,1,1748.17
15371,39878,2025-04-10 12:17:24,375,1,2797.37
15372,39879,2025-05-05 21:52:01,65,1,15098.74
15373,39883,2025-06-30 17:59:51,313,1,11749.91
15374,39884,2025-01-26 04:26:47,141,1,78006.44
15375,39886,2025-03-29 06:43:13,389,1,3219.85
15376,39886,2025-04-01 16:23:02,75,3,37830.63
15377,39887,2025-04-08 01:02:43,58,1,33150.95
15378,39895,2025-04-10 10:24:11,122,1,24310.52
15379,39905,2025-06-25 23:09:38,401,2,23381.34
15380,39911,2025-01-18 11:42:36,63,1,8572.39
15381,39911,2025-02-06 20:12:51,275,1,3307.48
15382,39913,2025-03-18 07:51:04,213,1,14323.4
15383,39913,2025-04-16 20:00:14,115,2,33418.76
15384,39914,2025-06-05 07:56:00,491,3,2737.92
15385,39915,2025-01-24 01:47:14,183,1,5734.14
15386,39917,2025-05-28 01:49:23,467,2,164023.54
15387,39921,2025-04-15 14:19:58,171,1,15094.37
15388,39921,2025-05-04 21:38:39,18,1,1846.66
15389,39922,2025-06-29 23:29:27,204,3,11493.75
15390,39923,2025-03-02 00:19:32,409,3,18889.41
15391,39932,2025-04-05 02:37:03,317,1,2354.88
15392,39940,2025-04-10 02:13:58,57,1,55100.21
15393,39947,2025-04-05 13:05:25,189,2,19184.4
15394,39953,2025-03-28 04:37:38,370,1,18904.41
15395,39954,2025-04-24 21:24:29,488,2,65561.16
15396,39956,2025-02-08 19:09:00,496,2,63079.82
15397,39965,2025-02-04 23:11:04,360,1,10778.02
15398,39965,2025-02-20 20:13:24,206,2,46015.12
15399,39968,2025-01-15 13:01:00,362,1,539.2
15400,39969,2025-02-18 22:57:40,338,1,88128.75
15401,39971,2025-03-27 04:21:43,178,1,122025.22
15402,39974,2025-04-09 04:44:11,360,1,10778.02
15403,39975,2025-05-10 16:23:28,351,3,6117.51
15404,39977,2025-06-07 08:17:16,218,3,282625.02
15405,39985,2025-03-24 15:29:00,404,1,13845.68
15406,39987,2025-01-17 08:19:18,292,2,19573.52
15407,39990,2025-03-29 11:22:39,207,1,30716.03
15408,39991,2025-02-24 15:25:52,196,1,1179.56
15409,39993,2025-04-29 10:19:02,138,2,13441.82
15410,39993,2025-05-13 06:43:48,141,2,156012.88
15411,39995,2025-05-09 04:36:51,476,1,2319.27
15412,40001,2025-02-13 19:50:00,91,1,115829.28
15413,40002,2025-04-24 10:19:22,483,1,43632.67
15414,40004,2025-06-06 02:47:31,93,1,5774.03
15415,40004,2025-06-11 21:29:58,390,1,3926.05
15416,40007,2025-04-19 22:52:28,143,1,13152.69
15417,40009,2025-05-12 14:25:40,12,1,10398.85
15418,40011,2025-04-17 19:31:48,383,1,110906.1
15419,40012,2025-05-18 14:31:04,462,1,22303.0
15420,40013,2025-02-26 16:51:15,2,1,19570.0
15421,40031,2025-03-02 11:59:53,99,1,58745.84
15422,40033,2025-06-19 22:51:21,83,3,61677.75
15423,40040,2025-03-04 02:47:36,132,1,7791.77
15424,40044,2025-06-26 05:13:49,192,2,66352.8
15425,40046,2025-03-02 08:27:06,424,1,14170.15
15426,40048,2025-01-28 10:57:16,460,1,41328.67
15427,40048,2025-02-05 21:16:32,255,2,6002.8
15428,40055,2025-03-15 16:47:32,424,1,14170.15
15429,40061,2025-04-24 22:35:34,436,2,36689.86
15430,40061,2025-05-09 00:47:16,252,1,5818.59
15431,40066,2025-06-07 01:42:50,447,1,1488.36
15432,40067,2025-06-01 01:53:19,253,1,9261.77
15433,40067,2025-06-09 23:34:50,91,1,115829.28
15434,40068,2025-01-22 01:59:30,114,2,7668.0
15435,40071,2025-06-26 09:14:21,248,2,18840.24
15436,40076,2025-04-21 13:48:11,130,1,16268.89
15437,40080,2025-01-07 04:17:23,392,2,7862.62
15438,40081,2025-01-02 02:47:54,430,1,24645.4
15439,40081,2025-01-16 14:07:25,59,1,43466.97
15440,40084,2025-02-19 05:54:45,237,1,23121.27
15441,40085,2025-05-21 06:18:59,44,1,6132.16
15442,40096,2025-06-22 12:03:43,331,2,21448.86
15443,40098,2025-04-17 22:53:23,412,1,2747.39
15444,40102,2025-04-10 00:14:58,196,1,1179.56
15445,40104,2025-02-04 09:19:25,427,2,8625.32
15446,40105,2025-06-17 17:11:16,480,1,35487.49
15447,40107,2025-06-05 23:13:18,500,1,101175.55
15448,40108,2025-02-07 10:05:07,66,2,15468.32
15449,40111,2025-05-26 11:24:04,342,1,11288.79
15450,40116,2025-04-07 06:29:40,478,1,37666.35
15451,40117,2025-01-13 20:38:48,313,1,11749.91
15452,40117,2025-01-27 09:28:46,60,1,5108.13
15453,40118,2025-06-15 01:27:35,242,1,9285.39
15454,40119,2025-04-10 17:56:57,489,1,8331.51
15455,40122,2025-04-29 10:29:38,469,2,16917.84
15456,40125,2025-02-11 14:44:57,87,1,23788.74
15457,40132,2025-04-04 01:38:12,415,1,4695.16
15458,40132,2025-04-29 12:01:44,137,2,94621.06
15459,40141,2025-04-13 05:48:45,484,1,92913.94
15460,40144,2025-05-17 16:30:20,286,1,3189.98
15461,40146,2025-05-28 14:29:09,337,1,138096.58
15462,40148,2025-05-19 18:40:03,466,1,31559.05
15463,40149,2025-06-13 01:36:33,183,1,5734.14
15464,40151,2025-04-29 22:11:51,43,1,11732.3
15465,40152,2025-05-08 12:53:47,302,1,38776.55
15466,40152,2025-05-21 21:47:19,176,2,30582.34
15467,40155,2025-03-18 13:53:21,447,2,2976.72
15468,40155,2025-04-08 12:12:03,370,1,18904.41
15469,40160,2025-04-25 00:06:57,413,1,24752.33
15470,40163,2025-03-18 14:25:35,360,2,21556.04
15471,40166,2025-05-15 16:57:22,286,1,3189.98
15472,40166,2025-06-02 02:08:27,19,1,2770.09
15473,40167,2025-03-10 05:31:58,446,2,273560.16
15474,40167,2025-03-15 03:21:34,447,1,1488.36
15475,40168,2025-05-13 13:22:15,137,3,141931.59
15476,40170,2025-05-17 22:15:54,417,1,32512.83
15477,40176,2025-06-07 06:01:27,398,1,9488.31
15478,40181,2025-04-23 12:45:25,169,1,2636.13
15479,40184,2025-06-16 16:23:24,214,1,20873.19
15480,40191,2025-03-21 21:19:03,209,2,76822.74
15481,40192,2025-06-13 20:13:07,123,2,74879.18
15482,40193,2025-01-24 18:45:43,313,1,11749.91
15483,40194,2025-01-16 10:26:32,425,1,14314.74
15484,40195,2025-06-21 19:00:38,311,1,90815.28
15485,40201,2025-03-23 07:28:39,67,1,3245.55
15486,40202,2025-01-17 17:19:19,67,1,3245.55
15487,40205,2025-02-17 10:58:47,48,1,5407.24
15488,40213,2025-06-14 08:29:17,452,1,17758.26
15489,40215,2025-05-31 17:03:13,16,2,8319.92
15490,40216,2025-04-25 17:30:25,334,1,4204.59
15491,40218,2025-03-11 02:39:30,329,2,22429.6
15492,40221,2025-05-10 12:04:02,427,1,4312.66
15493,40224,2025-04-02 14:10:16,182,1,5001.59
15494,40225,2025-03-07 16:06:28,81,2,95729.76
15495,40226,2025-04-18 09:48:04,489,1,8331.51
15496,40233,2025-02-03 11:52:47,455,1,3164.97
15497,40236,2025-04-03 00:06:32,5,1,111884.19
15498,40236,2025-04-06 02:50:52,66,1,7734.16
15499,40236,2025-05-13 00:44:57,296,1,108127.41
15500,40237,2025-04-03 14:47:05,480,1,35487.49
15501,40239,2025-01-09 01:55:13,180,1,22619.63
15502,40239,2025-02-05 12:14:18,441,1,1146.71
15503,40241,2025-01-14 00:27:48,9,1,6572.8
15504,40245,2025-03-14 10:27:09,129,1,358.85
15505,40255,2025-05-16 06:20:31,74,1,24393.36
15506,40258,2025-01-14 18:30:23,254,2,32119.52
15507,40264,2025-01-24 03:46:55,133,3,91392.06
15508,40264,2025-02-03 04:15:45,8,1,2149.22
15509,40265,2025-02-18 13:02:15,393,1,13053.76
15510,40270,2025-03-01 02:25:13,434,2,188449.34
15511,40272,2025-01-30 15:23:48,289,1,116522.54
15512,40274,2025-04-11 16:30:21,378,1,15995.17
15513,40276,2025-04-29 18:55:09,105,3,22883.01
15514,40289,2025-04-15 02:52:49,310,1,1082.78
15515,40294,2025-04-09 06:18:33,103,1,42328.61
15516,40302,2025-01-14 00:41:53,442,1,27027.64
15517,40306,2025-03-26 00:54:09,419,1,24719.61
15518,40307,2025-02-10 10:09:08,119,1,9009.08
15519,40309,2025-06-22 20:07:25,65,1,15098.74
15520,40310,2025-05-28 07:38:16,306,1,4449.97
15521,40310,2025-06-08 00:04:14,327,1,8222.53
15522,40311,2025-02-28 03:46:39,233,1,4628.25
15523,40313,2025-02-22 11:34:06,49,2,7168.0
15524,40313,2025-03-10 17:06:23,160,1,13826.53
15525,40314,2025-04-13 05:57:38,124,2,8576.28
15526,40316,2025-02-14 09:22:34,340,1,86475.35
15527,40320,2025-01-26 07:52:44,136,1,2438.57
15528,40323,2025-06-29 20:07:33,62,1,20430.08
15529,40326,2025-05-23 12:42:53,286,1,3189.98
15530,40327,2025-01-11 13:38:07,80,2,248248.7
15531,40327,2025-01-19 01:29:58,162,2,13294.06
15532,40330,2025-05-26 13:58:26,209,2,76822.74
15533,40332,2025-02-16 10:12:44,351,3,6117.51
15534,40338,2025-06-01 19:40:18,149,1,10316.11
15535,40340,2025-02-26 14:27:02,181,1,11869.76
15536,40342,2025-05-13 22:34:08,348,1,11453.57
15537,40351,2025-05-18 11:26:11,433,1,10765.07
15538,40356,2025-06-14 07:31:49,71,2,8853.58
15539,40359,2025-06-26 01:08:47,266,1,8000.62
15540,40360,2025-04-25 02:38:10,440,1,3107.23
15541,40362,2025-04-05 14:44:11,437,1,1479.71
15542,40362,2025-04-21 21:46:15,316,1,5050.1
15543,40363,2025-02-17 12:00:49,296,1,108127.41
15544,40363,2025-03-28 17:44:03,173,1,3095.58
15545,40366,2025-03-10 13:06:41,386,1,30141.47
15546,40369,2025-04-04 14:14:19,347,1,26954.74
15547,40379,2025-03-10 14:45:46,37,1,884.45
15548,40381,2025-01-09 16:53:10,103,3,126985.83
15549,40382,2025-04-01 23:01:21,180,1,22619.63
15550,40387,2025-03-28 19:20:57,230,1,3807.27
15551,40388,2025-06-02 07:08:16,298,1,12693.22
15552,40388,2025-06-11 22:55:36,88,1,38903.03
15553,40389,2025-06-28 01:56:40,200,1,7837.57
15554,40395,2025-03-11 19:15:06,95,1,14154.76
15555,40396,2025-05-12 16:06:23,121,1,8945.4
15556,40398,2025-05-12 07:28:10,426,1,24723.16
15557,40400,2025-05-06 21:56:03,135,1,13650.75
15558,40401,2025-02-25 10:40:58,126,1,15953.08
15559,40403,2025-01-11 02:05:24,434,2,188449.34
15560,40404,2025-06-23 13:03:42,379,1,29755.14
15561,40405,2025-03-08 16:01:25,327,2,16445.06
15562,40406,2025-05-05 19:32:45,122,1,24310.52
15563,40407,2025-06-27 02:10:35,95,3,42464.28
15564,40411,2025-01-10 15:47:11,388,1,37608.5
15565,40412,2025-02-16 22:54:50,475,1,11694.47
15566,40412,2025-03-04 21:18:15,147,1,8701.96
15567,40415,2025-01-02 08:35:51,150,1,19806.15
15568,40418,2025-05-01 17:20:49,479,1,17062.05
15569,40419,2025-02-19 22:10:44,426,2,49446.32
15570,40421,2025-02-19 16:49:42,431,1,6259.3
15571,40422,2025-05-21 08:11:41,427,1,4312.66
15572,40427,2025-06-06 21:17:46,402,1,19649.25
15573,40429,2025-01-19 13:30:17,14,1,3902.87
15574,40432,2025-04-14 01:07:36,421,1,3913.39
15575,40436,2025-03-09 15:51:50,405,1,20089.63
15576,40436,2025-03-26 02:22:40,223,2,22606.14
15577,40437,2025-04-15 18:16:13,211,1,31008.7
15578,40437,2025-04-30 14:13:34,147,1,8701.96
15579,40443,2025-04-09 15:27:42,35,1,3087.93
15580,40444,2025-02-08 09:12:33,414,1,20297.26
15581,40447,2025-02-02 22:56:54,370,1,18904.41
15582,40447,2025-02-07 06:55:25,376,1,14562.53
15583,40450,2025-02-24 07:18:42,457,1,32494.5
15584,40451,2025-04-29 23:40:19,99,1,58745.84
15585,40455,2025-04-19 20:35:18,75,1,12610.21
15586,40455,2025-04-28 00:19:57,324,1,28001.07
15587,40459,2025-03-26 08:08:46,37,1,884.45
15588,40463,2025-03-19 02:29:51,90,1,93514.94
15589,40465,2025-05-22 01:04:16,304,1,149568.6
15590,40473,2025-06-29 09:26:05,39,1,19720.04
15591,40474,2025-05-14 21:09:38,457,1,32494.5
15592,40475,2025-05-22 19:58:21,304,1,149568.6
15593,40480,2025-05-04 17:26:28,468,3,424734.93
15594,40481,2025-04-12 15:04:23,376,1,14562.53
15595,40486,2025-05-05 20:54:24,468,1,141578.31
15596,40486,2025-06-06 10:18:20,358,1,8037.68
15597,40488,2025-06-10 14:49:17,459,1,2696.03
15598,40489,2025-05-16 22:54:35,244,1,3774.78
15599,40490,2025-04-21 14:34:56,436,1,18344.93
15600,40490,2025-05-03 08:31:41,259,1,9549.49
15601,40492,2025-03-21 21:37:48,29,3,221514.6
15602,40492,2025-03-31 05:40:49,115,2,33418.76
15603,40494,2025-04-17 18:50:18,491,1,912.64
15604,40495,2025-06-13 18:48:21,427,1,4312.66
15605,40498,2025-04-22 00:43:29,404,1,13845.68
15606,40500,2025-02-07 11:37:18,182,1,5001.59
15607,40500,2025-02-16 18:51:07,96,1,1401.59
15608,40504,2025-02-19 20:27:49,416,1,36650.72
15609,40506,2025-06-24 10:29:33,467,1,82011.77
15610,40508,2025-01-08 10:12:44,212,1,105203.42
15611,40508,2025-02-08 20:02:14,208,1,3468.77
15612,40510,2025-05-27 19:57:04,134,1,3801.47
15613,40512,2025-05-24 11:55:42,318,1,19551.59
15614,40512,2025-06-02 03:37:33,92,1,3738.51
15615,40514,2025-03-15 16:15:52,360,1,10778.02
15616,40516,2025-05-02 21:27:20,434,1,94224.67
15617,40518,2025-02-25 22:05:52,8,1,2149.22
15618,40523,2025-04-05 21:26:53,168,1,9504.82
15619,40530,2025-02-14 06:41:16,199,1,130009.3
15620,40532,2025-01-17 15:03:29,193,1,33028.41
15621,40534,2025-03-27 06:28:00,346,2,28001.84
15622,40536,2025-06-13 15:44:07,353,1,14609.61
15623,40540,2025-05-06 14:57:09,432,1,16557.1
15624,40542,2025-05-13 11:53:48,5,1,111884.19
15625,40549,2025-06-26 17:17:03,254,2,32119.52
15626,40551,2025-05-29 23:33:50,371,1,23547.53
15627,40553,2025-04-18 15:06:50,72,1,43803.67
15628,40554,2025-04-16 06:55:55,302,2,77553.1
15629,40557,2025-03-12 22:21:36,494,1,495.37
15630,40566,2025-04-27 18:58:05,132,1,7791.77
15631,40568,2025-03-25 07:05:15,393,1,13053.76
15632,40570,2025-05-03 10:33:39,32,1,7276.12
15633,40571,2025-04-29 07:45:08,234,1,69647.59
15634,40573,2025-01-12 14:03:29,299,2,18370.88
15635,40575,2025-02-06 22:40:16,421,1,3913.39
15636,40577,2025-02-02 18:39:37,182,1,5001.59
15637,40579,2025-06-05 04:50:45,142,3,30861.57
15638,40586,2025-05-10 01:12:25,290,1,4390.34
15639,40587,2025-04-24 08:16:00,469,1,8458.92
15640,40589,2025-02-14 13:53:03,81,1,47864.88
15641,40589,2025-03-07 15:41:26,242,1,9285.39
15642,40591,2025-06-28 07:32:23,85,1,67271.34
15643,40595,2025-05-13 12:29:48,414,2,40594.52
15644,40597,2025-04-22 08:54:30,318,1,19551.59
15645,40603,2025-06-07 20:48:53,227,1,1864.51
15646,40604,2025-03-26 04:02:17,85,2,134542.68
15647,40608,2025-06-28 02:29:40,487,1,17124.6
15648,40610,2025-05-19 00:37:21,78,1,149482.7
15649,40610,2025-05-31 10:36:43,169,1,2636.13
15650,40617,2025-06-23 05:12:11,317,1,2354.88
15651,40618,2025-05-06 04:27:54,484,1,92913.94
15652,40622,2025-04-11 18:45:29,326,1,81782.53
15653,40624,2025-03-07 01:26:43,356,2,6675.8
15654,40626,2025-02-21 09:33:15,302,1,38776.55
15655,40626,2025-03-14 14:24:48,287,1,5328.56
15656,40626,2025-04-02 00:19:54,54,2,8318.96
15657,40628,2025-05-02 14:54:01,100,1,17574.95
15658,40635,2025-02-23 02:33:26,93,1,5774.03
15659,40638,2025-02-07 00:43:44,404,2,27691.36
15660,40640,2025-06-23 02:29:13,365,2,27383.84
15661,40643,2025-04-19 11:45:47,406,1,24419.24
15662,40646,2025-01-08 23:12:28,118,2,4150.14
15663,40652,2025-04-20 19:51:27,180,1,22619.63
15664,40657,2025-04-05 17:31:47,43,1,11732.3
15665,40660,2025-01-15 22:22:27,130,1,16268.89
15666,40661,2025-04-19 11:20:29,215,1,30903.15
15667,40664,2025-03-23 16:59:29,138,1,6720.91
15668,40665,2025-04-10 18:37:19,276,1,4843.01
15669,40667,2025-05-29 06:51:22,152,2,14447.34
15670,40667,2025-06-14 02:23:03,465,1,17429.18
15671,40669,2025-05-16 22:28:18,279,1,11780.7
15672,40673,2025-06-13 05:58:48,69,1,7709.45
15673,40676,2025-04-22 09:29:46,476,1,2319.27
15674,40677,2025-02-22 01:17:03,176,1,15291.17
15675,40677,2025-03-15 11:23:29,68,1,47179.0
15676,40684,2025-01-09 19:17:25,141,1,78006.44
15677,40686,2025-02-13 15:33:31,241,1,11168.82
15678,40687,2025-01-11 05:11:42,12,1,10398.85
15679,40688,2025-05-21 02:33:40,340,1,86475.35
15680,40689,2025-04-04 15:56:32,344,1,21107.94
15681,40690,2025-03-26 10:10:17,334,1,4204.59
15682,40694,2025-04-27 00:54:20,95,1,14154.76
15683,40695,2025-03-26 01:47:45,245,1,15399.15
15684,40696,2025-05-20 06:40:34,77,1,70509.53
15685,40702,2025-06-08 23:28:45,458,1,50236.06
15686,40702,2025-06-24 10:04:40,457,1,32494.5
15687,40703,2025-05-12 22:29:59,239,1,1734.95
15688,40705,2025-05-04 09:06:54,406,1,24419.24
15689,40706,2025-06-16 06:23:52,92,2,7477.02
15690,40714,2025-02-06 03:52:19,319,1,29688.49
15691,40723,2025-06-25 15:35:45,147,3,26105.88
15692,40724,2025-05-12 06:26:22,91,2,231658.56
15693,40724,2025-05-17 16:19:41,456,1,19874.65
15694,40727,2025-01-23 00:34:26,466,2,63118.1
15695,40727,2025-02-10 21:01:06,274,1,21627.09
15696,40727,2025-03-12 06:32:09,117,1,1496.44
15697,40729,2025-06-01 15:10:21,102,2,51584.02
15698,40730,2025-01-27 10:51:17,407,1,1432.1
15699,40734,2025-05-28 13:37:29,15,1,9205.01
15700,40735,2025-06-24 05:34:50,310,2,2165.56
15701,40736,2025-04-05 12:46:51,475,2,23388.94
15702,40744,2025-04-27 01:14:51,96,1,1401.59
15703,40747,2025-01-23 06:45:10,257,1,2435.84
15704,40752,2025-02-15 04:03:12,446,1,136780.08
15705,40757,2025-05-02 21:14:27,313,1,11749.91
15706,40758,2025-02-18 21:37:13,302,2,77553.1
15707,40758,2025-03-09 11:34:52,457,1,32494.5
15708,40759,2025-03-18 20:13:46,485,1,26241.01
15709,40761,2025-05-01 01:23:22,409,1,6296.47
15710,40768,2025-04-28 18:55:44,203,3,39069.48
15711,40774,2025-05-13 04:23:04,219,2,5071.08
15712,40776,2025-04-15 16:54:27,261,1,19158.19
15713,40777,2025-06-29 04:54:30,241,1,11168.82
15714,40779,2025-02-25 18:56:01,429,1,2789.86
15715,40779,2025-03-11 06:11:19,336,1,11769.86
15716,40780,2025-05-29 14:52:31,181,1,11869.76
15717,40782,2025-01-10 08:42:47,130,1,16268.89
15718,40784,2025-04-13 09:18:33,444,2,296496.32
15719,40786,2025-04-14 06:07:09,135,1,13650.75
15720,40801,2025-01-06 09:20:57,60,3,15324.39
15721,40801,2025-01-10 01:11:31,404,1,13845.68
15722,40801,2025-01-17 08:35:06,265,3,22538.61
15723,40808,2025-06-17 20:20:14,7,2,2817.88
15724,40812,2025-05-09 12:42:34,121,1,8945.4
15725,40815,2025-02-15 14:20:42,464,1,28260.63
15726,40818,2025-03-10 15:32:21,28,1,10248.86
15727,40819,2025-03-17 03:12:53,141,1,78006.44
15728,40820,2025-05-06 19:35:32,344,1,21107.94
15729,40823,2025-06-16 20:52:06,149,1,10316.11
15730,40826,2025-04-26 00:08:54,421,1,3913.39
15731,40828,2025-06-26 21:15:58,152,1,7223.67
15732,40833,2025-01-20 08:08:17,78,1,149482.7
15733,40841,2025-02-16 00:18:58,48,1,5407.24
15734,40844,2025-05-19 15:55:00,239,2,3469.9
15735,40849,2025-03-17 00:12:25,323,2,42754.58
15736,40852,2025-04-18 22:35:33,236,1,19589.44
15737,40856,2025-03-03 01:35:56,245,1,15399.15
15738,40858,2025-03-01 15:46:36,172,1,36415.92
15739,40859,2025-06-29 05:49:14,286,1,3189.98
15740,40860,2025-04-18 11:45:38,99,2,117491.68
15741,40860,2025-05-14 10:57:39,417,2,65025.66
15742,40865,2025-01-20 17:36:27,6,1,4629.86
15743,40869,2025-05-15 09:01:32,44,3,18396.48
15744,40869,2025-06-14 02:21:54,161,1,49810.77
15745,40870,2025-06-05 09:40:12,480,1,35487.49
15746,40873,2025-01-11 10:30:28,190,1,27317.1
15747,40878,2025-02-06 19:15:22,91,1,115829.28
15748,40878,2025-02-23 16:37:26,103,1,42328.61
15749,40881,2025-06-02 13:37:13,26,1,10901.13
15750,40881,2025-06-16 01:01:18,110,2,36883.64
15751,40883,2025-06-10 08:05:20,222,1,8006.41
15752,40885,2025-04-15 09:45:59,309,2,5020.2
15753,40886,2025-04-30 10:17:20,349,1,12041.93
15754,40888,2025-05-26 08:31:10,497,1,4676.48
15755,40891,2025-06-02 05:24:21,238,3,60885.18
15756,40898,2025-05-02 00:56:55,33,1,17762.94
15757,40898,2025-05-14 06:44:13,274,2,43254.18
15758,40902,2025-02-06 01:09:27,454,1,3744.31
15759,40902,2025-02-15 20:11:12,372,1,1314.03
15760,40912,2025-05-01 09:17:00,370,1,18904.41
15761,40913,2025-02-26 14:30:42,77,1,70509.53
15762,40918,2025-06-07 07:50:20,334,1,4204.59
15763,40918,2025-06-21 22:16:45,451,2,13348.86
15764,40918,2025-06-29 06:05:40,245,1,15399.15
15765,40922,2025-06-01 00:12:34,27,1,1626.81
15766,40922,2025-06-10 10:03:42,203,1,13023.16
15767,40931,2025-06-29 01:47:13,239,1,1734.95
15768,40934,2025-03-26 21:30:49,153,1,1050.14
15769,40934,2025-04-02 10:36:45,408,1,8934.48
15770,40937,2025-05-03 12:07:33,2,2,39140.0
15771,40937,2025-05-20 22:06:47,327,1,8222.53
15772,40937,2025-05-29 01:21:05,470,1,1252.58
15773,40940,2025-02-13 19:07:47,191,1,36768.02
15774,40945,2025-02-14 11:12:40,119,1,9009.08
15775,40948,2025-03-21 23:04:19,455,1,3164.97
15776,40955,2025-02-04 07:00:58,333,1,4180.46
15777,40955,2025-02-08 23:09:09,358,1,8037.68
15778,40955,2025-02-28 13:23:19,329,1,11214.8
15779,40956,2025-05-13 19:48:27,484,1,92913.94
15780,40957,2025-06-29 14:11:34,100,2,35149.9
15781,40958,2025-05-28 19:47:52,93,1,5774.03
15782,40961,2025-05-10 11:19:52,109,2,26479.18
15783,40962,2025-04-07 03:33:48,232,2,6427.8
15784,40965,2025-04-09 11:41:37,73,1,3184.93
15785,40969,2025-05-25 02:24:44,124,1,4288.14
15786,40970,2025-02-10 14:30:39,15,1,9205.01
15787,40970,2025-03-20 13:01:13,152,1,7223.67
15788,40974,2025-05-31 00:42:44,76,1,513.56
15789,40975,2025-06-30 20:05:44,324,1,28001.07
15790,40976,2025-01-21 20:16:36,370,3,56713.23
15791,40979,2025-03-13 02:02:33,149,1,10316.11
15792,40981,2025-05-20 10:32:26,31,1,2221.64
15793,40984,2025-05-19 05:40:36,290,1,4390.34
15794,40985,2025-02-11 22:13:13,108,2,10541.66
15795,40994,2025-05-23 12:47:28,219,1,2535.54
15796,40997,2025-05-10 13:41:25,162,2,13294.06
15797,40998,2025-03-12 07:59:15,341,2,8933.94
15798,41005,2025-04-02 08:46:05,306,1,4449.97
15799,41006,2025-06-11 02:16:13,379,2,59510.28
15800,41010,2025-06-26 12:11:28,420,1,3770.66
15801,41011,2025-02-10 13:37:50,174,1,2937.34
15802,41014,2025-06-11 05:46:41,234,1,69647.59
15803,41017,2025-05-06 14:45:49,218,2,188416.68
15804,41020,2025-03-20 09:41:30,216,1,43283.26
15805,41020,2025-03-28 09:27:03,392,1,3931.31
15806,41021,2025-02-19 18:11:59,494,1,495.37
15807,41022,2025-06-05 15:48:36,446,1,136780.08
15808,41024,2025-03-12 21:49:13,222,1,8006.41
15809,41026,2025-05-10 04:54:13,202,1,2128.85
15810,41039,2025-04-30 13:20:12,21,2,28332.0
15811,41040,2025-02-02 00:18:44,372,1,1314.03
15812,41042,2025-01-13 18:46:59,209,1,38411.37
15813,41045,2025-03-20 13:46:49,410,1,90198.25
15814,41046,2025-01-04 09:34:12,348,2,22907.14
15815,41047,2025-02-04 14:15:31,364,1,4874.98
15816,41047,2025-02-13 22:30:08,428,2,295145.32
15817,41049,2025-02-02 14:14:27,444,1,148248.16
15818,41053,2025-01-26 05:24:43,452,1,17758.26
15819,41056,2025-04-21 18:56:44,214,1,20873.19
15820,41062,2025-01-21 07:38:56,321,2,267370.16
15821,41064,2025-06-03 14:29:52,389,2,6439.7
15822,41065,2025-05-30 10:43:51,384,1,4013.53
15823,41066,2025-02-28 23:45:16,95,2,28309.52
15824,41067,2025-06-12 22:43:28,304,1,149568.6
15825,41067,2025-06-21 03:21:50,70,1,5458.68
15826,41068,2025-03-06 20:24:26,218,1,94208.34
15827,41068,2025-03-25 10:21:24,460,1,41328.67
15828,41070,2025-04-04 02:01:14,58,1,33150.95
15829,41071,2025-03-28 10:54:15,119,1,9009.08
15830,41072,2025-05-17 06:01:16,16,1,4159.96
15831,41076,2025-04-28 05:00:58,416,2,73301.44
15832,41078,2025-06-17 16:24:25,255,1,3001.4
15833,41081,2025-05-16 16:15:34,295,1,13255.4
15834,41088,2025-02-08 11:05:01,282,1,1113.3
15835,41089,2025-04-28 17:02:55,45,1,25096.16
15836,41092,2025-06-23 01:14:59,172,1,36415.92
15837,41093,2025-01-25 15:43:42,151,1,10165.09
15838,41096,2025-03-15 05:55:06,269,1,115514.93
15839,41097,2025-05-27 20:40:46,210,1,12877.08
15840,41103,2025-06-14 00:34:40,220,1,2583.92
15841,41105,2025-04-02 06:47:40,449,1,651.83
15842,41113,2025-05-16 01:30:27,262,1,37057.19
15843,41114,2025-05-11 20:05:00,110,1,18441.82
15844,41118,2025-03-08 02:45:11,164,1,100669.41
15845,41123,2025-03-23 23:54:41,448,1,18494.26
15846,41125,2025-03-30 14:17:13,224,1,14553.13
15847,41129,2025-05-28 03:37:25,174,1,2937.34
15848,41132,2025-03-29 18:48:27,53,1,67150.12
15849,41133,2025-03-29 02:52:05,439,2,70346.04
15850,41136,2025-02-27 21:03:05,235,1,42017.2
15851,41138,2025-06-06 08:51:23,33,2,35525.88
15852,41144,2025-06-29 14:46:47,283,3,115894.32
15853,41151,2025-01-25 20:51:09,9,1,6572.8
15854,41151,2025-02-13 10:40:19,498,1,13866.8
15855,41156,2025-02-22 08:17:06,395,1,30745.93
15856,41161,2025-02-11 14:57:13,155,2,55578.78
15857,41163,2025-02-11 09:00:09,175,2,162937.44
15858,41167,2025-05-05 19:46:00,484,1,92913.94
15859,41171,2025-04-12 13:02:39,431,2,12518.6
15860,41173,2025-05-07 10:17:57,22,1,12590.38
15861,41179,2025-04-12 16:22:11,221,1,14298.27
15862,41179,2025-04-19 16:55:48,249,2,5457.9
15863,41181,2025-01-16 23:12:05,414,1,20297.26
15864,41183,2025-02-04 13:07:52,386,1,30141.47
15865,41191,2025-03-13 01:01:21,271,2,71163.66
15866,41191,2025-04-06 16:36:39,302,1,38776.55
15867,41194,2025-02-04 01:12:54,394,1,20682.69
15868,41195,2025-02-27 01:57:16,457,1,32494.5
15869,41196,2025-02-24 23:27:01,349,1,12041.93
15870,41197,2025-06-03 20:45:37,265,1,7512.87
15871,41204,2025-04-05 20:28:03,476,1,2319.27
15872,41204,2025-04-20 08:11:45,196,1,1179.56
15873,41204,2025-05-27 08:29:29,391,1,7481.06
15874,41206,2025-03-19 21:47:39,463,1,6385.22
15875,41207,2025-03-27 02:54:10,288,1,11259.13
15876,41208,2025-06-28 03:54:18,98,1,12583.05
15877,41211,2025-06-21 12:19:32,331,2,21448.86
15878,41213,2025-03-25 17:54:15,178,3,366075.66
15879,41215,2025-01-19 02:49:30,75,2,25220.42
15880,41217,2025-05-01 16:36:32,404,2,27691.36
15881,41219,2025-02-17 19:44:32,57,1,55100.21
15882,41223,2025-03-16 01:53:45,384,1,4013.53
15883,41226,2025-05-06 21:10:21,422,1,8047.95
15884,41227,2025-05-08 04:11:24,371,1,23547.53
15885,41228,2025-06-02 01:22:21,331,1,10724.43
15886,41228,2025-06-15 23:59:53,272,3,35367.6
15887,41230,2025-04-08 10:42:31,28,2,20497.72
15888,41231,2025-05-24 06:04:26,487,2,34249.2
15889,41233,2025-05-08 08:00:27,377,1,6504.51
15890,41233,2025-05-16 21:51:30,280,2,33604.64
15891,41236,2025-05-13 17:52:55,462,1,22303.0
15892,41236,2025-06-25 19:11:07,36,1,17558.77
15893,41238,2025-03-13 17:05:53,282,1,1113.3
15894,41241,2025-06-16 05:23:09,64,1,23300.53
15895,41245,2025-04-19 19:27:50,57,2,110200.42
15896,41253,2025-01-25 14:04:51,110,1,18441.82
15897,41254,2025-02-27 01:32:16,61,1,102219.65
15898,41254,2025-03-08 05:26:21,36,2,35117.54
15899,41263,2025-05-01 15:41:05,446,2,273560.16
15900,41263,2025-05-21 03:45:37,403,1,25390.62
15901,41267,2025-06-15 07:13:23,478,1,37666.35
15902,41278,2025-06-11 06:44:23,37,1,884.45
15903,41283,2025-06-24 08:36:46,217,1,3789.89
15904,41286,2025-04-11 13:14:56,214,1,20873.19
15905,41289,2025-04-15 00:05:20,451,1,6674.43
15906,41293,2025-04-25 10:37:40,26,1,10901.13
15907,41295,2025-03-03 00:12:08,422,1,8047.95
15908,41299,2025-02-16 13:52:24,32,1,7276.12
15909,41302,2025-06-30 18:04:50,101,1,19086.83
15910,41303,2025-03-19 18:07:51,461,2,11380.28
15911,41303,2025-03-27 21:58:00,85,1,67271.34
15912,41304,2025-02-23 12:01:16,180,1,22619.63
15913,41306,2025-06-05 22:45:49,280,1,16802.32
15914,41309,2025-02-06 11:06:40,240,2,59269.46
15915,41309,2025-02-17 22:56:39,469,2,16917.84
15916,41314,2025-05-07 14:22:06,261,1,19158.19
15917,41315,2025-06-12 05:40:20,34,3,6294.15
15918,41327,2025-05-09 08:42:07,267,1,20054.79
15919,41328,2025-05-07 03:14:00,480,1,35487.49
15920,41334,2025-02-10 18:11:35,111,1,1028.45
15921,41337,2025-01-05 21:21:43,407,1,1432.1
15922,41338,2025-03-05 02:53:47,19,1,2770.09
15923,41338,2025-03-26 15:15:04,440,1,3107.23
15924,41342,2025-03-11 22:02:56,200,1,7837.57
15925,41343,2025-03-04 11:42:39,250,2,41601.96
15926,41344,2025-03-27 06:44:12,293,2,7324.48
15927,41348,2025-03-27 13:41:03,354,1,13893.05
15928,41355,2025-06-06 18:22:50,417,1,32512.83
15929,41356,2025-03-15 08:29:19,11,1,55867.12
15930,41359,2025-01-30 07:56:33,448,1,18494.26
15931,41360,2025-02-01 22:21:06,26,1,10901.13
15932,41362,2025-05-17 11:29:26,32,1,7276.12
15933,41364,2025-04-04 20:17:25,142,1,10287.19
15934,41365,2025-02-24 02:30:10,229,1,30697.88
15935,41371,2025-04-01 10:52:11,278,1,12926.7
15936,41371,2025-04-09 21:05:52,468,2,283156.62
15937,41371,2025-05-14 20:04:31,355,1,4384.45
15938,41381,2025-05-15 08:41:00,223,1,11303.07
15939,41382,2025-01-22 07:18:43,78,1,149482.7
15940,41390,2025-04-11 08:49:52,169,1,2636.13
15941,41390,2025-04-17 11:44:18,478,1,37666.35
15942,41393,2025-05-28 06:40:29,390,2,7852.1
15943,41397,2025-04-13 20:00:14,293,1,3662.24
15944,41397,2025-04-27 18:40:11,470,1,1252.58
15945,41399,2025-03-27 08:07:23,159,1,30772.13
15946,41400,2025-03-27 00:34:58,53,1,67150.12
15947,41402,2025-03-31 05:53:39,277,2,268878.56
15948,41407,2025-04-06 10:43:47,268,1,7387.83
15949,41410,2025-05-14 14:52:50,231,1,2920.42
15950,41413,2025-01-29 00:05:53,484,2,185827.88
15951,41417,2025-05-16 18:02:47,50,1,9054.04
15952,41424,2025-02-05 21:38:31,343,3,214323.18
15953,41430,2025-02-09 22:34:16,129,1,358.85
15954,41439,2025-05-12 07:23:02,240,1,29634.73
15955,41442,2025-03-21 02:59:31,467,2,164023.54
15956,41443,2025-05-26 05:27:00,393,2,26107.52
15957,41447,2025-05-16 07:23:38,260,1,13781.16
15958,41450,2025-03-06 16:53:59,135,1,13650.75
15959,41455,2025-03-04 06:35:55,384,1,4013.53
15960,41456,2025-05-31 13:55:38,164,1,100669.41
15961,41461,2025-02-06 22:25:33,305,1,2454.31
15962,41464,2025-03-24 16:47:07,341,1,4466.97
15963,41466,2025-01-11 20:27:25,78,1,149482.7
15964,41467,2025-01-21 03:21:05,500,1,101175.55
15965,41470,2025-03-03 08:35:50,330,2,6466.02
15966,41475,2025-02-04 19:52:54,359,1,7693.07
15967,41477,2025-01-22 12:58:34,400,1,24109.01
15968,41478,2025-06-17 00:51:39,203,1,13023.16
15969,41485,2025-06-07 06:13:19,482,1,24845.6
15970,41486,2025-04-12 06:03:50,370,1,18904.41
15971,41488,2025-02-01 13:47:20,46,1,115208.75
15972,41491,2025-01-31 07:49:42,332,1,502.68
15973,41491,2025-02-27 08:07:41,346,1,14000.92
15974,41492,2025-02-23 11:55:03,83,1,20559.25
15975,41492,2025-03-03 21:24:10,34,1,2098.05
15976,41492,2025-03-21 04:01:56,36,1,17558.77
15977,41495,2025-03-07 23:36:27,172,1,36415.92
15978,41495,2025-03-27 12:06:07,160,1,13826.53
15979,41496,2025-02-16 07:23:54,196,1,1179.56
15980,41496,2025-02-26 04:41:56,96,1,1401.59
15981,41497,2025-06-28 08:17:29,1,1,7205.01
15982,41500,2025-02-14 04:17:17,135,1,13650.75
15983,41501,2025-05-28 09:10:04,319,1,29688.49
15984,41504,2025-03-28 05:34:19,311,1,90815.28
15985,41512,2025-05-03 10:43:37,488,1,32780.58
15986,41512,2025-05-07 19:27:26,61,2,204439.3
15987,41514,2025-03-05 22:12:52,390,1,3926.05
15988,41516,2025-01-16 08:28:40,294,1,34584.69
15989,41518,2025-05-29 00:54:34,76,1,513.56
15990,41522,2025-03-04 16:16:53,124,1,4288.14
15991,41524,2025-02-16 19:48:36,478,3,112999.05
15992,41527,2025-02-10 08:15:10,308,1,10693.04
15993,41531,2025-03-24 18:23:53,144,1,21135.77
15994,41535,2025-01-30 13:26:48,335,1,6200.21
15995,41538,2025-02-01 00:15:25,212,2,210406.84
15996,41542,2025-03-05 21:54:42,238,1,20295.06
15997,41547,2025-05-12 09:43:54,99,2,117491.68
15998,41547,2025-05-19 16:50:17,111,2,2056.9
15999,41553,2025-02-13 16:09:18,113,1,7819.25
16000,41556,2025-03-06 20:38:26,383,1,110906.1
16001,41560,2025-04-30 16:08:26,459,2,5392.06
16002,41561,2025-04-03 22:02:45,57,1,55100.21
16003,41568,2025-04-24 18:13:54,368,1,49977.44
16004,41570,2025-04-16 00:18:54,458,1,50236.06
16005,41572,2025-02-28 06:58:21,420,1,3770.66
16006,41574,2025-06-09 05:47:31,106,1,4353.63
16007,41576,2025-06-14 03:46:11,40,1,1173.14
16008,41577,2025-06-29 09:47:30,125,2,40641.9
16009,41579,2025-04-04 09:03:38,140,1,49984.05
16010,41580,2025-02-24 23:28:08,79,1,14294.87
16011,41580,2025-03-14 22:33:22,293,1,3662.24
16012,41582,2025-05-27 22:31:28,74,1,24393.36
16013,41585,2025-06-13 01:18:17,471,1,29952.23
16014,41587,2025-05-09 02:38:13,289,2,233045.08
16015,41589,2025-06-18 20:29:13,69,1,7709.45
16016,41594,2025-04-26 19:33:21,134,1,3801.47
16017,41594,2025-05-29 04:27:07,11,1,55867.12
16018,41595,2025-05-19 09:32:23,152,3,21671.01
16019,41597,2025-05-05 10:49:40,125,2,40641.9
16020,41600,2025-05-04 07:22:40,448,1,18494.26
16021,41603,2025-02-18 13:20:14,214,1,20873.19
16022,41605,2025-04-16 18:09:48,49,1,3584.0
16023,41607,2025-06-01 03:19:53,433,1,10765.07
16024,41610,2025-06-06 07:34:59,321,1,133685.08
16025,41612,2025-03-19 09:59:06,174,1,2937.34
16026,41615,2025-06-20 12:47:41,389,1,3219.85
16027,41619,2025-01-31 20:49:14,373,2,9987.5
16028,41622,2025-05-30 06:45:48,289,1,116522.54
16029,41624,2025-04-05 10:36:55,250,1,20800.98
16030,41625,2025-02-03 04:19:05,145,2,11507.6
16031,41625,2025-03-11 10:40:40,305,1,2454.31
16032,41626,2025-03-27 01:44:27,171,2,30188.74
16033,41630,2025-05-08 13:58:33,58,1,33150.95
16034,41635,2025-03-23 02:24:44,452,2,35516.52
16035,41635,2025-04-06 14:33:46,394,1,20682.69
16036,41637,2025-03-07 02:29:08,488,1,32780.58
16037,41638,2025-02-13 20:09:57,185,1,12990.29
16038,41639,2025-02-22 08:09:48,273,2,16260.86
16039,41645,2025-03-31 10:40:56,155,1,27789.39
16040,41647,2025-04-26 01:03:19,369,1,14392.59
16041,41650,2025-03-08 13:25:06,338,1,88128.75
16042,41651,2025-03-05 22:52:42,57,2,110200.42
16043,41659,2025-04-02 16:31:27,111,1,1028.45
16044,41663,2025-02-18 05:00:41,157,1,103545.76
16045,41666,2025-04-27 04:36:37,30,2,87969.38
16046,41667,2025-04-26 00:33:09,39,1,19720.04
16047,41668,2025-06-04 11:25:01,93,1,5774.03
16048,41669,2025-05-14 07:29:24,314,1,6987.52
16049,41673,2025-01-25 12:37:54,137,1,47310.53
16050,41674,2025-06-04 18:20:53,117,1,1496.44
16051,41675,2025-05-24 23:55:20,91,1,115829.28
16052,41675,2025-06-22 21:06:41,343,1,71441.06
16053,41677,2025-05-30 06:36:32,16,1,4159.96
16054,41677,2025-06-16 23:44:54,452,1,17758.26
16055,41694,2025-04-27 02:08:46,157,1,103545.76
16056,41700,2025-01-23 08:58:27,328,1,7767.1
16057,41703,2025-04-03 11:01:45,368,1,49977.44
16058,41704,2025-06-23 02:46:31,298,1,12693.22
16059,41708,2025-02-22 02:30:17,255,1,3001.4
16060,41710,2025-05-05 13:10:18,356,1,3337.9
16061,41711,2025-05-01 12:45:40,405,2,40179.26
16062,41712,2025-02-20 23:38:36,418,1,16621.38
16063,41713,2025-03-07 06:13:59,344,1,21107.94
16064,41714,2025-03-04 22:15:11,413,1,24752.33
16065,41719,2025-05-08 11:34:35,40,1,1173.14
16066,41723,2025-03-26 01:45:54,296,1,108127.41
16067,41724,2025-02-24 02:59:25,36,1,17558.77
16068,41732,2025-06-23 19:58:11,305,1,2454.31
16069,41733,2025-04-22 19:40:05,206,1,23007.56
16070,41734,2025-02-13 08:09:09,57,1,55100.21
16071,41735,2025-03-13 10:41:33,346,1,14000.92
16072,41737,2025-04-15 16:34:13,463,1,6385.22
16073,41737,2025-04-26 10:55:19,153,2,2100.28
16074,41743,2025-05-27 10:25:23,451,3,20023.29
16075,41747,2025-06-10 15:57:03,434,2,188449.34
16076,41760,2025-06-27 16:20:41,45,1,25096.16
16077,41762,2025-04-14 02:05:30,51,3,31395.51
16078,41762,2025-05-05 23:22:22,412,2,5494.78
16079,41764,2025-03-06 04:58:40,65,2,30197.48
16080,41764,2025-03-24 01:32:35,288,1,11259.13
16081,41764,2025-04-04 09:16:55,20,1,1778.75
16082,41767,2025-02-12 13:44:41,115,1,16709.38
16083,41772,2025-06-16 06:48:35,461,2,11380.28
16084,41774,2025-04-05 00:05:29,139,1,1008.61
16085,41776,2025-03-18 12:50:51,341,2,8933.94
16086,41780,2025-02-02 06:20:04,222,1,8006.41
16087,41781,2025-05-31 05:09:29,94,2,18755.0
16088,41781,2025-06-21 05:15:25,128,2,15161.9
16089,41783,2025-06-01 04:26:40,129,1,358.85
16090,41783,2025-06-12 13:18:00,276,1,4843.01
16091,41784,2025-01-04 05:06:26,216,2,86566.52
16092,41788,2025-05-13 02:40:29,329,1,11214.8
16093,41791,2025-04-07 14:08:54,171,1,15094.37
16094,41792,2025-05-07 10:50:38,290,1,4390.34
16095,41795,2025-01-13 04:36:33,281,3,25725.12
16096,41796,2025-05-08 09:30:34,361,1,13985.68
16097,41797,2025-06-27 17:06:28,245,1,15399.15
16098,41798,2025-02-17 12:10:40,33,1,17762.94
16099,41799,2025-03-29 23:51:48,55,1,24029.51
16100,41800,2025-06-06 17:49:28,181,1,11869.76
16101,41801,2025-02-24 11:40:27,61,1,102219.65
16102,41801,2025-03-09 19:47:28,294,1,34584.69
16103,41808,2025-03-20 02:37:11,372,1,1314.03
16104,41809,2025-06-05 03:19:49,20,3,5336.25
16105,41814,2025-06-05 23:41:55,432,1,16557.1
16106,41816,2025-03-30 15:21:25,399,1,17727.09
16107,41817,2025-03-19 18:29:05,306,1,4449.97
16108,41817,2025-03-29 06:57:18,278,1,12926.7
16109,41817,2025-04-02 04:17:41,78,1,149482.7
16110,41817,2025-04-12 22:48:39,378,3,47985.51
16111,41819,2025-03-04 06:26:56,67,2,6491.1
16112,41820,2025-05-06 10:56:07,288,1,11259.13
16113,41822,2025-06-13 06:02:08,474,1,15410.11
16114,41825,2025-05-07 11:47:24,237,2,46242.54
16115,41825,2025-05-23 18:43:16,191,1,36768.02
16116,41826,2025-06-28 00:30:53,487,1,17124.6
16117,41828,2025-02-02 13:36:47,71,1,4426.79
16118,41834,2025-05-26 06:53:23,487,1,17124.6
16119,41835,2025-04-02 10:44:02,72,1,43803.67
16120,41835,2025-05-01 00:01:33,137,3,141931.59
16121,41836,2025-02-09 21:07:18,158,1,2196.76
16122,41836,2025-03-11 13:26:04,24,2,3208.68
16123,41838,2025-06-26 01:43:05,382,1,17566.23
16124,41847,2025-06-23 22:38:59,107,1,11847.57
16125,41848,2025-05-01 02:06:57,22,3,37771.14
16126,41852,2025-02-03 08:40:30,438,1,5413.4
16127,41855,2025-06-21 16:23:38,470,1,1252.58
16128,41858,2025-04-23 09:45:59,239,1,1734.95
16129,41862,2025-05-29 20:15:23,249,1,2728.95
16130,41864,2025-02-08 23:32:10,94,1,9377.5
16131,41870,2025-06-26 08:10:50,346,2,28001.84
16132,41871,2025-02-26 16:09:07,362,1,539.2
16133,41871,2025-04-03 22:40:05,44,1,6132.16
16134,41872,2025-04-22 06:35:38,500,2,202351.1
16135,41872,2025-05-10 04:25:35,437,1,1479.71
16136,41874,2025-02-05 14:04:55,67,2,6491.1
16137,41876,2025-03-21 01:28:22,162,1,6647.03
16138,41880,2025-03-22 11:28:03,29,2,147676.4
16139,41882,2025-06-22 12:45:01,52,2,9966.22
16140,41885,2025-02-19 13:30:46,62,1,20430.08
16141,41888,2025-04-28 04:41:10,348,1,11453.57
16142,41889,2025-02-14 11:14:01,360,2,21556.04
16143,41889,2025-03-25 23:14:32,73,1,3184.93
16144,41891,2025-01-24 15:35:28,44,3,18396.48
16145,41892,2025-03-20 02:14:57,30,1,43984.69
16146,41894,2025-02-03 10:11:44,66,1,7734.16
16147,41898,2025-04-21 01:23:37,24,1,1604.34
16148,41904,2025-02-24 10:59:08,305,2,4908.62
16149,41905,2025-04-28 13:37:21,275,1,3307.48
16150,41909,2025-04-27 05:00:54,348,1,11453.57
16151,41909,2025-05-13 06:49:51,362,1,539.2
16152,41914,2025-02-07 10:10:36,24,1,1604.34
16153,41915,2025-02-27 22:58:55,111,2,2056.9
16154,41919,2025-02-14 21:13:52,247,1,9897.75
16155,41931,2025-04-15 01:27:01,55,1,24029.51
16156,41932,2025-06-04 12:04:12,123,2,74879.18
16157,41934,2025-02-24 21:39:46,85,1,67271.34
16158,41937,2025-06-05 13:57:23,435,1,4498.66
16159,41940,2025-05-18 06:53:11,224,1,14553.13
16160,41944,2025-01-13 04:58:42,452,1,17758.26
16161,41945,2025-01-23 11:44:53,427,2,8625.32
16162,41947,2025-04-09 07:16:03,247,1,9897.75
16163,41947,2025-04-21 22:18:57,494,1,495.37
16164,41948,2025-04-15 13:57:55,174,1,2937.34
16165,41952,2025-01-22 19:40:04,469,1,8458.92
16166,41956,2025-01-19 13:34:39,211,1,31008.7
16167,41957,2025-02-06 09:40:51,88,3,116709.09
16168,41957,2025-02-20 00:05:58,434,1,94224.67
16169,41964,2025-05-02 01:18:38,37,1,884.45
16170,41965,2025-05-23 19:59:15,198,1,7794.51
16171,41967,2025-02-07 09:54:35,295,1,13255.4
16172,41970,2025-01-10 14:04:07,57,1,55100.21
16173,41986,2025-06-18 17:04:45,430,2,49290.8
16174,42001,2025-02-27 00:40:07,204,2,7662.5
16175,42006,2025-02-09 11:53:22,468,1,141578.31
16176,42006,2025-02-14 22:03:22,117,1,1496.44
16177,42006,2025-03-17 12:00:04,248,1,9420.12
16178,42007,2025-02-23 09:42:50,478,1,37666.35
16179,42009,2025-06-28 09:50:18,258,1,4584.18
16180,42011,2025-03-05 12:22:25,258,1,4584.18
16181,42013,2025-04-18 13:38:09,326,1,81782.53
16182,42013,2025-05-09 02:28:48,329,1,11214.8
16183,42013,2025-05-12 08:27:59,30,1,43984.69
16184,42014,2025-03-21 01:34:53,341,1,4466.97
16185,42017,2025-01-17 15:17:58,399,1,17727.09
16186,42020,2025-02-09 06:47:32,364,1,4874.98
16187,42026,2025-04-21 14:17:21,89,1,115692.18
16188,42031,2025-04-28 16:21:52,447,1,1488.36
16189,42034,2025-06-29 22:36:11,490,2,25480.08
16190,42042,2025-02-26 05:49:01,246,1,4485.92
16191,42043,2025-06-23 16:11:08,415,1,4695.16
16192,42044,2025-05-20 06:15:01,22,1,12590.38
16193,42044,2025-05-27 00:16:01,204,1,3831.25
16194,42047,2025-06-17 02:57:39,160,1,13826.53
16195,42048,2025-04-22 02:39:18,7,1,1408.94
16196,42053,2025-06-21 03:41:19,290,3,13171.02
16197,42056,2025-05-05 01:22:20,229,2,61395.76
16198,42056,2025-05-16 05:55:42,154,2,72927.6
16199,42059,2025-06-29 15:44:23,67,1,3245.55
16200,42064,2025-02-28 12:13:54,72,1,43803.67
16201,42067,2025-05-11 16:35:43,157,1,103545.76
16202,42071,2025-04-19 15:02:56,303,2,2908.48
16203,42072,2025-04-18 11:07:31,422,1,8047.95
16204,42073,2025-06-19 07:47:09,72,1,43803.67
16205,42075,2025-01-18 16:35:47,205,2,29877.28
16206,42076,2025-03-18 07:46:05,340,2,172950.7
16207,42078,2025-02-20 02:09:49,20,1,1778.75
16208,42081,2025-04-21 22:18:14,372,1,1314.03
16209,42084,2025-05-04 21:50:31,118,1,2075.07
16210,42085,2025-03-14 19:24:35,196,1,1179.56
16211,42086,2025-03-06 15:27:08,165,3,5197.59
16212,42089,2025-04-12 06:34:27,97,1,623.51
16213,42091,2025-01-18 01:19:01,392,1,3931.31
16214,42093,2025-05-01 17:42:02,315,1,33862.07
16215,42096,2025-04-06 11:32:06,245,1,15399.15
16216,42096,2025-04-27 07:58:59,370,2,37808.82
16217,42097,2025-06-17 14:23:33,441,2,2293.42
16218,42099,2025-03-28 14:54:49,312,1,24505.73
16219,42099,2025-04-14 07:43:11,139,1,1008.61
16220,42100,2025-04-27 11:21:41,2,1,19570.0
16221,42101,2025-03-16 22:19:21,177,1,6007.88
16222,42112,2025-01-09 10:47:39,489,1,8331.51
16223,42114,2025-05-07 19:13:26,160,1,13826.53
16224,42118,2025-02-09 12:02:43,140,2,99968.1
16225,42120,2025-03-22 01:50:50,122,1,24310.52
16226,42121,2025-02-07 05:37:49,428,1,147572.66
16227,42122,2025-06-04 14:11:26,464,1,28260.63
16228,42123,2025-04-24 16:40:08,127,1,37875.42
16229,42124,2025-03-23 17:33:58,272,1,11789.2
16230,42125,2025-03-07 17:02:44,323,1,21377.29
16231,42126,2025-02-19 17:53:51,12,1,10398.85
16232,42127,2025-05-05 09:56:43,60,1,5108.13
16233,42127,2025-05-17 08:18:52,275,1,3307.48
16234,42134,2025-02-04 00:25:55,79,2,28589.74
16235,42140,2025-02-19 01:57:38,225,1,3052.25
16236,42140,2025-03-06 07:47:36,26,1,10901.13
16237,42142,2025-01-17 04:18:40,85,1,67271.34
16238,42145,2025-05-16 23:49:30,458,2,100472.12
16239,42146,2025-04-02 13:31:22,152,1,7223.67
16240,42147,2025-05-10 19:43:01,145,1,5753.8
16241,42151,2025-03-20 01:50:27,482,1,24845.6
16242,42151,2025-05-10 22:10:29,28,1,10248.86
16243,42152,2025-04-24 07:01:30,58,1,33150.95
16244,42152,2025-05-17 14:41:01,227,1,1864.51
16245,42154,2025-06-09 22:11:25,240,1,29634.73
16246,42154,2025-06-29 02:10:06,461,1,5690.14
16247,42159,2025-02-07 15:21:16,107,2,23695.14
16248,42161,2025-05-11 19:47:55,7,1,1408.94
16249,42161,2025-05-21 11:13:00,117,1,1496.44
16250,42161,2025-06-25 22:34:55,314,1,6987.52
16251,42163,2025-05-24 10:59:14,68,1,47179.0
16252,42163,2025-06-14 00:21:58,177,1,6007.88
16253,42170,2025-03-12 17:44:01,185,3,38970.87
16254,42171,2025-02-25 23:19:39,30,1,43984.69
16255,42172,2025-04-08 03:39:58,328,1,7767.1
16256,42178,2025-05-01 19:17:28,345,1,24246.2
16257,42185,2025-04-14 16:53:09,214,1,20873.19
16258,42187,2025-06-26 18:21:55,169,1,2636.13
16259,42188,2025-03-14 20:29:46,452,1,17758.26
16260,42193,2025-04-12 09:39:06,369,1,14392.59
16261,42194,2025-04-21 13:23:36,138,2,13441.82
16262,42199,2025-04-10 05:41:08,187,2,86684.62
16263,42205,2025-03-15 13:10:08,292,1,9786.76
16264,42208,2025-03-16 08:54:40,12,1,10398.85
16265,42209,2025-05-12 02:56:26,116,1,13895.24
16266,42212,2025-02-17 11:21:36,482,3,74536.8
16267,42215,2025-06-21 23:38:23,79,2,28589.74
16268,42216,2025-04-10 20:23:05,392,1,3931.31
16269,42217,2025-03-02 14:49:13,309,2,5020.2
16270,42219,2025-01-30 14:18:29,170,1,2620.79
16271,42223,2025-05-11 04:54:08,304,1,149568.6
16272,42223,2025-05-31 00:34:28,211,2,62017.4
16273,42224,2025-06-04 14:12:59,277,2,268878.56
16274,42227,2025-02-06 18:23:02,344,3,63323.82
16275,42233,2025-03-12 09:41:47,446,1,136780.08
16276,42235,2025-04-04 05:16:18,304,3,448705.8
16277,42236,2025-01-13 19:05:54,146,2,18892.9
16278,42238,2025-03-30 11:30:38,367,2,11491.14
16279,42238,2025-04-18 13:57:22,324,2,56002.14
16280,42240,2025-01-03 09:56:18,223,1,11303.07
16281,42240,2025-01-24 04:19:23,405,1,20089.63
16282,42242,2025-01-12 04:01:51,488,1,32780.58
16283,42244,2025-02-03 05:27:53,423,1,19615.97
16284,42245,2025-01-31 11:04:40,188,3,1895.31
16285,42247,2025-06-19 16:14:26,261,2,38316.38
16286,42250,2025-02-26 07:05:51,130,1,16268.89
16287,42251,2025-01-23 16:57:00,282,1,1113.3
16288,42255,2025-06-25 20:28:33,431,1,6259.3
16289,42259,2025-04-25 08:32:00,229,1,30697.88
16290,42266,2025-05-03 06:08:19,84,2,4896.78
16291,42267,2025-04-04 19:22:12,187,1,43342.31
16292,42269,2025-06-28 01:16:12,181,1,11869.76
16293,42278,2025-04-22 09:01:36,305,1,2454.31
16294,42281,2025-05-12 04:28:42,50,1,9054.04
16295,42285,2025-01-23 03:47:06,10,1,3952.37
16296,42286,2025-04-08 17:02:04,196,1,1179.56
16297,42286,2025-04-14 02:20:31,282,1,1113.3
16298,42287,2025-02-17 21:30:28,162,1,6647.03
16299,42289,2025-02-24 10:11:46,481,1,3800.46
16300,42289,2025-03-17 11:30:02,420,1,3770.66
16301,42290,2025-01-05 15:42:01,192,2,66352.8
16302,42293,2025-03-02 19:20:55,350,1,4462.47
16303,42294,2025-02-08 13:20:44,328,1,7767.1
16304,42296,2025-05-23 15:38:05,90,1,93514.94
16305,42298,2025-02-07 08:53:41,185,2,25980.58
16306,42299,2025-03-17 20:37:10,302,2,77553.1
16307,42303,2025-02-13 15:24:46,383,2,221812.2
16308,42306,2025-01-28 12:14:55,252,1,5818.59
16309,42308,2025-01-29 21:13:38,93,1,5774.03
16310,42309,2025-02-06 22:54:39,59,1,43466.97
16311,42311,2025-04-25 11:12:56,329,1,11214.8
16312,42312,2025-02-07 21:44:58,484,2,185827.88
16313,42313,2025-03-04 22:01:14,232,1,3213.9
16314,42313,2025-03-10 14:33:11,207,1,30716.03
16315,42316,2025-02-26 23:47:58,277,1,134439.28
16316,42317,2025-04-09 01:48:02,449,2,1303.66
16317,42319,2025-06-30 02:08:33,183,1,5734.14
16318,42320,2025-02-07 18:50:47,74,3,73180.08
16319,42321,2025-04-13 01:10:18,301,2,88512.42
16320,42322,2025-02-08 12:56:16,97,1,623.51
16321,42324,2025-05-19 09:04:46,204,1,3831.25
16322,42325,2025-04-25 00:22:48,197,1,1108.19
16323,42326,2025-05-16 00:41:22,316,1,5050.1
16324,42326,2025-06-12 14:12:48,171,1,15094.37
16325,42328,2025-01-08 08:46:17,455,1,3164.97
16326,42329,2025-01-22 23:47:21,276,1,4843.01
16327,42330,2025-03-01 12:02:07,260,1,13781.16
16328,42334,2025-06-02 06:50:21,68,2,94358.0
16329,42340,2025-01-30 06:14:55,109,1,13239.59
16330,42343,2025-06-29 09:27:35,328,1,7767.1
16331,42344,2025-06-15 06:21:53,341,1,4466.97
16332,42345,2025-01-20 19:23:05,61,2,204439.3
16333,42350,2025-05-11 05:40:48,12,1,10398.85
16334,42350,2025-05-26 07:54:23,26,1,10901.13
16335,42352,2025-06-13 15:47:48,496,1,31539.91
16336,42352,2025-06-23 09:37:49,56,3,87465.99
16337,42359,2025-04-04 02:39:55,305,3,7362.93
16338,42361,2025-02-02 20:14:24,187,1,43342.31
16339,42362,2025-05-29 05:58:51,413,1,24752.33
16340,42363,2025-05-08 19:09:33,269,1,115514.93
16341,42364,2025-04-17 01:57:18,476,1,2319.27
16342,42365,2025-05-09 10:49:16,328,1,7767.1
16343,42365,2025-05-23 08:45:15,372,2,2628.06
16344,42365,2025-06-10 01:41:31,48,1,5407.24
16345,42373,2025-01-30 11:11:25,380,1,19492.66
16346,42374,2025-05-06 04:11:55,290,1,4390.34
16347,42379,2025-05-03 18:21:08,30,1,43984.69
16348,42382,2025-05-29 12:19:34,63,1,8572.39
16349,42384,2025-05-18 23:26:02,361,2,27971.36
16350,42386,2025-01-20 22:29:20,175,1,81468.72
16351,42396,2025-01-28 12:33:10,477,2,74707.18
16352,42399,2025-06-27 12:23:46,220,2,5167.84
16353,42402,2025-03-06 03:22:34,88,1,38903.03
16354,42403,2025-02-28 04:16:39,261,1,19158.19
16355,42408,2025-06-22 13:04:22,494,2,990.74
16356,42411,2025-06-05 23:49:26,42,1,35405.28
16357,42420,2025-04-09 15:41:30,249,1,2728.95
16358,42423,2025-06-08 05:02:59,171,1,15094.37
16359,42426,2025-05-26 20:55:08,286,1,3189.98
16360,42428,2025-05-17 03:21:26,357,1,136130.58
16361,42428,2025-05-20 22:28:48,321,2,267370.16
16362,42430,2025-04-21 23:01:46,346,3,42002.76
16363,42430,2025-05-21 06:44:23,256,1,547.58
16364,42431,2025-01-26 06:15:10,254,1,16059.76
16365,42431,2025-03-05 07:54:53,265,1,7512.87
16366,42432,2025-02-22 12:31:31,144,1,21135.77
16367,42432,2025-04-24 20:52:46,367,1,5745.57
16368,42440,2025-02-20 07:23:19,333,1,4180.46
16369,42440,2025-02-28 04:54:21,128,1,7580.95
16370,42443,2025-02-18 13:38:42,209,1,38411.37
16371,42446,2025-04-10 07:31:31,123,1,37439.59
16372,42446,2025-05-05 23:53:57,102,1,25792.01
16373,42450,2025-05-18 03:14:28,379,1,29755.14
16374,42451,2025-01-21 12:03:50,439,1,35173.02
16375,42455,2025-04-25 13:15:29,251,2,16656.58
16376,42456,2025-04-27 09:55:02,343,1,71441.06
16377,42466,2025-06-11 20:07:47,419,1,24719.61
16378,42475,2025-05-23 01:21:33,449,2,1303.66
16379,42476,2025-03-23 21:20:02,154,2,72927.6
16380,42480,2025-03-10 11:49:16,199,1,130009.3
16381,42482,2025-03-20 20:44:12,454,1,3744.31
16382,42483,2025-04-21 18:03:13,94,1,9377.5
16383,42484,2025-03-11 21:37:47,240,1,29634.73
16384,42484,2025-03-31 01:46:11,209,1,38411.37
16385,42485,2025-03-28 07:37:24,102,2,51584.02
16386,42485,2025-04-16 06:25:29,79,1,14294.87
16387,42485,2025-05-02 09:29:04,254,1,16059.76
16388,42488,2025-06-02 21:09:56,431,2,12518.6
16389,42490,2025-05-13 13:08:37,246,1,4485.92
16390,42495,2025-01-05 00:38:17,475,2,23388.94
16391,42499,2025-02-09 22:35:06,299,1,9185.44
16392,42510,2025-01-13 11:02:32,135,3,40952.25
16393,42511,2025-05-21 23:08:49,287,1,5328.56
16394,42523,2025-01-26 14:21:55,414,1,20297.26
16395,42523,2025-03-20 07:02:20,242,3,27856.17
16396,42528,2025-04-09 13:08:02,197,1,1108.19
16397,42531,2025-02-15 01:21:32,199,2,260018.6
16398,42537,2025-06-30 02:19:38,435,1,4498.66
16399,42540,2025-04-11 09:00:00,284,1,10670.32
16400,42540,2025-04-28 06:27:47,23,2,48172.72
16401,42540,2025-05-13 02:24:06,276,2,9686.02
16402,42542,2025-01-29 21:48:17,339,1,464.88
16403,42543,2025-04-04 07:51:46,286,1,3189.98
16404,42547,2025-02-28 05:20:33,350,1,4462.47
16405,42557,2025-02-17 23:32:00,140,1,49984.05
16406,42560,2025-05-07 22:49:54,393,1,13053.76
16407,42561,2025-01-07 15:06:30,467,1,82011.77
16408,42565,2025-04-06 21:05:55,199,1,130009.3
16409,42566,2025-06-09 01:02:32,467,2,164023.54
16410,42566,2025-06-29 12:11:43,437,2,2959.42
16411,42574,2025-03-22 09:39:13,123,1,37439.59
16412,42580,2025-06-19 14:59:42,118,1,2075.07
16413,42581,2025-04-14 04:08:52,419,1,24719.61
16414,42581,2025-04-23 14:35:43,447,1,1488.36
16415,42584,2025-02-08 19:25:13,102,1,25792.01
16416,42585,2025-03-11 03:50:47,110,1,18441.82
16417,42585,2025-04-30 04:14:37,342,1,11288.79
16418,42586,2025-06-19 14:23:56,132,1,7791.77
16419,42587,2025-06-21 09:13:18,96,1,1401.59
16420,42588,2025-06-07 12:40:08,382,1,17566.23
16421,42588,2025-06-28 11:43:12,186,1,5082.83
16422,42589,2025-01-09 23:11:06,500,1,101175.55
16423,42591,2025-03-09 19:11:20,14,1,3902.87
16424,42592,2025-05-15 08:56:39,122,1,24310.52
16425,42595,2025-06-16 01:13:38,341,1,4466.97
16426,42600,2025-02-18 15:26:49,253,1,9261.77
16427,42601,2025-03-07 15:43:30,250,1,20800.98
16428,42608,2025-03-30 17:49:04,153,2,2100.28
16429,42609,2025-05-18 10:19:14,17,1,20450.91
16430,42609,2025-05-31 11:13:56,8,1,2149.22
16431,42609,2025-06-17 00:09:17,178,3,366075.66
16432,42610,2025-02-04 18:27:08,207,2,61432.06
16433,42611,2025-03-01 16:02:06,370,1,18904.41
16434,42614,2025-03-07 16:31:17,92,1,3738.51
16435,42614,2025-03-28 09:29:01,281,3,25725.12
16436,42614,2025-04-16 12:55:00,98,1,12583.05
16437,42614,2025-04-27 02:01:28,62,1,20430.08
16438,42618,2025-04-16 06:27:45,139,3,3025.83
16439,42624,2025-03-26 10:10:22,77,1,70509.53
16440,42626,2025-02-25 21:47:35,92,1,3738.51
16441,42626,2025-03-16 00:22:53,38,1,12400.94
16442,42632,2025-06-14 06:17:33,202,1,2128.85
16443,42638,2025-02-01 18:46:21,127,1,37875.42
16444,42644,2025-03-08 22:43:27,93,1,5774.03
16445,42645,2025-06-12 14:49:44,438,1,5413.4
16446,42647,2025-02-14 11:36:58,59,1,43466.97
16447,42650,2025-05-02 06:26:30,47,1,6372.46
16448,42651,2025-06-18 14:38:00,307,1,22758.27
16449,42653,2025-05-12 06:39:05,193,1,33028.41
16450,42654,2025-05-04 19:11:28,316,1,5050.1
16451,42656,2025-03-11 02:28:57,426,2,49446.32
16452,42657,2025-02-23 02:03:43,446,1,136780.08
16453,42661,2025-03-05 10:16:39,482,2,49691.2
16454,42662,2025-05-08 05:06:43,328,1,7767.1
16455,42665,2025-06-07 17:11:33,318,1,19551.59
16456,42667,2025-04-16 17:35:59,462,1,22303.0
16457,42668,2025-04-02 10:02:03,359,1,7693.07
16458,42674,2025-06-13 08:38:41,54,2,8318.96
16459,42675,2025-01-31 23:16:04,53,1,67150.12
16460,42680,2025-06-28 05:53:17,191,2,73536.04
16461,42682,2025-06-09 09:08:09,270,1,514.56
16462,42683,2025-05-01 20:15:30,441,1,1146.71
16463,42684,2025-04-28 09:48:32,63,1,8572.39
16464,42685,2025-01-18 17:56:53,295,1,13255.4
16465,42694,2025-06-12 03:08:56,97,2,1247.02
16466,42701,2025-04-26 16:09:40,387,1,28854.36
16467,42703,2025-02-19 10:46:01,180,1,22619.63
16468,42704,2025-06-26 05:56:31,497,1,4676.48
16469,42706,2025-03-14 00:59:18,386,1,30141.47
16470,42707,2025-05-27 00:50:12,352,1,29524.41
16471,42712,2025-04-05 03:56:53,489,1,8331.51
16472,42712,2025-04-20 06:53:29,398,2,18976.62
16473,42712,2025-05-05 09:47:33,324,1,28001.07
16474,42716,2025-04-17 20:47:11,196,1,1179.56
16475,42727,2025-03-11 01:18:00,430,1,24645.4
16476,42727,2025-03-30 06:56:49,119,1,9009.08
16477,42727,2025-04-20 10:45:26,410,1,90198.25
16478,42728,2025-01-27 22:32:08,450,1,7501.43
16479,42730,2025-02-15 07:31:50,166,2,30353.98
16480,42732,2025-02-03 02:38:26,262,1,37057.19
16481,42733,2025-04-08 04:40:17,231,1,2920.42
16482,42733,2025-04-18 13:48:31,175,2,162937.44
16483,42733,2025-05-08 14:18:50,473,1,1074.49
16484,42734,2025-01-23 20:23:54,179,2,227473.0
16485,42738,2025-06-16 00:14:21,195,1,17742.05
16486,42738,2025-06-29 21:19:13,396,2,221064.42
16487,42744,2025-04-14 18:41:04,216,1,43283.26
16488,42744,2025-05-05 20:49:30,111,1,1028.45
16489,42750,2025-04-30 11:58:26,274,1,21627.09
16490,42754,2025-02-16 00:18:07,263,1,38988.81
16491,42758,2025-04-07 23:45:14,493,1,17276.96
16492,42760,2025-04-13 12:39:00,195,1,17742.05
16493,42761,2025-01-31 14:32:58,447,1,1488.36
16494,42764,2025-01-15 06:03:52,357,1,136130.58
16495,42772,2025-03-13 16:04:01,498,1,13866.8
16496,42773,2025-03-28 11:01:03,481,1,3800.46
16497,42774,2025-02-17 14:54:52,233,2,9256.5
16498,42778,2025-06-27 15:28:31,324,1,28001.07
16499,42783,2025-05-15 16:15:20,301,1,44256.21
16500,42785,2025-05-27 04:20:30,295,1,13255.4
16501,42787,2025-01-20 14:57:30,124,1,4288.14
16502,42787,2025-02-02 08:41:44,279,1,11780.7
16503,42790,2025-03-27 20:08:48,373,3,14981.25
16504,42791,2025-03-17 10:10:30,374,1,10459.29
16505,42794,2025-01-01 08:23:23,444,3,444744.48
16506,42799,2025-06-20 14:43:19,465,1,17429.18
16507,42801,2025-03-09 06:51:10,208,1,3468.77
16508,42809,2025-06-14 16:20:11,478,1,37666.35
16509,42810,2025-03-11 10:13:31,200,3,23512.71
16510,42811,2025-01-28 15:47:03,27,1,1626.81
16511,42811,2025-02-18 01:10:23,102,1,25792.01
16512,42811,2025-03-01 17:23:39,357,1,136130.58
16513,42819,2025-04-04 15:43:13,355,1,4384.45
16514,42823,2025-06-06 17:39:09,416,2,73301.44
16515,42829,2025-05-01 01:29:51,30,2,87969.38
16516,42830,2025-05-24 18:05:34,200,1,7837.57
16517,42836,2025-06-01 16:13:50,39,1,19720.04
16518,42838,2025-01-26 16:36:48,363,1,38026.37
16519,42838,2025-03-03 13:32:47,47,1,6372.46
16520,42838,2025-03-16 16:46:37,497,1,4676.48
16521,42839,2025-04-30 16:01:53,242,1,9285.39
16522,42842,2025-03-17 07:26:09,125,1,20320.95
16523,42842,2025-03-25 16:55:18,152,1,7223.67
16524,42845,2025-05-01 11:10:38,225,1,3052.25
16525,42846,2025-05-17 23:29:27,160,1,13826.53
16526,42850,2025-01-23 07:34:21,492,1,8731.65
16527,42850,2025-02-05 03:43:41,357,1,136130.58
16528,42854,2025-03-28 06:39:44,464,2,56521.26
16529,42855,2025-03-23 12:36:32,442,1,27027.64
16530,42862,2025-05-27 03:47:07,434,1,94224.67
16531,42864,2025-05-09 00:16:48,110,1,18441.82
16532,42864,2025-05-15 13:22:35,127,2,75750.84
16533,42866,2025-06-11 13:39:54,96,1,1401.59
16534,42867,2025-03-26 12:36:32,172,3,109247.76
16535,42876,2025-06-12 22:10:52,326,1,81782.53
16536,42877,2025-05-19 00:32:35,352,1,29524.41
16537,42878,2025-05-09 13:46:52,448,1,18494.26
16538,42879,2025-04-02 12:39:40,71,2,8853.58
16539,42881,2025-04-24 06:27:09,66,1,7734.16
16540,42885,2025-02-15 19:39:47,204,1,3831.25
16541,42889,2025-01-20 02:49:55,163,1,7638.19
16542,42891,2025-01-29 06:56:09,482,2,49691.2
16543,42897,2025-04-14 02:12:52,423,1,19615.97
16544,42900,2025-05-12 13:12:06,333,1,4180.46
16545,42900,2025-05-22 00:13:08,3,3,30284.01
16546,42901,2025-04-03 13:55:56,303,1,1454.24
16547,42904,2025-05-16 11:05:48,391,1,7481.06
16548,42908,2025-03-28 00:19:48,243,1,2252.58
16549,42918,2025-05-14 07:17:37,412,1,2747.39
16550,42922,2025-01-17 22:10:21,116,2,27790.48
16551,42924,2025-02-16 19:36:59,425,2,28629.48
16552,42927,2025-05-07 19:33:42,411,1,2755.99
16553,42942,2025-01-30 11:42:52,429,1,2789.86
16554,42943,2025-05-12 04:40:19,13,1,2692.52
16555,42945,2025-02-07 14:27:02,110,1,18441.82
16556,42947,2025-01-08 03:02:13,199,1,130009.3
16557,42947,2025-01-19 23:33:27,132,1,7791.77
16558,42951,2025-03-31 19:35:14,158,1,2196.76
16559,42953,2025-03-21 17:38:05,125,1,20320.95
16560,42955,2025-06-29 03:36:13,318,1,19551.59
16561,42958,2025-06-03 07:40:52,422,2,16095.9
16562,42961,2025-06-27 19:57:43,357,2,272261.16
16563,42967,2025-05-19 23:00:18,297,1,17729.74
16564,42971,2025-03-02 13:15:35,317,1,2354.88
16565,42972,2025-05-10 20:38:55,135,1,13650.75
16566,42973,2025-03-08 17:37:37,386,1,30141.47
16567,42977,2025-04-08 19:11:25,451,3,20023.29
16568,42978,2025-06-22 11:08:16,29,1,73838.2
16569,42980,2025-04-02 04:58:24,33,1,17762.94
16570,42982,2025-02-17 09:49:20,78,1,149482.7
16571,42982,2025-02-26 22:13:05,435,1,4498.66
16572,42984,2025-04-10 08:58:09,238,1,20295.06
16573,42993,2025-02-27 01:14:09,76,1,513.56
16574,42994,2025-06-06 21:09:15,177,1,6007.88
16575,42996,2025-05-02 02:22:07,31,1,2221.64
16576,42996,2025-05-08 18:36:37,162,2,13294.06
16577,42997,2025-04-05 21:02:12,89,1,115692.18
16578,43002,2025-03-08 21:15:32,47,1,6372.46
16579,43007,2025-02-04 07:54:54,78,1,149482.7
16580,43008,2025-01-09 17:56:02,222,1,8006.41
16581,43008,2025-01-22 07:02:59,227,1,1864.51
16582,43010,2025-01-27 11:47:14,346,2,28001.84
16583,43010,2025-02-03 13:08:53,14,1,3902.87
16584,43014,2025-06-20 04:32:20,65,1,15098.74
16585,43017,2025-03-20 15:08:10,239,2,3469.9
16586,43019,2025-03-23 06:45:10,195,2,35484.1
16587,43024,2025-04-13 14:16:50,150,2,39612.3
16588,43026,2025-03-28 02:24:14,488,1,32780.58
16589,43026,2025-04-20 03:18:16,390,3,11778.15
16590,43028,2025-06-19 23:16:35,399,2,35454.18
16591,43031,2025-02-22 10:55:52,20,1,1778.75
16592,43031,2025-03-02 22:44:34,21,1,14166.0
16593,43035,2025-01-27 09:01:30,169,3,7908.39
16594,43036,2025-06-09 14:54:38,397,1,38138.57
16595,43037,2025-01-30 10:22:44,409,1,6296.47
16596,43038,2025-04-26 11:34:03,485,1,26241.01
16597,43039,2025-02-05 23:34:45,404,1,13845.68
16598,43042,2025-03-25 03:15:25,494,1,495.37
16599,43043,2025-02-15 05:38:02,376,1,14562.53
16600,43043,2025-02-23 22:20:47,139,2,2017.22
16601,43054,2025-03-16 23:29:18,264,1,4577.56
16602,43055,2025-05-03 04:47:22,246,1,4485.92
16603,43056,2025-04-22 04:20:18,268,2,14775.66
16604,43057,2025-03-22 22:03:46,129,2,717.7
16605,43062,2025-04-07 02:12:54,401,1,11690.67
16606,43064,2025-04-03 00:39:14,58,1,33150.95
16607,43064,2025-04-14 18:28:19,216,3,129849.78
16608,43064,2025-04-30 10:01:12,349,3,36125.79
16609,43066,2025-02-01 01:31:11,78,2,298965.4
16610,43068,2025-06-15 21:39:13,22,1,12590.38
16611,43068,2025-06-29 21:56:04,493,1,17276.96
16612,43073,2025-03-14 22:15:37,483,1,43632.67
16613,43073,2025-04-05 06:00:39,140,2,99968.1
16614,43079,2025-05-03 09:01:47,356,1,3337.9
16615,43080,2025-02-22 08:47:00,492,1,8731.65
16616,43081,2025-03-06 01:01:12,371,1,23547.53
16617,43081,2025-04-02 21:22:31,398,3,28464.93
16618,43084,2025-04-24 18:35:46,398,1,9488.31
16619,43086,2025-04-28 02:45:36,399,1,17727.09
16620,43087,2025-03-24 20:08:26,186,1,5082.83
16621,43089,2025-03-23 21:30:10,339,1,464.88
16622,43090,2025-04-21 04:54:49,98,1,12583.05
16623,43092,2025-06-16 17:57:24,52,1,4983.11
16624,43095,2025-06-22 19:31:02,321,1,133685.08
16625,43101,2025-01-28 02:01:04,132,1,7791.77
16626,43103,2025-03-29 08:27:51,154,2,72927.6
16627,43103,2025-05-05 13:46:29,106,1,4353.63
16628,43106,2025-06-12 02:58:22,431,1,6259.3
16629,43107,2025-04-24 05:33:25,364,3,14624.94
16630,43107,2025-05-03 14:20:38,134,1,3801.47
16631,43108,2025-03-03 15:46:52,73,2,6369.86
16632,43112,2025-03-07 17:32:32,32,2,14552.24
16633,43116,2025-03-28 02:16:52,33,3,53288.82
16634,43117,2025-05-13 08:33:32,443,1,19089.94
16635,43119,2025-02-14 12:25:45,214,1,20873.19
16636,43123,2025-03-09 00:50:47,390,1,3926.05
16637,43124,2025-06-21 11:52:37,297,1,17729.74
16638,43132,2025-06-19 10:45:49,194,2,3044.38
16639,43142,2025-03-05 01:55:11,311,1,90815.28
16640,43143,2025-06-23 00:58:00,298,2,25386.44
16641,43147,2025-06-19 16:40:38,64,1,23300.53
16642,43150,2025-05-17 02:43:40,155,1,27789.39
16643,43152,2025-06-03 08:50:08,390,1,3926.05
16644,43153,2025-05-23 12:35:02,266,1,8000.62
16645,43155,2025-02-25 22:24:05,143,1,13152.69
16646,43156,2025-06-26 05:09:42,377,1,6504.51
16647,43157,2025-03-21 01:25:05,378,1,15995.17
16648,43160,2025-04-21 07:37:45,273,2,16260.86
16649,43161,2025-04-21 06:00:40,360,3,32334.06
16650,43165,2025-03-21 06:05:58,324,2,56002.14
16651,43166,2025-01-23 01:18:35,374,1,10459.29
16652,43170,2025-05-30 00:32:06,332,1,502.68
16653,43171,2025-05-08 00:29:07,367,1,5745.57
16654,43176,2025-02-17 01:41:27,329,2,22429.6
16655,43177,2025-05-21 01:31:49,484,1,92913.94
16656,43179,2025-04-16 04:45:20,463,2,12770.44
16657,43183,2025-04-05 09:54:35,244,1,3774.78
16658,43187,2025-01-28 22:56:15,334,2,8409.18
16659,43193,2025-05-23 19:06:05,150,2,39612.3
16660,43193,2025-06-05 13:14:46,38,1,12400.94
16661,43199,2025-04-24 04:28:54,188,2,1263.54
16662,43200,2025-06-13 21:30:09,9,1,6572.8
16663,43202,2025-03-01 13:25:15,386,1,30141.47
16664,43210,2025-06-23 16:53:51,108,2,10541.66
16665,43213,2025-01-03 04:04:12,176,1,15291.17
16666,43222,2025-06-24 10:42:15,24,2,3208.68
16667,43223,2025-06-09 14:37:57,453,2,6550.42
16668,43224,2025-06-09 00:55:06,68,2,94358.0
16669,43227,2025-02-15 04:04:22,454,1,3744.31
16670,43227,2025-02-28 18:23:48,216,2,86566.52
16671,43230,2025-01-17 20:23:53,54,1,4159.48
16672,43232,2025-06-24 13:09:01,140,2,99968.1
16673,43233,2025-06-07 19:24:12,442,1,27027.64
16674,43234,2025-06-17 08:54:56,302,1,38776.55
16675,43235,2025-01-31 08:36:22,185,1,12990.29
16676,43236,2025-01-13 15:43:02,163,2,15276.38
16677,43242,2025-06-01 21:29:08,195,1,17742.05
16678,43243,2025-05-12 13:07:18,81,1,47864.88
16679,43244,2025-05-05 08:42:07,40,2,2346.28
16680,43245,2025-03-17 15:10:52,479,3,51186.15
16681,43245,2025-03-26 16:56:57,384,2,8027.06
16682,43245,2025-03-29 22:05:24,429,2,5579.72
16683,43248,2025-03-08 15:11:52,370,1,18904.41
16684,43248,2025-03-20 13:38:48,72,1,43803.67
16685,43251,2025-06-08 22:17:00,91,1,115829.28
16686,43259,2025-04-06 07:26:27,455,1,3164.97
16687,43267,2025-06-04 23:01:59,203,1,13023.16
16688,43270,2025-06-02 00:38:15,362,1,539.2
16689,43273,2025-04-03 21:31:22,283,1,38631.44
16690,43275,2025-05-24 09:12:47,168,1,9504.82
16691,43280,2025-02-10 01:25:31,357,2,272261.16
16692,43283,2025-06-20 22:08:13,467,3,246035.31
16693,43284,2025-03-10 21:39:57,123,2,74879.18
16694,43287,2025-02-26 23:03:15,387,1,28854.36
16695,43287,2025-03-11 06:09:16,391,1,7481.06
16696,43290,2025-02-28 21:25:34,350,1,4462.47
16697,43292,2025-04-02 16:03:59,318,1,19551.59
16698,43294,2025-06-30 07:30:52,418,1,16621.38
16699,43295,2025-06-08 22:55:33,491,1,912.64
16700,43295,2025-06-25 10:24:11,241,1,11168.82
16701,43296,2025-01-29 06:04:41,39,1,19720.04
16702,43296,2025-02-07 16:58:43,435,1,4498.66
16703,43299,2025-03-14 01:07:18,405,1,20089.63
16704,43300,2025-06-28 10:29:40,353,1,14609.61
16705,43303,2025-04-24 22:00:16,460,1,41328.67
16706,43305,2025-06-11 07:39:51,377,1,6504.51
16707,43309,2025-02-07 08:50:43,92,1,3738.51
16708,43310,2025-02-05 21:58:23,263,1,38988.81
16709,43311,2025-02-27 22:56:26,235,1,42017.2
16710,43314,2025-06-06 01:01:22,142,1,10287.19
16711,43320,2025-03-14 09:30:28,427,2,8625.32
16712,43321,2025-01-24 03:54:58,374,2,20918.58
16713,43328,2025-01-25 16:26:48,276,1,4843.01
16714,43336,2025-06-18 08:38:16,401,1,11690.67
16715,43338,2025-04-15 22:21:27,68,1,47179.0
16716,43339,2025-05-22 16:58:07,78,1,149482.7
16717,43340,2025-05-16 08:11:30,435,1,4498.66
16718,43343,2025-05-08 12:41:20,139,1,1008.61
16719,43350,2025-05-26 16:47:33,40,1,1173.14
16720,43351,2025-05-01 08:27:02,232,1,3213.9
16721,43352,2025-04-24 05:47:01,111,1,1028.45
16722,43353,2025-06-03 02:49:52,133,1,30464.02
16723,43354,2025-05-31 04:30:48,300,1,11130.88
16724,43355,2025-05-25 02:53:40,419,2,49439.22
16725,43355,2025-06-26 02:32:00,157,1,103545.76
16726,43356,2025-05-26 06:57:26,43,1,11732.3
16727,43357,2025-01-08 10:14:43,50,1,9054.04
16728,43357,2025-02-08 00:55:01,436,1,18344.93
16729,43357,2025-03-01 11:20:16,74,2,48786.72
16730,43360,2025-05-24 19:48:07,313,1,11749.91
16731,43361,2025-02-02 00:55:15,289,1,116522.54
16732,43361,2025-03-07 18:05:07,207,1,30716.03
16733,43362,2025-01-12 00:17:37,412,3,8242.17
16734,43365,2025-03-22 13:07:40,31,2,4443.28
16735,43365,2025-04-02 11:43:28,145,1,5753.8
16736,43373,2025-03-15 14:56:36,163,1,7638.19
16737,43373,2025-04-01 02:10:06,149,1,10316.11
16738,43376,2025-02-15 00:03:39,471,1,29952.23
16739,43379,2025-03-04 09:56:35,448,1,18494.26
16740,43380,2025-04-12 18:00:42,106,1,4353.63
16741,43384,2025-02-26 17:01:01,139,1,1008.61
16742,43385,2025-05-09 11:28:32,111,1,1028.45
16743,43386,2025-05-07 17:24:02,362,2,1078.4
16744,43386,2025-05-21 08:47:12,146,2,18892.9
16745,43388,2025-04-04 07:25:31,365,1,13691.92
16746,43395,2025-02-18 16:02:35,110,1,18441.82
16747,43397,2025-06-10 02:59:37,132,1,7791.77
16748,43398,2025-05-06 05:34:19,395,2,61491.86
16749,43405,2025-04-07 13:47:40,432,2,33114.2
16750,43406,2025-02-27 10:30:19,83,1,20559.25
16751,43407,2025-04-20 18:55:37,255,3,9004.2
16752,43408,2025-01-25 16:56:03,198,1,7794.51
16753,43408,2025-02-13 02:58:07,223,1,11303.07
16754,43409,2025-04-12 15:40:49,283,1,38631.44
16755,43417,2025-05-06 23:45:18,170,3,7862.37
16756,43418,2025-01-08 09:08:59,447,2,2976.72
16757,43422,2025-06-10 15:09:06,89,2,231384.36
16758,43425,2025-01-23 23:38:39,65,1,15098.74
16759,43426,2025-04-27 22:27:43,364,2,9749.96
16760,43431,2025-04-22 18:59:35,72,3,131411.01
16761,43436,2025-05-18 15:52:09,353,2,29219.22
16762,43437,2025-01-20 07:58:34,367,1,5745.57
16763,43437,2025-02-05 04:25:27,109,1,13239.59
16764,43438,2025-04-09 01:08:09,238,1,20295.06
16765,43439,2025-01-19 19:47:01,405,1,20089.63
16766,43441,2025-03-23 01:41:23,75,1,12610.21
16767,43442,2025-04-18 00:36:13,341,1,4466.97
16768,43444,2025-03-31 18:59:27,353,1,14609.61
16769,43446,2025-04-14 09:12:04,11,1,55867.12
16770,43446,2025-05-03 11:33:36,361,1,13985.68
16771,43447,2025-03-31 20:10:05,43,2,23464.6
16772,43449,2025-01-18 11:36:37,237,1,23121.27
16773,43452,2025-04-18 11:19:34,110,1,18441.82
16774,43455,2025-04-09 08:55:45,307,1,22758.27
16775,43457,2025-03-12 07:54:48,255,2,6002.8
16776,43458,2025-05-11 02:48:27,256,1,547.58
16777,43459,2025-05-26 06:59:26,229,3,92093.64
16778,43460,2025-05-19 22:53:30,332,2,1005.36
16779,43462,2025-02-10 19:00:28,212,1,105203.42
16780,43463,2025-05-12 21:14:03,194,3,4566.57
16781,43464,2025-02-09 17:01:50,396,2,221064.42
16782,43464,2025-02-28 20:53:52,363,1,38026.37
16783,43465,2025-03-02 06:00:25,183,1,5734.14
16784,43465,2025-03-10 22:13:27,444,1,148248.16
16785,43468,2025-04-04 10:35:11,455,1,3164.97
16786,43472,2025-03-23 20:36:52,444,1,148248.16
16787,43473,2025-06-24 04:06:26,141,1,78006.44
16788,43475,2025-03-13 15:09:01,282,1,1113.3
16789,43475,2025-04-11 05:10:02,123,1,37439.59
16790,43478,2025-03-28 19:40:23,100,2,35149.9
16791,43481,2025-03-14 21:36:16,166,1,15176.99
16792,43491,2025-02-02 06:43:51,50,1,9054.04
16793,43493,2025-03-13 00:27:22,390,2,7852.1
16794,43493,2025-04-03 06:12:49,384,1,4013.53
16795,43496,2025-02-19 06:24:30,187,1,43342.31
16796,43497,2025-03-12 04:45:50,483,1,43632.67
16797,43499,2025-05-09 01:58:30,96,2,2803.18
16798,43503,2025-04-16 12:02:43,336,1,11769.86
16799,43505,2025-02-24 14:59:43,485,1,26241.01
16800,43505,2025-03-21 15:32:12,187,1,43342.31
16801,43505,2025-04-07 22:43:38,44,2,12264.32
16802,43505,2025-04-11 05:46:42,199,1,130009.3
16803,43507,2025-03-24 18:22:34,324,1,28001.07
16804,43508,2025-03-26 19:35:58,100,1,17574.95
16805,43512,2025-04-18 07:22:24,377,1,6504.51
16806,43512,2025-05-08 06:34:17,147,1,8701.96
16807,43514,2025-06-03 22:47:32,195,1,17742.05
16808,43515,2025-05-18 21:08:00,8,1,2149.22
16809,43517,2025-03-08 13:21:42,395,2,61491.86
16810,43517,2025-03-25 18:10:36,379,1,29755.14
16811,43519,2025-02-08 21:58:17,142,3,30861.57
16812,43520,2025-01-13 17:14:51,446,1,136780.08
16813,43522,2025-03-09 14:05:22,95,2,28309.52
16814,43524,2025-06-24 13:08:29,371,1,23547.53
16815,43526,2025-03-25 05:49:30,429,1,2789.86
16816,43530,2025-05-02 19:15:39,345,1,24246.2
16817,43533,2025-01-04 10:05:26,424,1,14170.15
16818,43538,2025-01-11 17:16:56,406,2,48838.48
16819,43543,2025-02-10 23:13:00,172,1,36415.92
16820,43545,2025-06-25 00:34:13,390,1,3926.05
16821,43551,2025-03-19 17:47:42,24,1,1604.34
16822,43551,2025-03-31 09:12:41,118,1,2075.07
16823,43551,2025-04-14 13:10:00,33,1,17762.94
16824,43555,2025-06-24 13:32:26,134,1,3801.47
16825,43558,2025-03-18 11:54:31,116,1,13895.24
16826,43561,2025-05-18 11:26:12,454,1,3744.31
16827,43562,2025-04-02 14:28:19,65,1,15098.74
16828,43565,2025-05-21 18:22:44,209,1,38411.37
16829,43567,2025-02-25 14:49:15,446,1,136780.08
16830,43569,2025-01-25 10:01:03,200,2,15675.14
16831,43574,2025-03-25 15:16:30,72,2,87607.34
16832,43575,2025-02-11 16:42:01,166,1,15176.99
16833,43579,2025-04-17 18:49:41,102,1,25792.01
16834,43581,2025-06-22 11:41:16,319,1,29688.49
16835,43585,2025-04-17 02:09:22,17,1,20450.91
16836,43587,2025-04-21 16:26:35,138,1,6720.91
16837,43589,2025-04-19 02:34:18,269,1,115514.93
16838,43592,2025-05-22 21:34:40,253,1,9261.77
16839,43603,2025-06-15 22:20:47,278,1,12926.7
16840,43605,2025-04-17 07:39:57,419,2,49439.22
16841,43607,2025-04-03 19:13:40,429,1,2789.86
16842,43607,2025-04-17 22:24:34,3,1,10094.67
16843,43608,2025-04-24 01:53:09,65,1,15098.74
16844,43609,2025-03-30 02:23:23,483,1,43632.67
16845,43610,2025-06-29 18:24:08,267,1,20054.79
16846,43614,2025-01-27 14:17:16,178,1,122025.22
16847,43614,2025-02-12 12:21:09,469,2,16917.84
16848,43616,2025-06-11 17:40:17,95,1,14154.76
16849,43622,2025-06-08 06:40:48,421,1,3913.39
16850,43624,2025-04-07 18:49:05,83,2,41118.5
16851,43625,2025-05-08 18:11:38,454,1,3744.31
16852,43627,2025-06-28 11:41:57,397,1,38138.57
16853,43629,2025-03-04 23:41:49,462,1,22303.0
16854,43629,2025-03-09 16:01:11,406,1,24419.24
16855,43631,2025-06-08 16:12:44,213,1,14323.4
16856,43632,2025-05-05 04:13:16,47,1,6372.46
16857,43634,2025-01-05 01:07:24,143,2,26305.38
16858,43635,2025-03-30 20:35:08,126,1,15953.08
16859,43637,2025-02-07 22:04:34,8,1,2149.22
16860,43638,2025-01-29 06:43:56,212,1,105203.42
16861,43638,2025-02-08 17:13:42,312,2,49011.46
16862,43640,2025-01-10 01:32:22,215,1,30903.15
16863,43647,2025-02-27 15:12:04,147,2,17403.92
16864,43649,2025-05-19 05:35:24,451,1,6674.43
16865,43651,2025-04-23 02:38:32,47,2,12744.92
16866,43652,2025-02-15 01:44:47,116,1,13895.24
16867,43663,2025-05-19 13:55:12,264,1,4577.56
16868,43669,2025-06-14 08:14:49,418,1,16621.38
16869,43670,2025-06-09 00:57:12,83,1,20559.25
16870,43670,2025-06-30 12:47:53,230,1,3807.27
16871,43672,2025-06-28 12:06:44,473,2,2148.98
16872,43675,2025-06-16 01:30:20,269,2,231029.86
16873,43680,2025-02-05 19:24:22,31,1,2221.64
16874,43681,2025-03-29 12:33:58,276,1,4843.01
16875,43681,2025-04-12 13:19:57,198,2,15589.02
16876,43681,2025-04-29 08:21:35,86,1,95739.09
16877,43684,2025-05-02 06:37:17,154,2,72927.6
16878,43693,2025-03-02 19:12:46,47,1,6372.46
16879,43695,2025-04-28 21:20:14,204,2,7662.5
16880,43698,2025-05-14 07:41:15,298,1,12693.22
16881,43700,2025-04-26 07:19:56,85,1,67271.34
16882,43702,2025-03-01 19:54:42,446,1,136780.08
16883,43712,2025-02-07 00:27:51,63,1,8572.39
16884,43713,2025-02-21 23:33:17,5,2,223768.38
16885,43720,2025-05-20 23:45:22,52,3,14949.33
16886,43723,2025-02-20 00:24:42,383,1,110906.1
16887,43724,2025-06-02 16:24:50,142,1,10287.19
16888,43729,2025-02-12 14:27:13,177,1,6007.88
16889,43730,2025-01-25 08:53:46,157,1,103545.76
16890,43735,2025-05-29 04:17:58,202,1,2128.85
16891,43736,2025-02-21 06:48:44,165,1,1732.53
16892,43736,2025-03-04 11:17:26,402,3,58947.75
16893,43740,2025-02-09 12:11:57,486,1,5773.24
16894,43745,2025-03-19 14:21:45,382,1,17566.23
16895,43746,2025-05-03 06:17:12,82,1,12391.54
16896,43747,2025-05-11 10:12:13,470,1,1252.58
16897,43748,2025-02-17 10:19:56,1,3,21615.03
16898,43749,2025-04-06 04:57:11,311,1,90815.28
16899,43750,2025-02-04 12:07:56,8,1,2149.22
16900,43754,2025-04-06 04:59:53,90,1,93514.94
16901,43760,2025-06-29 18:43:27,461,1,5690.14
16902,43768,2025-03-26 15:58:38,41,1,8500.67
16903,43780,2025-03-10 10:27:10,320,1,33560.76
16904,43780,2025-03-31 06:43:10,405,1,20089.63
16905,43781,2025-04-19 12:51:16,168,3,28514.46
16906,43781,2025-05-04 20:02:20,451,2,13348.86
16907,43782,2025-05-06 11:08:31,363,1,38026.37
16908,43788,2025-04-17 18:56:16,49,2,7168.0
16909,43789,2025-06-26 12:00:21,114,1,3834.0
16910,43791,2025-04-28 03:28:36,266,1,8000.62
16911,43791,2025-06-02 04:37:18,340,1,86475.35
16912,43800,2025-02-27 08:49:05,467,1,82011.77
16913,43803,2025-06-07 20:15:17,246,2,8971.84
16914,43804,2025-02-21 10:24:11,176,1,15291.17
16915,43810,2025-02-28 04:41:43,399,1,17727.09
16916,43812,2025-03-04 09:20:53,131,2,20407.46
16917,43813,2025-04-30 23:35:08,101,2,38173.66
16918,43823,2025-06-10 23:49:50,207,1,30716.03
16919,43823,2025-06-20 01:05:29,293,2,7324.48
16920,43824,2025-04-10 13:18:27,13,3,8077.56
16921,43824,2025-04-20 05:12:42,23,1,24086.36
16922,43826,2025-04-24 01:43:45,206,1,23007.56
16923,43826,2025-05-10 22:54:54,156,1,8339.09
16924,43836,2025-01-08 11:38:19,430,1,24645.4
16925,43837,2025-06-20 04:09:49,246,1,4485.92
16926,43838,2025-02-11 00:09:25,219,1,2535.54
16927,43842,2025-02-10 23:49:38,74,1,24393.36
16928,43843,2025-06-08 10:46:35,322,1,5485.52
16929,43844,2025-05-11 10:50:49,390,1,3926.05
16930,43845,2025-03-24 11:16:22,294,1,34584.69
16931,43846,2025-03-24 14:36:23,278,1,12926.7
16932,43847,2025-04-13 04:09:27,212,1,105203.42
16933,43851,2025-01-29 19:13:35,283,1,38631.44
16934,43851,2025-02-13 20:57:40,71,2,8853.58
16935,43852,2025-03-03 03:05:55,319,1,29688.49
16936,43853,2025-04-09 16:45:31,347,1,26954.74
16937,43853,2025-04-13 17:34:51,202,2,4257.7
16938,43855,2025-03-13 18:40:23,401,1,11690.67
16939,43861,2025-02-03 00:17:03,176,2,30582.34
16940,43861,2025-02-14 01:21:26,144,1,21135.77
16941,43862,2025-05-20 18:36:54,54,2,8318.96
16942,43863,2025-04-07 05:44:00,213,1,14323.4
16943,43863,2025-04-25 14:07:42,298,1,12693.22
16944,43864,2025-05-12 16:19:49,345,1,24246.2
16945,43865,2025-02-17 12:32:22,400,1,24109.01
16946,43867,2025-01-02 06:13:30,189,2,19184.4
16947,43873,2025-06-05 21:36:30,31,1,2221.64
16948,43875,2025-05-26 12:36:06,17,1,20450.91
16949,43876,2025-01-28 18:16:25,200,1,7837.57
16950,43877,2025-01-08 19:59:47,85,1,67271.34
16951,43882,2025-01-18 06:04:44,386,1,30141.47
16952,43882,2025-03-13 05:50:21,336,2,23539.72
16953,43884,2025-05-17 21:29:55,422,1,8047.95
16954,43885,2025-05-28 23:03:50,250,1,20800.98
16955,43888,2025-01-11 13:31:27,178,2,244050.44
16956,43888,2025-01-21 23:29:06,428,1,147572.66
16957,43891,2025-05-15 13:28:36,392,1,3931.31
16958,43892,2025-01-08 15:44:57,203,1,13023.16
16959,43898,2025-06-25 10:56:12,102,1,25792.01
16960,43899,2025-03-02 03:04:39,252,1,5818.59
16961,43902,2025-02-25 18:28:25,164,1,100669.41
16962,43903,2025-03-27 16:55:19,108,1,5270.83
16963,43904,2025-05-07 23:29:49,120,2,38047.96
16964,43909,2025-05-09 14:53:29,361,1,13985.68
16965,43910,2025-06-01 08:18:16,243,3,6757.74
16966,43919,2025-06-26 05:21:42,75,1,12610.21
16967,43922,2025-05-11 18:09:58,420,2,7541.32
16968,43922,2025-05-24 21:07:05,128,1,7580.95
16969,43925,2025-06-12 15:09:46,222,1,8006.41
16970,43928,2025-06-18 18:38:58,31,1,2221.64
16971,43928,2025-06-29 17:46:04,34,3,6294.15
16972,43938,2025-04-16 05:09:02,277,2,268878.56
16973,43941,2025-05-11 10:08:15,311,2,181630.56
16974,43945,2025-03-29 03:23:34,429,1,2789.86
16975,43947,2025-01-24 22:51:31,369,1,14392.59
16976,43948,2025-06-12 01:35:33,253,1,9261.77
16977,43949,2025-02-15 05:05:58,451,1,6674.43
16978,43950,2025-06-14 16:22:11,285,1,115911.82
16979,43951,2025-03-05 17:53:19,31,2,4443.28
16980,43951,2025-03-28 03:29:06,93,1,5774.03
16981,43957,2025-04-20 02:36:27,1,1,7205.01
16982,43958,2025-05-06 14:37:25,77,3,211528.59
16983,43958,2025-05-26 04:35:21,275,2,6614.96
16984,43960,2025-03-15 13:24:23,334,2,8409.18
16985,43961,2025-05-30 23:38:29,61,1,102219.65
16986,43964,2025-03-07 08:54:19,261,1,19158.19
16987,43969,2025-02-15 06:38:19,162,2,13294.06
16988,43969,2025-02-19 19:45:59,348,2,22907.14
16989,43971,2025-06-03 20:05:24,490,1,12740.04
16990,43972,2025-01-25 17:44:01,141,1,78006.44
16991,43978,2025-03-02 12:35:28,288,1,11259.13
16992,43979,2025-05-19 21:08:13,243,1,2252.58
16993,43980,2025-02-15 18:06:40,141,1,78006.44
16994,43980,2025-03-15 01:14:30,105,1,7627.67
16995,43981,2025-05-03 22:49:37,110,2,36883.64
16996,43981,2025-05-07 17:08:00,201,2,26205.44
16997,43989,2025-03-19 01:20:06,372,1,1314.03
16998,43990,2025-02-17 23:46:38,420,1,3770.66
16999,43994,2025-01-06 23:27:03,131,1,10203.73
17000,44003,2025-04-10 20:29:12,5,1,111884.19
17001,44003,2025-04-14 11:40:42,195,3,53226.15
17002,44008,2025-06-21 22:03:13,375,1,2797.37
17003,44013,2025-04-21 13:35:22,140,1,49984.05
17004,44015,2025-05-16 04:04:44,415,1,4695.16
17005,44016,2025-03-09 08:24:02,91,2,231658.56
17006,44020,2025-02-09 00:29:00,383,2,221812.2
17007,44020,2025-02-28 11:22:50,185,2,25980.58
17008,44030,2025-01-09 12:43:27,462,1,22303.0
17009,44033,2025-04-27 10:22:39,367,1,5745.57
17010,44034,2025-02-28 19:00:05,5,1,111884.19
17011,44037,2025-05-26 07:53:17,46,1,115208.75
17012,44043,2025-04-10 10:46:52,392,1,3931.31
17013,44044,2025-02-25 07:38:06,205,2,29877.28
17014,44049,2025-02-27 10:50:06,353,1,14609.61
17015,44051,2025-02-21 11:01:56,143,1,13152.69
17016,44052,2025-05-03 17:05:10,29,1,73838.2
17017,44057,2025-02-04 17:47:08,373,1,4993.75
17018,44058,2025-05-11 10:45:15,221,1,14298.27
17019,44059,2025-03-24 19:34:58,103,2,84657.22
17020,44059,2025-04-07 03:30:28,177,2,12015.76
17021,44071,2025-01-28 12:15:16,337,2,276193.16
17022,44071,2025-02-18 09:17:43,364,1,4874.98
17023,44072,2025-03-21 23:21:36,87,1,23788.74
17024,44072,2025-03-29 14:01:43,151,1,10165.09
17025,44072,2025-04-14 14:16:23,448,2,36988.52
17026,44075,2025-03-24 15:03:58,61,1,102219.65
17027,44081,2025-04-21 05:58:03,66,2,15468.32
17028,44082,2025-04-15 09:01:49,493,1,17276.96
17029,44086,2025-01-28 05:51:07,246,3,13457.76
17030,44102,2025-01-05 10:55:10,192,1,33176.4
17031,44105,2025-05-22 11:34:10,273,1,8130.43
17032,44105,2025-06-11 16:44:38,231,1,2920.42
17033,44111,2025-02-04 18:38:16,489,3,24994.53
17034,44115,2025-02-04 01:58:34,87,1,23788.74
17035,44119,2025-04-10 17:07:38,54,1,4159.48
17036,44120,2025-04-17 03:13:59,195,1,17742.05
17037,44121,2025-04-02 12:34:08,326,1,81782.53
17038,44123,2025-05-03 02:02:09,421,1,3913.39
17039,44125,2025-05-15 13:23:07,392,1,3931.31
17040,44126,2025-04-11 00:51:40,141,1,78006.44
17041,44131,2025-02-07 17:23:19,432,1,16557.1
17042,44143,2025-05-06 18:11:18,432,3,49671.3
17043,44144,2025-04-27 15:39:01,393,1,13053.76
17044,44150,2025-01-08 10:47:09,483,1,43632.67
17045,44150,2025-01-19 10:16:58,407,1,1432.1
17046,44154,2025-05-08 14:44:18,143,1,13152.69
17047,44157,2025-03-11 07:28:10,133,1,30464.02
17048,44167,2025-04-04 22:08:35,82,1,12391.54
17049,44167,2025-04-23 22:45:00,166,1,15176.99
17050,44175,2025-03-05 22:47:48,58,1,33150.95
17051,44178,2025-06-18 07:02:33,209,1,38411.37
17052,44182,2025-03-14 22:47:45,14,1,3902.87
17053,44182,2025-04-01 23:10:46,116,1,13895.24
17054,44183,2025-05-26 23:35:16,423,1,19615.97
17055,44185,2025-01-05 04:58:23,304,1,149568.6
17056,44186,2025-03-17 19:59:16,379,2,59510.28
17057,44187,2025-01-19 06:10:50,254,1,16059.76
17058,44196,2025-01-23 14:22:10,235,2,84034.4
17059,44196,2025-02-08 00:52:43,479,1,17062.05
17060,44198,2025-06-04 01:44:15,292,1,9786.76
17061,44200,2025-03-07 20:19:30,304,2,299137.2
17062,44201,2025-04-08 22:18:13,183,1,5734.14
17063,44202,2025-05-01 05:53:45,306,1,4449.97
17064,44204,2025-02-13 03:03:36,242,1,9285.39
17065,44206,2025-01-27 04:11:57,348,1,11453.57
17066,44210,2025-06-17 15:38:55,262,1,37057.19
17067,44213,2025-03-18 08:00:21,384,1,4013.53
17068,44213,2025-04-18 01:36:15,483,1,43632.67
17069,44219,2025-03-28 04:02:27,360,3,32334.06
17070,44220,2025-01-19 20:21:00,5,1,111884.19
17071,44223,2025-06-16 20:05:15,320,1,33560.76
17072,44225,2025-04-14 05:42:41,486,1,5773.24
17073,44226,2025-03-28 21:39:13,462,1,22303.0
17074,44229,2025-06-22 05:49:07,144,1,21135.77
17075,44230,2025-05-22 23:21:08,57,1,55100.21
17076,44231,2025-03-26 22:10:11,9,2,13145.6
17077,44233,2025-01-26 10:12:15,104,1,19691.24
17078,44235,2025-05-23 18:13:49,435,1,4498.66
17079,44237,2025-02-05 22:18:51,289,1,116522.54
17080,44238,2025-03-05 19:39:00,92,2,7477.02
17081,44239,2025-03-08 09:00:44,101,1,19086.83
17082,44240,2025-05-06 07:12:17,336,1,11769.86
17083,44241,2025-06-05 01:12:25,17,1,20450.91
17084,44241,2025-06-13 02:54:01,233,1,4628.25
17085,44246,2025-04-20 08:36:08,214,1,20873.19
17086,44248,2025-06-29 11:39:39,333,2,8360.92
17087,44250,2025-03-10 16:38:32,270,1,514.56
17088,44250,2025-03-26 16:49:04,313,1,11749.91
17089,44250,2025-04-12 16:38:07,22,1,12590.38
17090,44251,2025-05-22 16:42:03,364,1,4874.98
17091,44256,2025-05-05 15:21:43,59,2,86933.94
17092,44263,2025-01-31 23:23:27,411,1,2755.99
17093,44264,2025-01-23 18:26:20,84,1,2448.39
17094,44264,2025-02-13 11:49:45,138,1,6720.91
17095,44267,2025-01-30 11:14:27,74,2,48786.72
17096,44270,2025-01-10 04:01:16,210,3,38631.24
17097,44272,2025-05-07 01:35:24,379,2,59510.28
17098,44276,2025-05-02 15:06:18,128,2,15161.9
17099,44276,2025-06-24 11:12:30,224,2,29106.26
17100,44277,2025-01-09 08:24:19,53,2,134300.24
17101,44279,2025-02-24 22:05:04,286,1,3189.98
17102,44282,2025-05-28 15:38:09,210,1,12877.08
17103,44283,2025-01-06 08:21:50,125,1,20320.95
17104,44285,2025-05-28 01:51:24,331,1,10724.43
17105,44286,2025-05-27 09:30:48,275,1,3307.48
17106,44289,2025-02-05 01:14:28,110,1,18441.82
17107,44291,2025-02-08 04:34:19,6,1,4629.86
17108,44294,2025-02-24 06:48:41,217,1,3789.89
17109,44296,2025-05-12 09:51:58,311,1,90815.28
17110,44301,2025-04-20 09:45:01,140,1,49984.05
17111,44302,2025-01-07 01:30:45,413,1,24752.33
17112,44303,2025-04-09 05:57:06,176,1,15291.17
17113,44306,2025-02-04 02:14:16,53,1,67150.12
17114,44307,2025-01-17 09:48:19,398,1,9488.31
17115,44307,2025-01-31 03:15:43,481,2,7600.92
17116,44311,2025-02-14 20:02:25,48,1,5407.24
17117,44316,2025-06-23 08:06:12,263,1,38988.81
17118,44322,2025-05-09 07:13:52,208,1,3468.77
17119,44324,2025-02-20 08:00:03,381,1,9476.92
17120,44325,2025-06-10 20:19:09,419,1,24719.61
17121,44327,2025-04-25 01:41:22,74,1,24393.36
17122,44328,2025-04-01 02:33:12,462,3,66909.0
17123,44330,2025-02-27 11:13:21,133,1,30464.02
17124,44330,2025-03-06 19:18:16,8,1,2149.22
17125,44331,2025-04-05 06:10:38,449,1,651.83
17126,44331,2025-04-15 11:24:07,399,2,35454.18
17127,44335,2025-02-26 17:20:33,348,1,11453.57
17128,44336,2025-01-12 04:11:29,44,1,6132.16
17129,44339,2025-03-08 08:49:04,332,2,1005.36
17130,44344,2025-02-01 12:15:11,303,1,1454.24
17131,44344,2025-03-07 00:26:06,227,1,1864.51
17132,44346,2025-05-22 10:34:43,25,2,5887.84
17133,44347,2025-05-29 14:52:03,473,1,1074.49
17134,44347,2025-06-05 20:43:10,334,1,4204.59
17135,44347,2025-06-22 17:04:31,458,1,50236.06
17136,44348,2025-02-23 01:45:55,112,1,6810.44
17137,44349,2025-03-02 14:12:54,166,1,15176.99
17138,44350,2025-03-20 12:49:32,102,3,77376.03
17139,44351,2025-05-24 00:04:23,341,2,8933.94
17140,44354,2025-06-26 10:10:13,41,1,8500.67
17141,44368,2025-02-17 13:08:32,286,1,3189.98
17142,44368,2025-02-24 04:01:21,337,2,276193.16
17143,44369,2025-03-12 05:47:38,437,1,1479.71
17144,44373,2025-03-15 21:03:02,457,1,32494.5
17145,44375,2025-02-27 07:37:36,185,1,12990.29
17146,44376,2025-03-13 20:57:38,252,2,11637.18
17147,44377,2025-05-28 00:48:17,187,1,43342.31
17148,44381,2025-05-15 01:54:28,177,2,12015.76
17149,44382,2025-04-01 08:00:42,38,1,12400.94
17150,44386,2025-05-09 20:27:57,242,3,27856.17
17151,44386,2025-05-27 14:14:00,398,1,9488.31
17152,44388,2025-03-23 03:18:08,34,1,2098.05
17153,44388,2025-04-19 12:03:53,331,1,10724.43
17154,44396,2025-02-22 06:25:40,205,1,14938.64
17155,44396,2025-02-25 13:02:58,400,2,48218.02
17156,44398,2025-02-11 22:35:17,459,1,2696.03
17157,44399,2025-06-17 06:23:14,10,1,3952.37
17158,44399,2025-06-28 17:42:14,462,1,22303.0
17159,44402,2025-06-16 04:58:52,305,1,2454.31
17160,44403,2025-06-17 02:16:48,373,1,4993.75
17161,44408,2025-05-11 14:17:29,192,1,33176.4
17162,44411,2025-05-06 06:19:26,315,1,33862.07
17163,44413,2025-06-18 10:13:13,219,1,2535.54
17164,44420,2025-06-18 19:35:44,276,1,4843.01
17165,44420,2025-06-21 21:24:36,315,2,67724.14
17166,44431,2025-04-16 01:03:36,4,1,110986.96
17167,44434,2025-04-05 12:16:19,150,1,19806.15
17168,44437,2025-04-09 06:05:59,455,3,9494.91
17169,44439,2025-05-06 18:40:30,139,1,1008.61
17170,44444,2025-06-22 07:08:19,458,1,50236.06
17171,44448,2025-06-09 14:01:46,356,1,3337.9
17172,44451,2025-02-20 09:38:52,194,1,1522.19
17173,44452,2025-05-15 04:19:42,447,1,1488.36
17174,44453,2025-06-18 12:12:44,129,1,358.85
17175,44454,2025-05-07 18:39:55,283,1,38631.44
17176,44458,2025-06-26 00:35:32,388,1,37608.5
17177,44459,2025-05-29 07:45:20,43,1,11732.3
17178,44461,2025-04-27 09:24:00,150,1,19806.15
17179,44463,2025-03-27 14:51:02,106,1,4353.63
17180,44465,2025-04-14 00:37:25,104,1,19691.24
17181,44466,2025-02-19 18:29:10,380,1,19492.66
17182,44469,2025-06-24 19:52:34,471,1,29952.23
17183,44472,2025-03-01 03:35:01,38,1,12400.94
17184,44478,2025-01-30 05:55:27,281,2,17150.08
17185,44484,2025-04-09 14:26:52,38,1,12400.94
17186,44488,2025-01-03 05:49:02,451,2,13348.86
17187,44490,2025-03-30 06:16:57,381,1,9476.92
17188,44491,2025-02-23 23:31:46,17,1,20450.91
17189,44492,2025-02-24 00:20:33,323,1,21377.29
17190,44493,2025-02-04 14:55:39,226,2,2920.68
17191,44495,2025-05-29 12:07:32,423,1,19615.97
17192,44502,2025-04-19 14:02:13,322,2,10971.04
17193,44512,2025-03-03 19:01:46,72,1,43803.67
17194,44522,2025-03-02 23:18:31,281,1,8575.04
17195,44522,2025-03-07 13:52:43,46,1,115208.75
17196,44523,2025-05-04 12:40:36,46,1,115208.75
17197,44523,2025-05-22 12:50:48,167,1,26417.09
17198,44528,2025-01-27 04:35:35,481,1,3800.46
17199,44528,2025-02-03 17:41:21,489,1,8331.51
17200,44543,2025-01-24 08:07:41,106,2,8707.26
17201,44546,2025-04-20 07:55:48,129,2,717.7
17202,44548,2025-03-02 01:54:03,158,1,2196.76
17203,44549,2025-02-17 04:54:52,245,1,15399.15
17204,44553,2025-01-20 23:50:11,287,1,5328.56
17205,44556,2025-04-08 18:27:34,99,1,58745.84
17206,44556,2025-04-20 15:37:39,144,1,21135.77
17207,44556,2025-04-29 13:54:36,105,1,7627.67
17208,44559,2025-06-13 02:46:21,350,1,4462.47
17209,44561,2025-05-14 18:29:25,80,1,124124.35
17210,44562,2025-05-18 05:49:54,481,1,3800.46
17211,44562,2025-06-05 07:58:08,211,1,31008.7
17212,44565,2025-06-17 16:21:19,214,1,20873.19
17213,44571,2025-06-14 21:10:31,132,2,15583.54
17214,44572,2025-05-29 18:47:18,344,2,42215.88
17215,44573,2025-03-07 19:41:41,69,1,7709.45
17216,44574,2025-02-06 12:31:35,419,1,24719.61
17217,44582,2025-02-06 00:34:25,171,1,15094.37
17218,44584,2025-05-15 07:27:51,277,1,134439.28
17219,44584,2025-05-29 22:55:25,81,1,47864.88
17220,44587,2025-01-06 11:51:01,291,1,1193.57
17221,44588,2025-03-06 13:06:36,97,1,623.51
17222,44588,2025-03-15 05:59:50,462,1,22303.0
17223,44592,2025-03-15 23:56:11,287,1,5328.56
17224,44593,2025-02-05 18:21:09,256,1,547.58
17225,44597,2025-02-27 10:22:30,180,1,22619.63
17226,44600,2025-03-29 12:48:04,176,2,30582.34
17227,44603,2025-03-24 22:37:50,463,1,6385.22
17228,44609,2025-01-23 16:02:01,27,1,1626.81
17229,44609,2025-02-03 12:24:17,390,2,7852.1
17230,44623,2025-03-26 03:08:52,50,1,9054.04
17231,44624,2025-03-09 22:52:21,362,1,539.2
17232,44624,2025-03-24 23:17:03,19,1,2770.09
17233,44629,2025-04-08 00:13:53,446,2,273560.16
17234,44638,2025-02-18 16:35:08,423,1,19615.97
17235,44640,2025-01-22 07:08:08,279,1,11780.7
17236,44640,2025-02-05 09:27:10,293,1,3662.24
17237,44646,2025-03-14 11:52:01,428,3,442717.98
17238,44648,2025-06-11 08:27:47,344,1,21107.94
17239,44649,2025-03-25 06:11:26,486,1,5773.24
17240,44652,2025-06-02 06:17:00,488,1,32780.58
17241,44653,2025-02-15 00:43:37,450,1,7501.43
17242,44659,2025-06-01 20:49:47,487,1,17124.6
17243,44660,2025-04-13 16:08:42,349,3,36125.79
17244,44662,2025-05-07 21:38:07,445,1,1748.17
17245,44664,2025-04-30 05:03:13,289,1,116522.54
17246,44664,2025-05-04 15:23:25,457,2,64989.0
17247,44665,2025-06-15 02:58:36,493,1,17276.96
17248,44667,2025-03-29 19:58:41,39,1,19720.04
17249,44670,2025-02-18 22:03:25,433,2,21530.14
17250,44672,2025-02-25 19:21:22,142,2,20574.38
17251,44677,2025-06-23 13:14:15,100,1,17574.95
17252,44678,2025-01-29 14:00:28,285,1,115911.82
17253,44678,2025-02-19 06:07:14,242,1,9285.39
17254,44681,2025-06-18 19:00:03,408,2,17868.96
17255,44682,2025-05-05 12:34:21,197,1,1108.19
17256,44682,2025-05-21 13:30:31,166,1,15176.99
17257,44690,2025-02-05 15:13:27,94,2,18755.0
17258,44691,2025-05-29 22:02:26,33,1,17762.94
17259,44692,2025-03-31 21:30:28,343,1,71441.06
17260,44698,2025-03-27 10:17:02,226,3,4381.02
17261,44700,2025-04-10 10:41:11,32,1,7276.12
17262,44702,2025-05-12 05:57:38,409,1,6296.47
17263,44704,2025-05-04 02:44:34,474,1,15410.11
17264,44706,2025-05-11 14:55:19,74,2,48786.72
17265,44714,2025-04-03 03:43:55,126,2,31906.16
17266,44715,2025-04-28 13:01:27,430,1,24645.4
17267,44717,2025-01-21 00:01:45,247,1,9897.75
17268,44717,2025-02-07 09:54:23,357,1,136130.58
17269,44718,2025-05-09 09:06:58,157,2,207091.52
17270,44722,2025-01-04 02:59:08,400,2,48218.02
17271,44723,2025-06-04 21:10:41,73,1,3184.93
17272,44729,2025-03-17 14:38:19,381,1,9476.92
17273,44730,2025-01-27 21:17:00,382,3,52698.69
17274,44733,2025-04-13 01:19:33,288,2,22518.26
17275,44735,2025-03-16 23:54:05,438,2,10826.8
17276,44735,2025-04-06 23:45:01,32,2,14552.24
17277,44743,2025-05-09 08:49:02,495,1,13165.95
17278,44746,2025-06-28 12:23:48,465,2,34858.36
17279,44748,2025-02-07 21:59:40,172,1,36415.92
17280,44752,2025-05-26 14:24:50,306,1,4449.97
17281,44753,2025-03-26 05:55:07,318,2,39103.18
17282,44756,2025-06-02 08:32:43,93,1,5774.03
17283,44757,2025-06-16 15:42:30,147,1,8701.96
17284,44760,2025-05-28 06:21:03,311,1,90815.28
17285,44762,2025-02-27 08:28:41,158,1,2196.76
17286,44770,2025-04-28 02:31:56,469,1,8458.92
17287,44771,2025-01-15 02:18:16,482,1,24845.6
17288,44779,2025-05-10 03:09:50,487,1,17124.6
17289,44784,2025-05-06 07:13:48,463,2,12770.44
17290,44786,2025-03-01 10:47:57,333,1,4180.46
17291,44795,2025-02-14 10:35:07,208,1,3468.77
17292,44797,2025-05-24 21:55:42,441,3,3440.13
17293,44799,2025-02-01 10:08:25,281,1,8575.04
17294,44799,2025-03-20 04:04:17,427,2,8625.32
17295,44803,2025-04-05 02:31:41,367,1,5745.57
17296,44804,2025-03-12 23:49:43,400,1,24109.01
17297,44804,2025-03-27 05:41:22,383,2,221812.2
17298,44806,2025-03-14 20:38:18,296,1,108127.41
17299,44810,2025-02-06 19:09:15,154,1,36463.8
17300,44810,2025-03-14 12:57:02,86,2,191478.18
17301,44811,2025-05-16 14:04:56,89,2,231384.36
17302,44814,2025-01-23 01:54:57,222,2,16012.82
17303,44816,2025-03-15 19:10:40,252,2,11637.18
17304,44816,2025-03-25 14:33:00,378,1,15995.17
17305,44817,2025-02-27 14:29:29,101,1,19086.83
17306,44818,2025-05-02 00:22:10,175,1,81468.72
17307,44829,2025-05-19 22:16:42,458,2,100472.12
17308,44830,2025-02-23 12:39:54,289,1,116522.54
17309,44834,2025-03-27 14:50:13,102,1,25792.01
17310,44834,2025-03-31 09:04:04,282,1,1113.3
17311,44836,2025-05-14 03:25:24,329,1,11214.8
17312,44837,2025-03-28 11:06:56,278,1,12926.7
17313,44838,2025-03-12 10:04:03,291,1,1193.57
17314,44840,2025-06-11 19:01:26,345,1,24246.2
17315,44840,2025-06-28 18:42:50,252,2,11637.18
17316,44841,2025-02-12 15:24:41,348,1,11453.57
17317,44844,2025-05-20 14:28:57,49,1,3584.0
17318,44849,2025-05-18 01:18:43,350,1,4462.47
17319,44851,2025-04-22 05:07:46,384,1,4013.53
17320,44855,2025-02-07 12:44:32,241,1,11168.82
17321,44857,2025-01-19 12:58:05,355,1,4384.45
17322,44858,2025-03-24 05:16:47,142,1,10287.19
17323,44858,2025-04-01 08:26:58,269,1,115514.93
17324,44865,2025-04-29 16:30:09,310,3,3248.34
17325,44866,2025-01-25 16:16:41,155,1,27789.39
17326,44867,2025-03-18 23:43:18,245,1,15399.15
17327,44869,2025-06-02 08:52:06,288,1,11259.13
17328,44871,2025-06-21 07:45:13,445,1,1748.17
17329,44875,2025-02-18 03:34:00,239,2,3469.9
17330,44880,2025-06-16 02:27:10,342,1,11288.79
17331,44882,2025-02-04 06:24:54,238,1,20295.06
17332,44883,2025-05-26 14:34:16,250,1,20800.98
17333,44884,2025-05-07 09:59:47,29,1,73838.2
17334,44888,2025-05-23 18:34:35,398,1,9488.31
17335,44889,2025-04-22 01:30:37,134,1,3801.47
17336,44893,2025-06-01 19:35:24,448,1,18494.26
17337,44898,2025-05-16 17:42:55,430,2,49290.8
17338,44900,2025-04-13 02:35:17,414,1,20297.26
17339,44904,2025-06-02 11:55:40,148,2,258213.1
17340,44904,2025-06-13 12:37:04,220,2,5167.84
17341,44916,2025-03-12 19:37:39,377,1,6504.51
17342,44916,2025-03-17 07:48:22,338,1,88128.75
17343,44920,2025-05-16 11:25:30,484,1,92913.94
17344,44922,2025-04-23 05:17:16,354,1,13893.05
17345,44928,2025-06-16 05:27:12,34,1,2098.05
17346,44929,2025-05-03 01:53:34,183,1,5734.14
17347,44930,2025-05-27 06:17:22,385,1,347.25
17348,44934,2025-01-19 01:46:03,233,1,4628.25
17349,44935,2025-03-28 23:21:25,470,1,1252.58
17350,44936,2025-06-24 23:29:26,70,1,5458.68
17351,44940,2025-02-26 01:56:03,430,2,49290.8
17352,44941,2025-03-06 09:28:55,147,2,17403.92
17353,44941,2025-03-21 14:23:38,75,1,12610.21
17354,44944,2025-06-10 04:05:20,319,1,29688.49
17355,44944,2025-06-19 09:42:52,308,1,10693.04
17356,44947,2025-02-12 02:38:35,114,2,7668.0
17357,44947,2025-02-17 06:41:49,373,1,4993.75
17358,44948,2025-06-17 05:32:42,132,1,7791.77
17359,44949,2025-05-21 09:26:56,200,1,7837.57
17360,44950,2025-03-18 19:27:34,475,1,11694.47
17361,44950,2025-03-23 23:43:00,304,1,149568.6
17362,44955,2025-04-20 21:32:56,95,3,42464.28
17363,44959,2025-01-27 21:04:06,211,1,31008.7
17364,44966,2025-06-21 02:43:50,382,1,17566.23
17365,44969,2025-04-29 21:57:44,79,1,14294.87
17366,44973,2025-03-29 23:17:41,25,2,5887.84
17367,44974,2025-05-31 13:51:07,458,1,50236.06
17368,44975,2025-03-29 01:53:15,248,1,9420.12
17369,44976,2025-01-13 06:25:47,390,2,7852.1
17370,44980,2025-01-27 23:42:45,227,2,3729.02
17371,44985,2025-06-29 04:32:55,272,2,23578.4
17372,44990,2025-05-28 12:35:51,366,1,9798.21
17373,44995,2025-03-06 15:07:25,204,1,3831.25
17374,44999,2025-06-24 09:13:57,185,1,12990.29
17375,45010,2025-06-23 00:02:00,459,1,2696.03
17376,45011,2025-03-01 12:55:17,127,1,37875.42
17377,45017,2025-02-17 22:07:20,156,1,8339.09
17378,45021,2025-06-02 21:50:19,450,1,7501.43
17379,45023,2025-01-20 07:28:01,354,1,13893.05
17380,45024,2025-03-01 18:08:14,309,2,5020.2
17381,45029,2025-01-23 17:31:08,377,1,6504.51
17382,45033,2025-01-29 08:06:09,251,1,8328.29
17383,45035,2025-02-05 20:24:00,19,1,2770.09
17384,45037,2025-04-17 22:28:35,359,1,7693.07
17385,45042,2025-06-05 10:09:43,120,1,19023.98
17386,45044,2025-02-14 06:42:27,83,1,20559.25
17387,45046,2025-06-06 23:00:17,197,2,2216.38
17388,45049,2025-02-09 07:54:44,129,1,358.85
17389,45054,2025-06-06 08:09:23,372,1,1314.03
17390,45056,2025-04-12 19:49:05,140,1,49984.05
17391,45058,2025-01-25 02:47:06,226,2,2920.68
17392,45058,2025-02-07 08:35:34,401,1,11690.67
17393,45058,2025-02-27 13:42:16,167,1,26417.09
17394,45060,2025-06-22 15:47:40,255,1,3001.4
17395,45061,2025-05-11 15:49:19,30,1,43984.69
17396,45066,2025-01-09 07:04:34,119,1,9009.08
17397,45070,2025-05-27 11:27:55,98,1,12583.05
17398,45073,2025-01-17 03:48:57,25,1,2943.92
17399,45073,2025-01-28 14:06:09,500,1,101175.55
17400,45074,2025-05-25 05:23:46,143,1,13152.69
17401,45074,2025-06-15 12:09:39,417,1,32512.83
17402,45076,2025-04-10 17:29:34,358,2,16075.36
17403,45076,2025-05-17 13:49:24,492,1,8731.65
17404,45078,2025-05-24 16:43:03,487,1,17124.6
17405,45078,2025-06-03 19:34:13,316,1,5050.1
17406,45081,2025-01-04 17:38:49,233,1,4628.25
17407,45086,2025-05-21 14:24:41,175,1,81468.72
17408,45087,2025-03-15 01:06:30,231,1,2920.42
17409,45090,2025-03-28 08:29:28,162,1,6647.03
17410,45090,2025-04-30 00:03:21,359,1,7693.07
17411,45091,2025-04-17 11:55:01,37,2,1768.9
17412,45096,2025-03-13 21:19:29,333,1,4180.46
17413,45096,2025-03-27 01:23:39,409,1,6296.47
17414,45096,2025-04-07 20:00:23,243,1,2252.58
17415,45097,2025-02-02 03:37:08,351,2,4078.34
17416,45098,2025-01-23 02:48:33,29,2,147676.4
17417,45100,2025-06-22 05:05:11,29,1,73838.2
17418,45101,2025-06-14 00:54:22,264,1,4577.56
17419,45102,2025-01-27 17:34:31,59,2,86933.94
17420,45110,2025-03-29 09:28:13,368,1,49977.44
17421,45110,2025-04-05 21:27:08,51,1,10465.17
17422,45112,2025-02-23 07:14:31,99,1,58745.84
17423,45113,2025-05-06 15:51:54,238,1,20295.06
17424,45117,2025-01-07 14:34:13,205,3,44815.92
17425,45117,2025-02-06 00:20:21,349,1,12041.93
17426,45118,2025-06-05 09:22:48,327,1,8222.53
17427,45121,2025-05-03 02:38:25,261,2,38316.38
17428,45121,2025-05-21 20:13:14,479,1,17062.05
17429,45124,2025-03-11 03:27:46,111,1,1028.45
17430,45124,2025-03-15 19:58:54,492,1,8731.65
17431,45130,2025-04-14 09:06:47,120,1,19023.98
17432,45133,2025-05-30 00:14:32,481,1,3800.46
17433,45137,2025-05-04 17:51:07,376,1,14562.53
17434,45143,2025-05-05 20:41:24,156,1,8339.09
17435,45144,2025-04-18 05:48:55,224,1,14553.13
17436,45145,2025-03-19 17:18:01,419,1,24719.61
17437,45146,2025-02-27 15:40:00,40,1,1173.14
17438,45148,2025-03-23 01:51:19,459,2,5392.06
17439,45148,2025-03-30 07:08:17,371,1,23547.53
17440,45151,2025-02-04 08:36:20,283,1,38631.44
17441,45153,2025-04-01 22:50:41,408,1,8934.48
17442,45155,2025-03-08 06:57:57,360,1,10778.02
17443,45160,2025-02-09 14:33:58,209,1,38411.37
17444,45161,2025-04-13 07:24:28,112,1,6810.44
17445,45165,2025-03-12 02:05:18,465,1,17429.18
17446,45171,2025-01-30 18:37:09,2,1,19570.0
17447,45171,2025-02-18 17:55:03,167,1,26417.09
17448,45175,2025-04-08 15:13:24,241,1,11168.82
17449,45178,2025-05-26 00:26:52,293,2,7324.48
17450,45179,2025-01-28 08:06:34,266,1,8000.62
17451,45183,2025-04-25 10:48:56,31,1,2221.64
17452,45187,2025-02-12 22:51:17,431,1,6259.3
17453,45194,2025-06-21 13:37:16,344,1,21107.94
17454,45195,2025-04-24 16:29:42,313,1,11749.91
17455,45199,2025-03-21 05:42:05,52,1,4983.11
17456,45201,2025-04-28 18:23:20,446,1,136780.08
17457,45202,2025-02-11 02:02:06,267,1,20054.79
17458,45203,2025-04-01 14:27:24,340,1,86475.35
17459,45206,2025-04-19 09:15:53,148,1,129106.55
17460,45214,2025-01-21 23:27:27,177,1,6007.88
17461,45218,2025-03-16 09:10:53,127,2,75750.84
17462,45224,2025-05-10 08:16:07,203,1,13023.16
17463,45227,2025-03-03 10:33:22,140,1,49984.05
17464,45228,2025-03-02 09:14:34,154,1,36463.8
17465,45229,2025-06-03 22:11:34,382,1,17566.23
17466,45237,2025-05-29 22:40:33,320,2,67121.52
17467,45239,2025-01-02 10:26:36,310,1,1082.78
17468,45240,2025-03-06 09:11:37,414,2,40594.52
17469,45243,2025-01-28 09:36:18,163,2,15276.38
17470,45245,2025-04-13 10:02:28,477,1,37353.59
17471,45245,2025-04-21 04:07:36,185,1,12990.29
17472,45248,2025-02-09 21:23:13,123,1,37439.59
17473,45249,2025-05-23 07:37:10,462,1,22303.0
17474,45253,2025-05-11 19:32:41,302,1,38776.55
17475,45257,2025-03-19 00:41:14,188,2,1263.54
17476,45262,2025-04-02 16:58:38,15,1,9205.01
17477,45265,2025-03-30 03:22:41,330,2,6466.02
17478,45265,2025-04-25 17:06:57,53,3,201450.36
17479,45269,2025-03-25 16:55:40,121,1,8945.4
17480,45270,2025-02-23 09:39:22,17,1,20450.91
17481,45270,2025-03-07 11:45:06,261,1,19158.19
17482,45272,2025-01-06 13:23:14,202,1,2128.85
17483,45275,2025-03-18 10:01:09,360,1,10778.02
17484,45276,2025-03-03 18:28:21,16,1,4159.96
17485,45276,2025-04-25 20:39:17,28,1,10248.86
17486,45280,2025-03-27 01:06:04,289,1,116522.54
17487,45280,2025-04-03 17:32:46,116,2,27790.48
17488,45285,2025-01-12 14:37:11,196,1,1179.56
17489,45287,2025-03-29 12:54:31,53,1,67150.12
17490,45290,2025-06-13 20:27:22,423,1,19615.97
17491,45292,2025-01-23 04:53:34,388,1,37608.5
17492,45299,2025-04-29 10:47:18,488,1,32780.58
17493,45311,2025-04-23 12:25:47,35,1,3087.93
17494,45311,2025-05-15 06:39:35,249,2,5457.9
17495,45321,2025-02-03 10:23:25,55,1,24029.51
17496,45324,2025-03-31 18:02:43,111,1,1028.45
17497,45324,2025-04-18 18:08:02,114,1,3834.0
17498,45327,2025-03-10 09:21:14,322,1,5485.52
17499,45328,2025-02-25 18:44:07,487,2,34249.2
17500,45328,2025-03-19 04:05:20,350,1,4462.47
17501,45331,2025-06-29 22:25:08,484,2,185827.88
17502,45334,2025-04-02 09:36:09,340,1,86475.35
17503,45335,2025-05-25 05:23:32,70,3,16376.04
17504,45336,2025-05-21 16:50:19,39,1,19720.04
17505,45337,2025-02-05 18:46:11,183,1,5734.14
17506,45337,2025-02-27 16:00:18,130,1,16268.89
17507,45344,2025-02-01 14:13:10,241,1,11168.82
17508,45345,2025-04-22 21:02:24,379,1,29755.14
17509,45345,2025-05-03 03:56:33,183,1,5734.14
17510,45346,2025-02-26 02:19:18,12,1,10398.85
17511,45348,2025-04-18 09:21:18,102,1,25792.01
17512,45352,2025-02-11 06:34:22,357,1,136130.58
17513,45352,2025-02-14 21:58:27,153,1,1050.14
17514,45354,2025-05-13 20:59:31,345,1,24246.2
17515,45358,2025-04-25 12:44:46,370,2,37808.82
17516,45359,2025-06-01 06:14:13,121,1,8945.4
17517,45359,2025-06-08 01:10:03,172,2,72831.84
17518,45361,2025-05-10 03:50:27,160,3,41479.59
17519,45361,2025-05-14 22:06:12,138,1,6720.91
17520,45362,2025-01-25 01:55:30,425,1,14314.74
17521,45362,2025-02-08 01:10:36,176,1,15291.17
17522,45363,2025-06-17 08:20:36,170,2,5241.58
17523,45365,2025-04-07 00:58:09,291,2,2387.14
17524,45371,2025-05-25 13:45:20,490,1,12740.04
17525,45377,2025-03-02 23:33:55,225,1,3052.25
17526,45382,2025-03-04 14:45:12,28,1,10248.86
17527,45385,2025-04-22 12:46:41,312,1,24505.73
17528,45389,2025-03-06 05:26:24,151,1,10165.09
17529,45393,2025-01-27 17:04:56,152,3,21671.01
17530,45396,2025-02-05 14:07:38,328,2,15534.2
17531,45398,2025-04-17 23:37:19,261,2,38316.38
17532,45399,2025-06-29 20:29:28,372,1,1314.03
17533,45400,2025-03-24 06:06:25,227,2,3729.02
17534,45400,2025-04-15 05:09:53,203,1,13023.16
17535,45400,2025-04-21 04:58:05,272,2,23578.4
17536,45401,2025-06-10 22:31:54,151,1,10165.09
17537,45402,2025-03-10 16:58:12,319,1,29688.49
17538,45418,2025-02-11 14:38:36,65,1,15098.74
17539,45423,2025-06-25 11:49:19,60,1,5108.13
17540,45425,2025-03-02 08:14:59,466,2,63118.1
17541,45426,2025-03-29 02:42:00,44,1,6132.16
17542,45427,2025-06-20 19:09:07,201,1,13102.72
17543,45429,2025-01-20 00:43:51,365,1,13691.92
17544,45435,2025-05-03 10:14:34,155,1,27789.39
17545,45436,2025-04-12 13:59:34,359,1,7693.07
17546,45440,2025-04-01 03:18:56,419,1,24719.61
17547,45440,2025-04-17 16:17:15,377,3,19513.53
17548,45443,2025-06-08 22:27:56,336,2,23539.72
17549,45448,2025-03-30 14:44:50,198,2,15589.02
17550,45449,2025-05-03 22:55:42,256,1,547.58
17551,45459,2025-02-01 23:26:35,14,1,3902.87
17552,45461,2025-06-19 11:40:04,229,1,30697.88
17553,45462,2025-06-26 07:07:04,120,2,38047.96
17554,45473,2025-01-18 22:13:21,254,1,16059.76
17555,45473,2025-01-26 19:34:07,288,1,11259.13
17556,45473,2025-02-11 08:23:29,343,1,71441.06
17557,45478,2025-01-26 14:09:51,1,1,7205.01
17558,45480,2025-05-29 01:00:42,128,2,15161.9
17559,45485,2025-04-22 08:39:41,131,2,20407.46
17560,45490,2025-02-09 03:08:05,247,1,9897.75
17561,45491,2025-06-05 12:59:05,335,1,6200.21
17562,45495,2025-01-23 17:24:04,449,1,651.83
17563,45495,2025-02-02 20:13:44,49,3,10752.0
17564,45500,2025-02-10 06:05:44,423,1,19615.97
17565,45501,2025-04-06 10:03:12,465,1,17429.18
17566,45502,2025-06-29 17:20:03,381,2,18953.84
17567,45503,2025-01-25 21:19:42,374,2,20918.58
17568,45504,2025-06-14 16:04:37,262,1,37057.19
17569,45508,2025-04-03 01:43:54,174,1,2937.34
17570,45509,2025-05-07 12:31:03,243,1,2252.58
17571,45513,2025-02-24 01:42:50,2,1,19570.0
17572,45513,2025-02-27 17:11:47,52,1,4983.11
17573,45513,2025-03-12 02:33:42,307,2,45516.54
17574,45514,2025-05-07 11:59:37,244,1,3774.78
17575,45521,2025-05-04 15:05:19,237,2,46242.54
17576,45523,2025-01-31 11:20:26,320,1,33560.76
17577,45525,2025-04-17 04:58:47,477,2,74707.18
17578,45528,2025-05-15 02:44:56,284,1,10670.32
17579,45528,2025-05-29 10:49:52,131,1,10203.73
17580,45529,2025-03-25 03:48:38,325,3,41948.61
17581,45536,2025-04-15 02:55:36,29,1,73838.2
17582,45543,2025-06-21 10:13:41,430,2,49290.8
17583,45545,2025-05-16 20:06:19,125,1,20320.95
17584,45551,2025-06-18 20:04:19,353,1,14609.61
17585,45552,2025-01-26 11:52:26,387,1,28854.36
17586,45553,2025-01-30 18:54:54,343,2,142882.12
17587,45554,2025-04-05 07:46:27,393,1,13053.76
17588,45555,2025-06-29 07:20:41,354,3,41679.15
17589,45557,2025-05-24 11:06:49,451,2,13348.86
17590,45562,2025-02-19 09:52:10,233,1,4628.25
17591,45565,2025-06-07 07:25:16,273,1,8130.43
17592,45571,2025-02-23 14:06:10,55,2,48059.02
17593,45573,2025-06-12 04:12:18,295,1,13255.4
17594,45576,2025-05-25 21:01:16,223,1,11303.07
17595,45582,2025-01-23 11:01:35,187,1,43342.31
17596,45584,2025-05-24 02:48:13,487,2,34249.2
17597,45587,2025-06-18 07:55:11,444,1,148248.16
17598,45588,2025-03-05 22:58:41,136,2,4877.14
17599,45601,2025-02-09 01:53:09,426,1,24723.16
17600,45602,2025-03-27 02:57:50,218,2,188416.68
17601,45604,2025-01-29 01:54:35,368,1,49977.44
17602,45607,2025-04-19 12:14:28,308,1,10693.04
17603,45609,2025-03-10 01:10:47,131,2,20407.46
17604,45612,2025-03-16 02:07:02,282,2,2226.6
17605,45617,2025-03-12 13:02:35,254,1,16059.76
17606,45618,2025-05-21 18:00:26,52,2,9966.22
17607,45623,2025-03-06 23:13:29,5,3,335652.57
17608,45624,2025-01-19 02:41:31,220,2,5167.84
17609,45627,2025-02-12 02:23:12,47,2,12744.92
17610,45628,2025-06-16 10:20:36,438,1,5413.4
17611,45628,2025-06-26 02:25:44,173,1,3095.58
17612,45632,2025-01-02 17:33:32,66,1,7734.16
17613,45632,2025-01-08 05:44:58,467,1,82011.77
17614,45634,2025-06-02 05:09:08,42,1,35405.28
17615,45636,2025-04-03 13:05:52,252,2,11637.18
17616,45637,2025-04-28 19:32:53,88,2,77806.06
17617,45638,2025-03-22 14:59:58,237,1,23121.27
17618,45638,2025-03-27 17:22:56,454,1,3744.31
17619,45639,2025-04-15 02:09:54,21,1,14166.0
17620,45641,2025-05-25 05:00:22,180,2,45239.26
17621,45644,2025-05-22 06:19:06,212,1,105203.42
17622,45647,2025-05-09 03:52:46,463,3,19155.66
17623,45647,2025-05-23 12:46:25,274,1,21627.09
17624,45653,2025-06-21 14:41:31,95,1,14154.76
17625,45657,2025-04-02 03:13:58,401,1,11690.67
17626,45659,2025-05-14 06:52:35,110,1,18441.82
17627,45660,2025-03-02 13:59:30,415,1,4695.16
17628,45660,2025-03-08 05:38:16,294,1,34584.69
17629,45666,2025-05-24 00:40:42,90,1,93514.94
17630,45667,2025-05-01 12:10:31,52,1,4983.11
17631,45671,2025-01-31 17:38:40,143,1,13152.69
17632,45677,2025-02-10 08:26:10,13,2,5385.04
17633,45678,2025-03-08 08:16:14,72,1,43803.67
17634,45679,2025-05-21 15:30:17,126,2,31906.16
17635,45679,2025-05-31 08:56:36,252,1,5818.59
17636,45683,2025-03-23 21:12:50,49,1,3584.0
17637,45686,2025-02-08 09:33:05,453,2,6550.42
17638,45692,2025-04-02 18:45:43,216,1,43283.26
17639,45692,2025-04-14 07:05:02,226,1,1460.34
17640,45692,2025-05-01 20:12:49,419,2,49439.22
17641,45700,2025-02-09 15:04:44,44,1,6132.16
17642,45701,2025-04-10 13:49:09,269,2,231029.86
17643,45701,2025-04-25 13:57:49,121,1,8945.4
17644,45705,2025-02-27 23:55:11,9,1,6572.8
17645,45709,2025-02-18 11:59:42,292,1,9786.76
17646,45713,2025-02-12 23:32:00,103,1,42328.61
17647,45714,2025-05-09 20:35:54,235,1,42017.2
17648,45719,2025-01-19 10:37:13,285,1,115911.82
17649,45721,2025-05-07 09:17:42,285,1,115911.82
17650,45721,2025-05-18 00:30:24,251,1,8328.29
17651,45724,2025-06-03 22:06:11,74,1,24393.36
17652,45724,2025-06-07 17:11:59,288,2,22518.26
17653,45729,2025-06-08 06:40:38,19,1,2770.09
17654,45730,2025-01-12 02:29:06,14,1,3902.87
17655,45731,2025-03-28 18:11:38,308,2,21386.08
17656,45734,2025-02-20 02:22:24,172,1,36415.92
17657,45735,2025-02-06 09:33:35,341,3,13400.91
17658,45738,2025-03-29 01:04:07,452,1,17758.26
17659,45739,2025-03-20 00:50:26,269,2,231029.86
17660,45742,2025-01-04 20:29:14,315,3,101586.21
17661,45743,2025-01-20 01:19:05,412,1,2747.39
17662,45743,2025-02-10 11:26:05,78,1,149482.7
17663,45749,2025-03-08 05:51:13,319,2,59376.98
17664,45750,2025-03-07 16:13:26,391,1,7481.06
17665,45750,2025-03-16 23:52:31,357,3,408391.74
17666,45751,2025-02-23 23:18:53,35,2,6175.86
17667,45758,2025-02-23 14:36:35,50,3,27162.12
17668,45764,2025-05-24 21:58:10,363,1,38026.37
17669,45766,2025-03-01 12:03:10,465,2,34858.36
17670,45770,2025-04-02 01:11:28,81,1,47864.88
17671,45770,2025-04-17 01:19:33,426,1,24723.16
17672,45783,2025-05-23 08:06:20,303,1,1454.24
17673,45783,2025-06-01 20:34:24,245,2,30798.3
17674,45783,2025-06-06 01:19:22,190,2,54634.2
17675,45785,2025-04-21 07:37:35,44,1,6132.16
17676,45785,2025-04-27 23:37:30,369,1,14392.59
17677,45792,2025-05-11 04:57:38,292,1,9786.76
17678,45793,2025-06-12 19:54:08,230,1,3807.27
17679,45794,2025-04-29 10:23:56,124,2,8576.28
17680,45799,2025-03-10 10:38:45,151,2,20330.18
17681,45800,2025-02-14 13:09:58,368,1,49977.44
17682,45802,2025-04-22 10:43:02,493,1,17276.96
17683,45803,2025-05-09 01:00:13,85,1,67271.34
17684,45804,2025-05-25 10:52:36,389,1,3219.85
17685,45806,2025-06-27 14:57:34,414,1,20297.26
17686,45809,2025-01-11 15:23:41,214,3,62619.57
17687,45817,2025-03-08 06:18:21,129,1,358.85
17688,45817,2025-03-26 03:46:37,3,1,10094.67
17689,45818,2025-01-20 08:01:39,483,3,130898.01
17690,45820,2025-05-05 02:28:09,353,1,14609.61
17691,45820,2025-05-23 14:11:08,307,2,45516.54
17692,45822,2025-01-25 09:30:55,298,1,12693.22
17693,45826,2025-02-13 12:10:20,235,3,126051.6
17694,45826,2025-02-21 00:26:50,218,1,94208.34
17695,45830,2025-05-11 19:14:15,474,1,15410.11
17696,45830,2025-05-19 08:13:16,372,1,1314.03
17697,45838,2025-03-04 14:57:36,263,2,77977.62
17698,45838,2025-04-05 18:29:02,430,1,24645.4
17699,45838,2025-04-12 22:11:30,20,1,1778.75
17700,45840,2025-03-11 20:38:53,108,1,5270.83
17701,45840,2025-04-01 23:29:23,443,1,19089.94
17702,45841,2025-05-07 00:40:17,477,1,37353.59
17703,45846,2025-05-03 07:34:40,296,1,108127.41
17704,45848,2025-01-10 07:13:06,57,1,55100.21
17705,45851,2025-03-17 20:37:04,362,2,1078.4
17706,45858,2025-05-16 22:46:37,89,3,347076.54
17707,45859,2025-04-12 01:13:17,182,2,10003.18
17708,45860,2025-05-17 15:39:39,445,2,3496.34
17709,45861,2025-02-04 09:31:29,194,2,3044.38
17710,45862,2025-06-01 23:48:41,298,2,25386.44
17711,45864,2025-05-23 00:56:21,228,1,9440.11
17712,45865,2025-03-10 08:41:31,199,2,260018.6
17713,45867,2025-03-05 00:18:18,450,1,7501.43
17714,45868,2025-04-22 17:28:10,326,1,81782.53
17715,45876,2025-05-12 23:56:23,496,1,31539.91
17716,45879,2025-06-15 04:30:17,150,1,19806.15
17717,45882,2025-05-06 07:05:35,359,1,7693.07
17718,45884,2025-01-04 22:53:30,423,1,19615.97
17719,45886,2025-05-02 15:17:40,193,1,33028.41
17720,45889,2025-06-03 09:37:27,207,1,30716.03
17721,45899,2025-01-04 20:58:53,251,1,8328.29
17722,45899,2025-01-25 04:25:47,228,1,9440.11
17723,45900,2025-04-05 15:23:30,40,3,3519.42
17724,45901,2025-04-19 13:27:13,114,2,7668.0
17725,45903,2025-02-05 20:56:52,472,1,47216.19
17726,45904,2025-04-13 23:57:45,204,1,3831.25
17727,45906,2025-02-19 19:15:41,460,1,41328.67
17728,45907,2025-02-23 06:21:19,491,1,912.64
17729,45910,2025-02-10 05:20:27,455,1,3164.97
17730,45916,2025-05-07 14:55:12,13,1,2692.52
17731,45917,2025-02-15 03:32:29,276,1,4843.01
17732,45921,2025-04-17 09:15:06,326,2,163565.06
17733,45922,2025-03-14 00:36:59,456,2,39749.3
17734,45927,2025-04-02 18:47:42,28,1,10248.86
17735,45927,2025-04-14 05:55:40,278,1,12926.7
17736,45932,2025-02-06 04:00:09,142,1,10287.19
17737,45934,2025-05-06 17:28:21,136,1,2438.57
17738,45935,2025-06-03 18:27:25,396,1,110532.21
17739,45942,2025-02-25 04:38:06,496,2,63079.82
17740,45945,2025-03-16 14:18:26,266,2,16001.24
17741,45947,2025-05-15 19:47:56,67,1,3245.55
17742,45948,2025-01-29 04:01:01,381,2,18953.84
17743,45953,2025-05-12 04:29:42,244,2,7549.56
17744,45955,2025-02-09 18:01:50,238,1,20295.06
17745,45955,2025-02-17 02:16:24,313,1,11749.91
17746,45955,2025-03-05 23:45:36,143,1,13152.69
17747,45956,2025-03-08 00:25:34,299,1,9185.44
17748,45957,2025-06-22 03:02:53,14,2,7805.74
17749,45963,2025-03-02 17:09:34,286,1,3189.98
17750,45970,2025-06-13 19:20:21,411,1,2755.99
17751,45973,2025-04-30 12:56:48,435,1,4498.66
17752,45977,2025-05-04 14:22:33,85,1,67271.34
17753,45978,2025-06-14 13:24:58,388,1,37608.5
17754,45978,2025-06-19 08:22:31,351,2,4078.34
17755,45979,2025-05-06 10:45:48,144,1,21135.77
17756,45979,2025-05-29 18:55:59,325,2,27965.74
17757,45980,2025-06-25 06:14:56,264,1,4577.56
17758,45987,2025-04-28 14:15:36,146,1,9446.45
17759,45990,2025-02-28 17:54:18,237,2,46242.54
17760,45991,2025-03-12 16:35:35,424,1,14170.15
17761,45993,2025-03-11 14:47:40,110,1,18441.82
17762,45998,2025-04-06 10:21:58,19,1,2770.09
17763,45999,2025-04-11 21:40:06,368,2,99954.88
17764,46000,2025-03-19 17:30:50,323,2,42754.58
17765,46002,2025-02-23 09:00:55,273,1,8130.43
17766,46002,2025-03-07 11:39:11,245,3,46197.45
17767,46004,2025-02-17 12:47:36,162,2,13294.06
17768,46005,2025-06-28 17:20:02,327,1,8222.53
17769,46011,2025-05-31 16:17:08,469,1,8458.92
17770,46013,2025-06-18 00:49:23,216,1,43283.26
17771,46018,2025-04-18 11:24:54,419,1,24719.61
17772,46020,2025-06-05 13:48:42,8,1,2149.22
17773,46021,2025-02-18 06:45:39,468,1,141578.31
17774,46021,2025-02-27 01:46:55,304,1,149568.6
17775,46024,2025-05-25 16:21:47,79,1,14294.87
17776,46028,2025-03-23 06:46:46,349,3,36125.79
17777,46029,2025-05-24 05:58:18,174,2,5874.68
17778,46034,2025-04-01 12:01:53,323,2,42754.58
17779,46035,2025-05-09 00:57:06,9,1,6572.8
17780,46036,2025-04-18 20:06:56,380,1,19492.66
17781,46036,2025-05-11 11:16:02,353,1,14609.61
17782,46043,2025-06-08 08:42:44,400,1,24109.01
17783,46046,2025-05-19 17:51:39,104,2,39382.48
17784,46046,2025-06-07 05:54:10,59,1,43466.97
17785,46046,2025-06-11 08:15:52,443,1,19089.94
17786,46048,2025-06-23 13:14:13,169,1,2636.13
17787,46051,2025-06-20 08:42:47,95,2,28309.52
17788,46054,2025-06-19 20:30:39,313,1,11749.91
17789,46055,2025-03-27 20:04:10,422,2,16095.9
17790,46056,2025-05-04 14:10:17,102,1,25792.01
17791,46056,2025-06-07 07:00:51,498,3,41600.4
17792,46056,2025-06-23 19:42:59,26,1,10901.13
17793,46058,2025-01-17 18:09:58,154,1,36463.8
17794,46059,2025-06-24 11:24:21,490,2,25480.08
17795,46067,2025-06-04 13:12:41,101,1,19086.83
17796,46070,2025-04-15 00:35:40,337,2,276193.16
17797,46073,2025-05-20 22:57:55,160,1,13826.53
17798,46077,2025-03-25 03:39:22,384,1,4013.53
17799,46081,2025-03-24 20:09:41,131,3,30611.19
17800,46083,2025-05-29 19:17:40,489,3,24994.53
17801,46084,2025-03-06 23:51:28,102,2,51584.02
17802,46085,2025-01-02 15:23:30,382,2,35132.46
17803,46085,2025-01-31 05:37:25,6,2,9259.72
17804,46091,2025-04-10 05:27:27,320,1,33560.76
17805,46092,2025-03-31 07:48:00,183,2,11468.28
17806,46093,2025-01-19 16:22:15,292,1,9786.76
17807,46094,2025-05-14 01:31:36,23,2,48172.72
17808,46099,2025-03-17 02:57:58,214,2,41746.38
17809,46104,2025-05-14 15:26:03,193,1,33028.41
17810,46107,2025-03-14 02:42:34,442,1,27027.64
17811,46117,2025-04-03 01:55:33,318,1,19551.59
17812,46118,2025-01-21 04:04:08,63,1,8572.39
17813,46119,2025-06-22 10:17:05,269,2,231029.86
17814,46126,2025-05-13 09:58:57,318,1,19551.59
17815,46126,2025-05-27 03:41:32,74,1,24393.36
17816,46128,2025-06-23 03:56:34,119,1,9009.08
17817,46130,2025-04-04 22:57:22,250,1,20800.98
17818,46133,2025-04-25 13:05:46,397,2,76277.14
17819,46142,2025-05-22 09:04:24,379,1,29755.14
17820,46145,2025-03-04 08:10:15,459,1,2696.03
17821,46148,2025-06-04 13:22:30,9,1,6572.8
17822,46149,2025-05-12 23:19:36,418,1,16621.38
17823,46152,2025-04-16 16:22:05,133,1,30464.02
17824,46155,2025-04-18 20:23:05,291,2,2387.14
17825,46156,2025-04-28 21:16:29,19,1,2770.09
17826,46157,2025-02-02 00:35:34,260,1,13781.16
17827,46166,2025-01-26 16:39:01,354,1,13893.05
17828,46167,2025-04-02 01:01:26,151,1,10165.09
17829,46168,2025-01-12 06:50:21,370,1,18904.41
17830,46168,2025-02-15 16:31:04,182,2,10003.18
17831,46170,2025-05-14 10:15:23,294,2,69169.38
17832,46174,2025-03-05 10:46:27,138,1,6720.91
17833,46174,2025-04-14 01:46:38,373,3,14981.25
17834,46175,2025-06-26 01:45:54,98,2,25166.1
17835,46176,2025-05-21 00:22:02,135,2,27301.5
17836,46177,2025-04-14 21:25:14,409,1,6296.47
17837,46184,2025-06-12 12:14:01,407,1,1432.1
17838,46184,2025-06-28 17:04:10,450,1,7501.43
17839,46187,2025-06-18 14:59:40,10,1,3952.37
17840,46188,2025-01-17 21:51:52,357,1,136130.58
17841,46189,2025-05-15 15:06:15,4,2,221973.92
17842,46192,2025-05-30 06:14:08,295,1,13255.4
17843,46194,2025-05-03 07:39:54,423,1,19615.97
17844,46195,2025-05-23 09:27:23,286,2,6379.96
17845,46198,2025-02-20 19:20:32,142,2,20574.38
17846,46199,2025-06-11 04:37:41,119,1,9009.08
17847,46200,2025-06-12 17:08:51,294,1,34584.69
17848,46201,2025-03-24 22:09:00,458,1,50236.06
17849,46202,2025-06-16 03:55:34,79,1,14294.87
17850,46204,2025-06-19 06:33:21,457,1,32494.5
17851,46205,2025-01-18 06:04:07,338,1,88128.75
17852,46205,2025-02-07 18:26:11,247,1,9897.75
17853,46207,2025-04-27 04:55:01,160,1,13826.53
17854,46208,2025-02-15 05:46:53,297,2,35459.48
17855,46208,2025-02-20 06:05:25,77,1,70509.53
17856,46209,2025-03-04 12:22:55,500,2,202351.1
17857,46210,2025-04-13 12:51:54,386,2,60282.94
17858,46211,2025-03-11 01:27:08,435,1,4498.66
17859,46211,2025-03-30 15:07:50,183,1,5734.14
17860,46217,2025-01-12 07:00:10,481,1,3800.46
17861,46218,2025-06-14 09:14:49,273,2,16260.86
17862,46220,2025-06-22 10:26:57,336,1,11769.86
17863,46223,2025-04-03 16:24:33,430,2,49290.8
17864,46224,2025-04-17 15:30:02,388,1,37608.5
17865,46224,2025-05-06 10:10:22,54,1,4159.48
17866,46227,2025-04-27 10:28:54,304,1,149568.6
17867,46230,2025-06-09 15:30:04,212,1,105203.42
17868,46232,2025-05-06 02:45:33,50,1,9054.04
17869,46232,2025-05-27 17:11:31,246,1,4485.92
17870,46235,2025-06-04 05:57:13,443,1,19089.94
17871,46236,2025-03-06 12:53:49,457,1,32494.5
17872,46237,2025-05-10 01:24:25,473,1,1074.49
17873,46241,2025-03-14 09:19:20,66,3,23202.48
17874,46242,2025-02-01 16:06:47,213,1,14323.4
17875,46242,2025-03-08 01:34:44,227,1,1864.51
17876,46244,2025-06-21 06:10:35,237,1,23121.27
17877,46251,2025-03-18 16:38:50,22,2,25180.76
17878,46253,2025-04-06 12:58:30,87,1,23788.74
17879,46253,2025-05-19 04:51:17,312,2,49011.46
17880,46254,2025-01-29 05:18:08,149,1,10316.11
17881,46256,2025-03-02 02:05:07,51,1,10465.17
17882,46260,2025-02-04 21:33:52,363,1,38026.37
17883,46260,2025-02-12 16:07:59,7,2,2817.88
17884,46264,2025-03-31 20:07:41,494,1,495.37
17885,46273,2025-02-21 14:54:44,337,1,138096.58
17886,46273,2025-03-02 16:50:41,51,1,10465.17
17887,46273,2025-03-07 17:40:33,225,1,3052.25
17888,46274,2025-03-21 18:05:52,322,2,10971.04
17889,46279,2025-06-14 19:32:35,182,1,5001.59
17890,46280,2025-06-04 11:50:57,236,1,19589.44
17891,46280,2025-06-28 21:27:32,49,1,3584.0
17892,46281,2025-05-23 21:33:36,113,1,7819.25
17893,46285,2025-04-25 06:49:10,401,2,23381.34
17894,46285,2025-05-10 08:05:51,476,1,2319.27
17895,46287,2025-05-22 17:59:26,350,1,4462.47
17896,46287,2025-05-31 02:52:47,167,2,52834.18
17897,46291,2025-03-16 04:39:17,470,2,2505.16
17898,46295,2025-01-21 04:29:56,233,3,13884.75
17899,46300,2025-06-25 21:09:03,2,1,19570.0
17900,46303,2025-06-21 04:35:36,30,1,43984.69
17901,46304,2025-02-19 08:25:51,359,1,7693.07
17902,46304,2025-02-26 15:14:05,177,1,6007.88
17903,46308,2025-04-04 15:07:52,69,2,15418.9
17904,46312,2025-03-28 02:49:46,292,1,9786.76
17905,46314,2025-04-05 06:44:34,467,1,82011.77
17906,46314,2025-04-26 07:58:15,250,2,41601.96
17907,46316,2025-04-01 04:56:20,319,1,29688.49
17908,46316,2025-04-20 10:31:08,449,1,651.83
17909,46323,2025-03-07 22:56:48,262,1,37057.19
17910,46325,2025-03-29 04:16:02,210,1,12877.08
17911,46326,2025-04-29 00:51:00,290,1,4390.34
17912,46329,2025-01-13 07:21:32,283,1,38631.44
17913,46331,2025-05-01 15:19:45,145,1,5753.8
17914,46334,2025-04-19 20:27:22,261,1,19158.19
17915,46334,2025-04-25 03:21:07,208,1,3468.77
17916,46340,2025-04-08 22:53:25,318,1,19551.59
17917,46342,2025-06-03 03:09:22,333,1,4180.46
17918,46343,2025-04-21 06:44:22,193,1,33028.41
17919,46344,2025-06-03 11:06:59,269,1,115514.93
17920,46346,2025-03-15 10:49:09,374,2,20918.58
17921,46349,2025-05-16 14:22:06,46,1,115208.75
17922,46355,2025-04-09 17:37:27,118,1,2075.07
17923,46357,2025-03-06 16:46:44,377,1,6504.51
17924,46358,2025-02-03 02:57:52,352,1,29524.41
17925,46362,2025-02-07 06:45:15,68,1,47179.0
17926,46362,2025-03-03 16:22:02,161,2,99621.54
17927,46364,2025-06-15 00:45:45,493,1,17276.96
17928,46366,2025-06-05 06:48:08,179,1,113736.5
17929,46374,2025-02-19 11:45:27,19,1,2770.09
17930,46374,2025-02-28 08:22:12,192,1,33176.4
17931,46376,2025-04-12 18:08:10,432,1,16557.1
17932,46386,2025-01-06 00:40:57,18,1,1846.66
17933,46389,2025-04-15 00:12:11,11,1,55867.12
17934,46390,2025-04-02 09:12:54,78,1,149482.7
17935,46390,2025-04-11 00:07:51,174,1,2937.34
17936,46393,2025-03-01 18:12:21,465,1,17429.18
17937,46395,2025-03-29 18:21:39,375,1,2797.37
17938,46404,2025-06-01 15:49:59,266,3,24001.86
17939,46405,2025-02-20 23:50:33,157,2,207091.52
17940,46406,2025-05-10 17:18:24,387,1,28854.36
17941,46416,2025-06-12 14:59:45,470,1,1252.58
17942,46418,2025-04-28 11:55:01,14,1,3902.87
17943,46420,2025-03-02 07:41:47,54,2,8318.96
17944,46422,2025-01-14 22:58:31,63,1,8572.39
17945,46422,2025-01-26 16:35:12,86,2,191478.18
17946,46428,2025-06-04 17:44:10,205,1,14938.64
17947,46430,2025-02-06 09:34:44,405,1,20089.63
17948,46434,2025-05-28 20:35:02,389,1,3219.85
17949,46436,2025-03-15 07:55:09,257,1,2435.84
17950,46441,2025-05-12 12:56:58,236,1,19589.44
17951,46443,2025-04-10 00:19:20,270,2,1029.12
17952,46444,2025-03-19 10:31:35,325,2,27965.74
17953,46446,2025-03-15 11:14:33,287,1,5328.56
17954,46449,2025-02-23 22:35:14,266,1,8000.62
17955,46452,2025-02-09 18:50:54,324,1,28001.07
17956,46456,2025-06-04 18:36:31,191,3,110304.06
17957,46458,2025-06-28 08:53:00,274,2,43254.18
17958,46462,2025-01-22 12:55:21,363,1,38026.37
17959,46463,2025-06-29 23:12:19,50,1,9054.04
17960,46472,2025-01-17 05:24:39,43,1,11732.3
17961,46474,2025-06-18 04:46:37,256,2,1095.16
17962,46478,2025-05-01 01:40:52,453,2,6550.42
17963,46480,2025-06-01 01:58:57,60,1,5108.13
17964,46480,2025-06-08 09:39:51,78,1,149482.7
17965,46486,2025-05-17 10:54:30,16,2,8319.92
17966,46486,2025-06-05 05:19:42,486,1,5773.24
17967,46487,2025-05-21 14:16:24,365,1,13691.92
17968,46495,2025-06-12 02:06:54,232,2,6427.8
17969,46496,2025-03-03 23:41:32,36,1,17558.77
17970,46496,2025-03-22 06:19:38,322,1,5485.52
17971,46497,2025-01-19 06:42:16,461,1,5690.14
17972,46497,2025-02-02 02:46:02,423,1,19615.97
17973,46497,2025-02-16 09:40:00,291,3,3580.71
17974,46502,2025-06-23 01:38:21,182,1,5001.59
17975,46503,2025-03-03 08:43:00,352,1,29524.41
17976,46505,2025-02-14 13:12:28,464,1,28260.63
17977,46505,2025-02-18 17:08:32,38,2,24801.88
17978,46505,2025-03-12 05:02:41,136,1,2438.57
17979,46507,2025-03-28 22:29:37,134,1,3801.47
17980,46509,2025-03-03 23:02:00,346,1,14000.92
17981,46510,2025-04-21 06:35:46,462,1,22303.0
17982,46511,2025-03-30 02:35:29,131,1,10203.73
17983,46512,2025-01-18 19:12:41,377,1,6504.51
17984,46519,2025-06-29 05:01:09,188,1,631.77
17985,46520,2025-01-23 09:16:10,398,3,28464.93
17986,46523,2025-05-29 19:35:23,34,1,2098.05
17987,46523,2025-06-16 12:52:15,85,2,134542.68
17988,46525,2025-03-22 21:12:37,88,1,38903.03
17989,46526,2025-04-11 05:47:00,159,1,30772.13
17990,46529,2025-01-02 11:28:47,334,1,4204.59
17991,46531,2025-05-20 11:22:56,302,1,38776.55
17992,46531,2025-06-06 14:31:02,330,1,3233.01
17993,46532,2025-04-03 03:52:17,1,1,7205.01
17994,46532,2025-04-22 15:35:04,293,2,7324.48
17995,46535,2025-04-19 20:50:34,469,2,16917.84
17996,46536,2025-03-19 17:51:41,288,1,11259.13
17997,46541,2025-06-14 19:48:55,109,1,13239.59
17998,46543,2025-04-20 06:02:43,111,1,1028.45
17999,46543,2025-05-21 06:24:29,155,1,27789.39
18000,46545,2025-01-29 05:32:19,39,1,19720.04
18001,46546,2025-05-25 01:32:22,24,1,1604.34
18002,46548,2025-01-17 10:19:09,470,1,1252.58
18003,46554,2025-03-23 13:35:54,3,1,10094.67
18004,46557,2025-05-04 02:34:35,232,1,3213.9
18005,46559,2025-01-10 16:06:41,212,1,105203.42
18006,46567,2025-05-31 11:06:50,190,1,27317.1
18007,46567,2025-06-14 08:38:40,32,1,7276.12
18008,46567,2025-06-23 11:05:23,271,2,71163.66
18009,46568,2025-03-01 17:28:46,137,1,47310.53
18010,46569,2025-05-18 08:05:28,478,1,37666.35
18011,46570,2025-02-15 16:36:37,448,1,18494.26
18012,46572,2025-05-23 13:28:02,255,1,3001.4
18013,46572,2025-06-25 08:22:02,89,1,115692.18
18014,46575,2025-06-06 22:48:01,39,1,19720.04
18015,46578,2025-03-27 14:17:00,431,1,6259.3
18016,46580,2025-03-20 12:31:58,189,2,19184.4
18017,46582,2025-01-07 01:53:34,267,2,40109.58
18018,46589,2025-05-05 10:02:56,48,1,5407.24
18019,46590,2025-04-21 04:47:53,344,1,21107.94
18020,46597,2025-01-27 07:13:45,368,1,49977.44
18021,46600,2025-02-23 22:40:36,19,1,2770.09
18022,46609,2025-03-02 15:16:14,215,1,30903.15
18023,46611,2025-06-21 14:08:34,369,1,14392.59
18024,46612,2025-02-24 09:34:41,483,2,87265.34
18025,46613,2025-02-12 09:33:51,136,1,2438.57
18026,46614,2025-04-21 04:23:14,68,1,47179.0
18027,46615,2025-05-04 02:16:57,291,1,1193.57
18028,46617,2025-03-01 06:19:34,234,1,69647.59
18029,46618,2025-03-02 06:36:57,386,1,30141.47
18030,46620,2025-06-02 09:59:17,221,2,28596.54
18031,46620,2025-06-24 06:07:38,107,1,11847.57
18032,46622,2025-04-15 08:03:24,350,1,4462.47
18033,46625,2025-03-12 05:49:42,200,2,15675.14
18034,46628,2025-06-20 10:17:14,429,2,5579.72
18035,46631,2025-01-25 05:16:24,413,2,49504.66
18036,46632,2025-02-09 17:07:48,133,1,30464.02
18037,46633,2025-02-13 22:45:25,131,1,10203.73
18038,46633,2025-03-08 22:22:21,309,1,2510.1
18039,46635,2025-05-05 05:05:49,107,2,23695.14
18040,46638,2025-01-22 15:41:21,313,1,11749.91
18041,46639,2025-01-05 23:55:43,117,1,1496.44
18042,46642,2025-06-26 09:11:53,100,1,17574.95
18043,46646,2025-05-22 01:39:25,37,1,884.45
18044,46649,2025-04-11 00:13:00,384,1,4013.53
18045,46650,2025-04-07 09:51:35,138,1,6720.91
18046,46652,2025-02-20 19:26:55,25,1,2943.92
18047,46653,2025-06-20 00:04:39,254,1,16059.76
18048,46655,2025-01-16 20:28:55,268,1,7387.83
18049,46655,2025-01-29 18:14:43,94,1,9377.5
18050,46661,2025-05-28 05:39:22,15,1,9205.01
18051,46665,2025-03-09 18:45:42,105,3,22883.01
18052,46667,2025-06-29 10:18:17,95,1,14154.76
18053,46675,2025-02-28 23:22:46,285,1,115911.82
18054,46678,2025-01-22 16:59:16,154,1,36463.8
18055,46679,2025-04-09 04:47:58,224,1,14553.13
18056,46680,2025-06-03 09:02:02,258,2,9168.36
18057,46682,2025-01-03 08:46:35,32,2,14552.24
18058,46687,2025-02-14 11:13:20,343,1,71441.06
18059,46691,2025-06-13 12:36:48,390,1,3926.05
18060,46692,2025-03-10 06:32:07,270,1,514.56
18061,46693,2025-04-21 13:09:40,407,2,2864.2
18062,46694,2025-06-09 18:16:27,308,2,21386.08
18063,46699,2025-04-14 17:53:27,319,1,29688.49
18064,46700,2025-06-12 15:19:33,370,2,37808.82
18065,46701,2025-05-02 06:08:56,130,2,32537.78
18066,46701,2025-05-19 22:12:34,280,1,16802.32
18067,46703,2025-05-04 13:28:01,269,1,115514.93
18068,46706,2025-02-07 02:21:45,111,1,1028.45
18069,46721,2025-05-25 07:38:44,306,1,4449.97
18070,46722,2025-06-23 13:51:52,226,1,1460.34
18071,46723,2025-05-15 00:26:25,105,3,22883.01
18072,46725,2025-01-18 12:25:22,390,3,11778.15
18073,46730,2025-03-13 05:51:38,441,2,2293.42
18074,46730,2025-03-31 18:21:36,449,3,1955.49
18075,46734,2025-06-19 08:31:50,25,1,2943.92
18076,46736,2025-06-19 18:34:27,143,1,13152.69
18077,46737,2025-02-12 03:44:19,174,1,2937.34
18078,46739,2025-04-14 02:22:57,291,1,1193.57
18079,46745,2025-04-22 10:35:31,362,2,1078.4
18080,46745,2025-05-11 04:17:19,281,1,8575.04
18081,46750,2025-02-15 19:02:14,265,2,15025.74
18082,46752,2025-04-24 01:08:40,242,1,9285.39
18083,46755,2025-02-23 10:21:30,78,2,298965.4
18084,46757,2025-06-30 04:55:16,45,1,25096.16
18085,46758,2025-05-27 20:32:22,12,1,10398.85
18086,46762,2025-01-26 00:10:52,133,2,60928.04
18087,46765,2025-01-16 17:24:38,368,2,99954.88
18088,46767,2025-03-15 14:10:02,32,1,7276.12
18089,46768,2025-06-18 07:44:02,64,1,23300.53
18090,46768,2025-06-30 02:54:13,344,1,21107.94
18091,46771,2025-02-21 21:39:51,381,2,18953.84
18092,46772,2025-02-01 07:30:49,153,1,1050.14
18093,46783,2025-06-27 18:12:09,272,1,11789.2
18094,46785,2025-04-23 18:09:13,449,2,1303.66
18095,46785,2025-05-06 22:59:30,266,1,8000.62
18096,46786,2025-04-11 15:30:59,458,2,100472.12
18097,46788,2025-06-13 01:36:14,471,1,29952.23
18098,46790,2025-06-20 20:44:30,446,1,136780.08
18099,46792,2025-01-15 03:31:42,115,2,33418.76
18100,46800,2025-04-17 05:06:02,295,3,39766.2
18101,46802,2025-02-03 10:28:42,245,1,15399.15
18102,46802,2025-02-19 03:26:32,348,1,11453.57
18103,46802,2025-02-24 09:20:47,218,2,188416.68
18104,46803,2025-04-05 01:27:28,271,1,35581.83
18105,46805,2025-02-08 09:25:54,122,1,24310.52
18106,46806,2025-02-28 20:37:03,474,1,15410.11
18107,46813,2025-02-09 07:12:28,347,1,26954.74
18108,46813,2025-03-22 11:05:54,495,1,13165.95
18109,46814,2025-03-16 16:14:45,245,2,30798.3
18110,46815,2025-01-31 14:08:31,394,2,41365.38
18111,46818,2025-05-06 03:38:31,251,1,8328.29
18112,46819,2025-03-14 11:13:06,213,1,14323.4
18113,46820,2025-03-12 14:54:36,40,1,1173.14
18114,46823,2025-01-25 05:04:01,273,1,8130.43
18115,46825,2025-03-05 11:38:58,423,1,19615.97
18116,46826,2025-02-20 10:04:06,113,1,7819.25
18117,46828,2025-02-27 00:25:26,380,1,19492.66
18118,46837,2025-02-01 18:12:55,361,2,27971.36
18119,46837,2025-02-12 09:27:07,418,2,33242.76
18120,46846,2025-04-05 08:18:36,187,1,43342.31
18121,46847,2025-04-09 15:16:31,168,1,9504.82
18122,46848,2025-05-01 10:40:38,191,1,36768.02
18123,46848,2025-05-09 03:07:16,9,2,13145.6
18124,46851,2025-05-10 21:48:06,434,2,188449.34
18125,46851,2025-05-21 11:46:26,159,1,30772.13
18126,46851,2025-06-01 19:04:46,224,1,14553.13
18127,46854,2025-04-05 18:18:59,167,1,26417.09
18128,46858,2025-06-15 18:33:38,258,1,4584.18
18129,46858,2025-06-29 20:09:33,226,1,1460.34
18130,46859,2025-05-31 23:03:01,138,1,6720.91
18131,46860,2025-04-15 20:20:41,286,1,3189.98
18132,46864,2025-03-01 10:32:19,85,1,67271.34
18133,46866,2025-06-23 15:56:48,297,3,53189.22
18134,46869,2025-06-05 06:34:02,485,3,78723.03
18135,46875,2025-01-21 18:15:45,353,1,14609.61
18136,46879,2025-06-17 16:55:52,189,1,9592.2
18137,46881,2025-04-28 15:24:59,210,1,12877.08
18138,46885,2025-01-20 19:09:32,406,1,24419.24
18139,46893,2025-06-07 10:11:32,416,1,36650.72
18140,46895,2025-01-05 00:15:15,92,1,3738.51
18141,46901,2025-03-27 14:47:13,460,1,41328.67
18142,46903,2025-04-05 11:05:03,314,1,6987.52
18143,46906,2025-01-22 01:49:46,340,1,86475.35
18144,46911,2025-06-29 14:42:55,413,1,24752.33
18145,46917,2025-05-18 02:02:36,347,1,26954.74
18146,46920,2025-05-16 08:03:50,307,1,22758.27
18147,46920,2025-05-26 08:40:33,415,2,9390.32
18148,46924,2025-06-16 08:16:40,53,1,67150.12
18149,46932,2025-06-29 23:55:14,34,1,2098.05
18150,46945,2025-06-01 21:06:19,354,2,27786.1
18151,46948,2025-05-12 03:25:44,386,1,30141.47
18152,46950,2025-06-08 00:47:22,123,2,74879.18
18153,46951,2025-03-17 16:41:14,487,1,17124.6
18154,46954,2025-05-02 03:02:04,35,1,3087.93
18155,46957,2025-03-08 03:58:13,93,2,11548.06
18156,46959,2025-05-05 10:12:48,184,2,5940.28
18157,46962,2025-03-15 17:31:11,299,2,18370.88
18158,46965,2025-01-03 10:39:58,307,1,22758.27
18159,46967,2025-04-24 19:26:38,61,1,102219.65
18160,46971,2025-06-27 07:36:19,255,1,3001.4
18161,46972,2025-05-20 22:17:52,353,1,14609.61
18162,46978,2025-01-26 21:35:01,358,1,8037.68
18163,46979,2025-05-29 18:17:54,300,2,22261.76
18164,46986,2025-02-10 22:18:26,206,1,23007.56
18165,46989,2025-01-07 16:53:09,460,1,41328.67
18166,46998,2025-03-17 19:58:45,297,1,17729.74
18167,47002,2025-01-29 12:47:58,1,1,7205.01
18168,47002,2025-02-16 04:16:57,184,1,2970.14
18169,47009,2025-02-05 02:43:50,365,3,41075.76
18170,47012,2025-01-21 22:06:22,120,2,38047.96
18171,47012,2025-01-30 18:43:01,244,1,3774.78
18172,47013,2025-02-27 08:31:53,391,1,7481.06
18173,47014,2025-03-09 04:28:50,427,2,8625.32
18174,47014,2025-03-21 22:45:14,390,2,7852.1
18175,47017,2025-05-27 20:09:01,426,2,49446.32
18176,47026,2025-05-19 05:58:10,392,1,3931.31
18177,47031,2025-05-28 05:52:38,432,3,49671.3
18178,47033,2025-03-19 00:55:33,473,1,1074.49
18179,47037,2025-01-15 18:04:41,141,2,156012.88
18180,47039,2025-05-11 12:53:28,288,2,22518.26
18181,47043,2025-06-11 04:24:52,404,1,13845.68
18182,47047,2025-03-26 13:16:09,298,1,12693.22
18183,47047,2025-04-16 04:05:55,217,1,3789.89
18184,47052,2025-06-29 18:11:55,347,2,53909.48
18185,47053,2025-04-03 00:32:06,324,1,28001.07
18186,47054,2025-02-21 04:14:28,190,2,54634.2
18187,47055,2025-04-05 11:47:52,223,2,22606.14
18188,47058,2025-05-16 06:40:50,393,2,26107.52
18189,47058,2025-05-27 02:48:22,381,1,9476.92
18190,47059,2025-04-28 01:47:32,260,1,13781.16
18191,47060,2025-03-29 09:43:25,388,1,37608.5
18192,47062,2025-05-21 22:44:39,430,1,24645.4
18193,47062,2025-06-07 04:37:08,336,1,11769.86
18194,47067,2025-01-18 21:34:08,318,1,19551.59
18195,47069,2025-04-08 12:37:22,17,1,20450.91
18196,47076,2025-05-28 09:31:14,232,1,3213.9
18197,47078,2025-02-12 07:08:13,469,2,16917.84
18198,47078,2025-02-24 13:26:18,307,1,22758.27
18199,47080,2025-01-20 04:06:05,497,1,4676.48
18200,47084,2025-05-03 15:18:43,198,1,7794.51
18201,47084,2025-05-26 07:48:43,373,2,9987.5
18202,47086,2025-03-24 16:16:30,31,1,2221.64
18203,47091,2025-05-08 12:05:08,146,1,9446.45
18204,47092,2025-04-22 08:08:29,302,1,38776.55
18205,47093,2025-04-06 17:34:36,110,1,18441.82
18206,47095,2025-04-12 00:51:50,303,1,1454.24
18207,47100,2025-06-23 19:23:20,342,2,22577.58
18208,47101,2025-03-29 03:25:43,47,3,19117.38
18209,47103,2025-04-10 15:19:24,371,1,23547.53
18210,47107,2025-05-16 06:00:26,121,1,8945.4
18211,47109,2025-02-17 23:19:21,323,2,42754.58
18212,47118,2025-06-22 14:37:10,327,2,16445.06
18213,47122,2025-01-12 00:45:08,15,2,18410.02
18214,47125,2025-01-20 00:52:54,50,1,9054.04
18215,47126,2025-06-12 20:41:32,312,2,49011.46
18216,47131,2025-03-16 16:20:07,36,1,17558.77
18217,47135,2025-04-15 16:29:18,149,1,10316.11
18218,47136,2025-06-14 08:15:04,305,1,2454.31
18219,47141,2025-03-29 08:51:13,108,1,5270.83
18220,47145,2025-06-03 19:34:41,3,2,20189.34
18221,47146,2025-04-30 23:41:45,98,2,25166.1
18222,47146,2025-05-19 05:11:01,220,1,2583.92
18223,47146,2025-06-08 08:16:10,447,1,1488.36
18224,47147,2025-05-07 07:32:25,139,1,1008.61
18225,47158,2025-02-20 15:33:16,332,1,502.68
18226,47160,2025-04-13 05:27:02,111,3,3085.35
18227,47163,2025-06-19 15:09:43,397,1,38138.57
18228,47168,2025-02-03 21:51:29,85,3,201814.02
18229,47168,2025-02-13 09:07:16,482,1,24845.6
18230,47169,2025-05-27 08:54:10,457,1,32494.5
18231,47171,2025-02-26 13:55:28,462,1,22303.0
18232,47173,2025-02-09 10:16:55,101,2,38173.66
18233,47178,2025-03-09 04:44:04,99,1,58745.84
18234,47181,2025-04-23 20:13:15,446,2,273560.16
18235,47182,2025-05-25 04:58:56,351,1,2039.17
18236,47184,2025-03-23 04:55:50,271,1,35581.83
18237,47185,2025-03-09 22:31:46,495,1,13165.95
18238,47186,2025-03-08 07:04:54,248,1,9420.12
18239,47187,2025-03-28 23:53:02,103,1,42328.61
18240,47187,2025-04-18 00:15:49,171,1,15094.37
18241,47187,2025-04-30 20:10:44,11,2,111734.24
18242,47187,2025-05-23 19:27:58,139,2,2017.22
18243,47190,2025-02-23 21:07:31,76,1,513.56
18244,47190,2025-03-01 07:22:45,233,1,4628.25
18245,47191,2025-04-26 23:48:24,324,2,56002.14
18246,47194,2025-01-20 07:19:01,37,1,884.45
18247,47195,2025-05-24 03:29:05,335,1,6200.21
18248,47202,2025-04-27 08:39:58,462,1,22303.0
18249,47204,2025-05-29 19:40:52,495,1,13165.95
18250,47211,2025-01-13 05:08:52,469,1,8458.92
18251,47214,2025-02-22 12:40:41,77,1,70509.53
18252,47216,2025-04-13 08:26:28,26,2,21802.26
18253,47216,2025-05-19 12:02:15,292,1,9786.76
18254,47222,2025-04-14 06:45:17,48,1,5407.24
18255,47226,2025-06-27 03:09:43,210,1,12877.08
18256,47228,2025-03-06 05:48:28,69,1,7709.45
18257,47228,2025-03-27 21:49:00,171,1,15094.37
18258,47230,2025-06-06 23:40:50,487,1,17124.6
18259,47231,2025-05-20 10:34:44,396,2,221064.42
18260,47242,2025-02-09 05:29:54,56,2,58310.66
18261,47242,2025-02-12 05:50:16,251,1,8328.29
18262,47242,2025-02-15 18:40:25,207,1,30716.03
18263,47242,2025-02-23 05:17:41,373,2,9987.5
18264,47243,2025-06-26 17:26:50,402,1,19649.25
18265,47246,2025-04-20 00:36:23,267,1,20054.79
18266,47248,2025-02-14 18:08:21,129,1,358.85
18267,47249,2025-05-23 15:15:44,389,1,3219.85
18268,47254,2025-05-30 18:05:19,335,1,6200.21
18269,47258,2025-01-30 06:39:35,232,1,3213.9
18270,47262,2025-01-10 05:21:11,389,1,3219.85
18271,47263,2025-03-26 03:03:03,437,1,1479.71
18272,47263,2025-04-14 01:46:25,420,2,7541.32
18273,47264,2025-06-27 07:37:13,332,2,1005.36
18274,47265,2025-04-17 22:48:57,220,1,2583.92
18275,47268,2025-04-11 13:00:02,180,1,22619.63
18276,47274,2025-04-07 05:30:27,26,1,10901.13
18277,47274,2025-04-19 18:12:22,302,1,38776.55
18278,47278,2025-05-12 20:56:57,307,3,68274.81
18279,47280,2025-04-24 17:35:49,69,3,23128.35
18280,47283,2025-04-03 12:02:34,59,1,43466.97
18281,47286,2025-06-19 23:37:44,48,1,5407.24
18282,47287,2025-04-18 14:18:17,56,1,29155.33
18283,47287,2025-04-24 10:52:39,2,1,19570.0
18284,47287,2025-05-06 05:09:04,266,2,16001.24
18285,47291,2025-05-30 15:43:11,155,3,83368.17
18286,47292,2025-03-07 01:36:05,33,1,17762.94
18287,47294,2025-03-08 12:16:24,89,1,115692.18
18288,47296,2025-04-23 09:09:02,339,1,464.88
18289,47301,2025-02-21 04:08:11,85,1,67271.34
18290,47301,2025-02-25 18:59:08,111,1,1028.45
18291,47308,2025-06-25 21:54:59,113,1,7819.25
18292,47312,2025-06-10 02:31:03,230,2,7614.54
18293,47313,2025-03-13 11:53:43,203,2,26046.32
18294,47314,2025-04-28 09:16:23,166,1,15176.99
18295,47315,2025-06-06 05:33:47,490,2,25480.08
18296,47318,2025-04-09 13:24:54,385,1,347.25
18297,47320,2025-05-18 17:36:31,1,1,7205.01
18298,47321,2025-04-12 16:49:31,63,1,8572.39
18299,47321,2025-04-25 09:42:14,6,1,4629.86
18300,47323,2025-05-04 08:46:02,358,1,8037.68
18301,47330,2025-05-25 15:43:52,390,1,3926.05
18302,47330,2025-06-10 10:10:38,133,1,30464.02
18303,47331,2025-05-07 02:51:34,233,2,9256.5
18304,47334,2025-03-23 12:57:06,487,3,51373.8
18305,47335,2025-05-20 01:39:18,298,2,25386.44
18306,47339,2025-04-30 17:06:48,144,2,42271.54
18307,47340,2025-03-07 00:41:22,355,2,8768.9
18308,47343,2025-06-24 11:46:33,396,1,110532.21
18309,47348,2025-05-03 22:52:59,377,3,19513.53
18310,47352,2025-02-22 14:16:06,93,1,5774.03
18311,47357,2025-03-20 00:26:38,479,1,17062.05
18312,47358,2025-03-11 16:54:20,96,3,4204.77
18313,47358,2025-03-17 00:18:53,326,3,245347.59
18314,47363,2025-04-02 11:24:28,10,2,7904.74
18315,47364,2025-06-02 16:41:59,370,1,18904.41
18316,47366,2025-04-11 01:17:35,407,1,1432.1
18317,47371,2025-03-21 19:36:36,171,1,15094.37
18318,47374,2025-05-27 23:37:40,143,1,13152.69
18319,47375,2025-03-25 09:14:25,435,1,4498.66
18320,47380,2025-06-10 11:23:13,54,2,8318.96
18321,47397,2025-02-07 16:02:22,217,2,7579.78
18322,47400,2025-03-08 19:51:32,276,1,4843.01
18323,47403,2025-05-14 01:28:55,71,1,4426.79
18324,47405,2025-02-03 23:17:40,12,1,10398.85
18325,47406,2025-02-03 12:07:07,173,2,6191.16
18326,47408,2025-04-02 15:44:31,466,3,94677.15
18327,47409,2025-02-14 08:16:05,336,1,11769.86
18328,47410,2025-01-25 22:22:33,30,1,43984.69
18329,47411,2025-04-15 19:06:56,342,2,22577.58
18330,47411,2025-05-05 16:39:05,344,1,21107.94
18331,47411,2025-05-21 03:03:59,247,1,9897.75
18332,47413,2025-05-29 02:13:32,59,1,43466.97
18333,47414,2025-04-30 08:33:07,377,2,13009.02
18334,47416,2025-06-25 00:30:15,302,1,38776.55
18335,47417,2025-02-18 13:25:47,415,1,4695.16
18336,47421,2025-04-28 22:39:21,56,1,29155.33
18337,47423,2025-04-05 05:05:12,369,1,14392.59
18338,47423,2025-05-20 07:11:19,164,1,100669.41
18339,47426,2025-04-19 10:54:29,458,1,50236.06
18340,47428,2025-05-17 12:12:37,10,1,3952.37
18341,47430,2025-04-27 18:01:16,14,1,3902.87
18342,47431,2025-05-29 10:59:01,275,1,3307.48
18343,47434,2025-05-15 11:39:10,26,1,10901.13
18344,47439,2025-05-26 04:46:12,461,1,5690.14
18345,47441,2025-04-09 07:37:23,71,1,4426.79
18346,47442,2025-01-14 19:39:01,340,1,86475.35
18347,47442,2025-01-29 19:18:32,458,2,100472.12
18348,47443,2025-02-26 12:19:26,319,1,29688.49
18349,47445,2025-06-05 02:07:01,224,1,14553.13
18350,47450,2025-04-19 17:00:07,459,1,2696.03
18351,47453,2025-06-19 10:17:34,32,1,7276.12
18352,47457,2025-03-03 04:02:35,3,1,10094.67
18353,47458,2025-04-18 15:43:35,402,1,19649.25
18354,47461,2025-03-14 09:56:06,319,1,29688.49
18355,47461,2025-03-24 09:41:21,299,1,9185.44
18356,47462,2025-06-04 17:10:43,434,3,282674.01
18357,47462,2025-06-22 06:13:00,169,1,2636.13
18358,47463,2025-06-22 02:56:32,344,1,21107.94
18359,47468,2025-04-12 02:42:28,450,2,15002.86
18360,47470,2025-03-12 16:36:54,89,1,115692.18
18361,47473,2025-03-15 22:38:31,185,1,12990.29
18362,47474,2025-03-22 10:54:34,297,1,17729.74
18363,47480,2025-01-30 08:27:27,241,1,11168.82
18364,47483,2025-01-11 23:41:48,360,1,10778.02
18365,47484,2025-05-03 22:28:41,34,1,2098.05
18366,47485,2025-06-29 02:12:59,232,1,3213.9
18367,47486,2025-04-09 20:43:16,8,1,2149.22
18368,47490,2025-05-26 21:47:56,268,1,7387.83
18369,47492,2025-03-31 03:35:36,330,1,3233.01
18370,47493,2025-05-04 02:38:28,338,1,88128.75
18371,47505,2025-05-16 22:36:28,89,1,115692.18
18372,47507,2025-06-18 07:28:28,465,1,17429.18
18373,47508,2025-03-03 22:03:15,272,1,11789.2
18374,47511,2025-01-16 14:35:33,5,1,111884.19
18375,47511,2025-02-04 12:05:05,200,1,7837.57
18376,47513,2025-04-27 16:28:58,161,1,49810.77
18377,47514,2025-05-18 21:30:38,24,1,1604.34
18378,47528,2025-04-28 16:57:41,133,2,60928.04
18379,47528,2025-05-18 18:52:31,287,1,5328.56
18380,47528,2025-05-26 19:57:33,465,1,17429.18
18381,47532,2025-02-12 10:30:31,417,1,32512.83
18382,47536,2025-03-14 19:10:20,433,1,10765.07
18383,47538,2025-06-03 01:19:44,176,1,15291.17
18384,47540,2025-06-18 05:50:26,228,1,9440.11
18385,47543,2025-06-13 14:52:15,433,1,10765.07
18386,47548,2025-06-17 21:40:23,381,1,9476.92
18387,47549,2025-01-21 06:44:37,162,1,6647.03
18388,47550,2025-05-22 20:05:48,176,2,30582.34
18389,47554,2025-06-26 04:07:13,72,1,43803.67
18390,47562,2025-02-08 20:39:08,393,1,13053.76
18391,47562,2025-02-20 12:09:40,362,2,1078.4
18392,47563,2025-03-25 02:45:09,71,1,4426.79
18393,47565,2025-02-19 06:19:05,73,1,3184.93
18394,47565,2025-03-09 17:20:44,110,1,18441.82
18395,47567,2025-03-17 11:45:40,397,1,38138.57
18396,47568,2025-04-12 14:29:18,150,1,19806.15
18397,47572,2025-02-24 14:52:23,495,1,13165.95
18398,47578,2025-04-26 07:20:16,323,1,21377.29
18399,47579,2025-04-29 07:41:30,97,1,623.51
18400,47580,2025-06-01 14:23:40,498,2,27733.6
18401,47584,2025-04-23 18:31:36,164,1,100669.41
18402,47589,2025-06-16 12:34:32,449,1,651.83
18403,47590,2025-06-23 19:37:31,319,1,29688.49
18404,47593,2025-05-12 03:16:02,332,1,502.68
18405,47593,2025-05-22 16:53:45,411,1,2755.99
18406,47601,2025-03-13 01:22:37,173,1,3095.58
18407,47602,2025-01-21 21:37:09,112,1,6810.44
18408,47604,2025-05-15 02:03:50,312,1,24505.73
18409,47605,2025-05-19 06:55:45,225,1,3052.25
18410,47609,2025-01-20 23:23:07,87,1,23788.74
18411,47611,2025-03-05 10:02:00,71,1,4426.79
18412,47616,2025-03-01 14:47:38,125,2,40641.9
18413,47617,2025-05-22 19:22:06,479,1,17062.05
18414,47618,2025-02-03 03:59:06,224,1,14553.13
18415,47619,2025-04-04 02:01:02,379,1,29755.14
18416,47619,2025-04-13 14:08:45,100,1,17574.95
18417,47623,2025-04-30 23:53:13,277,1,134439.28
18418,47624,2025-02-25 12:43:36,146,1,9446.45
18419,47625,2025-04-18 12:09:24,19,1,2770.09
18420,47626,2025-06-04 18:38:37,350,1,4462.47
18421,47627,2025-05-18 07:59:30,90,1,93514.94
18422,47628,2025-05-31 03:52:57,352,1,29524.41
18423,47632,2025-05-06 04:33:42,135,1,13650.75
18424,47633,2025-03-16 07:14:14,216,1,43283.26
18425,47634,2025-05-09 13:47:20,436,1,18344.93
18426,47637,2025-03-13 22:06:31,8,2,4298.44
18427,47639,2025-03-29 21:32:31,328,1,7767.1
18428,47639,2025-04-06 15:42:54,484,1,92913.94
18429,47640,2025-03-29 20:04:07,1,1,7205.01
18430,47644,2025-03-04 22:44:59,324,1,28001.07
18431,47644,2025-03-24 18:43:13,21,1,14166.0
18432,47647,2025-01-15 00:11:45,93,1,5774.03
18433,47648,2025-04-07 06:17:11,40,1,1173.14
18434,47648,2025-04-16 16:55:08,192,1,33176.4
18435,47649,2025-01-05 04:06:28,260,1,13781.16
18436,47656,2025-06-13 00:35:56,347,1,26954.74
18437,47657,2025-06-17 01:18:59,489,2,16663.02
18438,47658,2025-05-19 16:45:45,330,1,3233.01
18439,47661,2025-06-12 15:41:13,71,1,4426.79
18440,47664,2025-05-29 20:41:34,9,1,6572.8
18441,47664,2025-06-13 06:31:56,298,1,12693.22
18442,47677,2025-01-30 00:04:49,187,2,86684.62
18443,47681,2025-06-02 19:18:52,350,1,4462.47
18444,47685,2025-06-16 15:18:53,31,1,2221.64
18445,47690,2025-05-15 07:02:05,422,1,8047.95
18446,47690,2025-06-22 07:59:17,435,1,4498.66
18447,47693,2025-06-24 08:04:44,275,2,6614.96
18448,47693,2025-06-28 15:36:02,408,2,17868.96
18449,47699,2025-04-02 15:05:03,388,1,37608.5
18450,47700,2025-04-26 20:10:41,100,1,17574.95
18451,47704,2025-01-16 15:26:36,271,1,35581.83
18452,47704,2025-02-07 02:06:51,462,1,22303.0
18453,47706,2025-01-31 16:03:56,229,1,30697.88
18454,47707,2025-03-16 14:58:56,378,1,15995.17
18455,47708,2025-05-06 13:52:51,160,3,41479.59
18456,47713,2025-02-17 10:30:27,382,2,35132.46
18457,47715,2025-03-04 18:36:14,272,1,11789.2
18458,47721,2025-06-08 22:52:30,172,1,36415.92
18459,47721,2025-06-24 15:15:44,134,1,3801.47
18460,47723,2025-05-22 08:35:09,167,2,52834.18
18461,47729,2025-02-17 21:49:26,116,1,13895.24
18462,47730,2025-03-17 18:06:43,315,2,67724.14
18463,47732,2025-04-01 09:18:57,45,1,25096.16
18464,47732,2025-04-14 13:59:15,25,2,5887.84
18465,47733,2025-04-29 00:43:50,292,2,19573.52
18466,47735,2025-03-22 07:48:53,157,1,103545.76
18467,47736,2025-03-07 07:19:14,436,2,36689.86
18468,47740,2025-03-08 06:18:38,345,1,24246.2
18469,47748,2025-04-17 17:19:05,450,1,7501.43
18470,47749,2025-03-19 08:38:55,283,3,115894.32
18471,47750,2025-06-23 19:51:32,492,2,17463.3
18472,47750,2025-06-30 16:08:57,8,1,2149.22
18473,47751,2025-05-23 05:15:28,98,1,12583.05
18474,47752,2025-03-21 06:50:58,189,1,9592.2
18475,47756,2025-05-13 21:30:23,238,1,20295.06
18476,47756,2025-05-24 11:22:26,270,1,514.56
18477,47759,2025-03-12 17:32:40,454,1,3744.31
18478,47761,2025-02-01 17:18:01,109,1,13239.59
18479,47771,2025-05-26 13:55:07,206,1,23007.56
18480,47772,2025-04-24 09:06:15,198,1,7794.51
18481,47773,2025-06-09 20:03:50,488,3,98341.74
18482,47782,2025-04-17 05:48:32,294,2,69169.38
18483,47784,2025-02-05 09:19:19,309,2,5020.2
18484,47786,2025-03-21 15:20:50,265,2,15025.74
18485,47790,2025-06-03 18:53:47,353,1,14609.61
18486,47796,2025-02-20 17:18:13,56,2,58310.66
18487,47796,2025-03-16 07:02:29,313,3,35249.73
18488,47801,2025-02-07 20:07:33,158,1,2196.76
18489,47801,2025-03-01 18:32:41,28,1,10248.86
18490,47804,2025-02-19 06:23:56,493,2,34553.92
18491,47805,2025-02-11 01:22:41,354,1,13893.05
18492,47809,2025-06-02 05:39:29,150,1,19806.15
18493,47811,2025-03-14 16:32:21,87,2,47577.48
18494,47814,2025-03-03 07:44:33,97,2,1247.02
18495,47819,2025-03-20 12:35:49,404,1,13845.68
18496,47822,2025-03-29 19:57:15,440,1,3107.23
18497,47828,2025-04-13 05:45:04,377,1,6504.51
18498,47829,2025-05-10 00:54:17,18,1,1846.66
18499,47835,2025-06-09 13:12:50,458,1,50236.06
18500,47846,2025-01-10 07:24:28,200,3,23512.71
18501,47846,2025-01-22 02:12:33,165,1,1732.53
18502,47850,2025-04-07 01:30:57,105,1,7627.67
18503,47854,2025-05-29 01:23:36,431,2,12518.6
18504,47858,2025-04-01 18:14:41,323,1,21377.29
18505,47862,2025-06-17 19:49:18,352,1,29524.41
18506,47862,2025-06-21 06:54:11,390,1,3926.05
18507,47863,2025-03-18 02:49:29,274,1,21627.09
18508,47865,2025-01-18 10:53:32,485,3,78723.03
18509,47869,2025-05-01 16:27:29,236,2,39178.88
18510,47869,2025-05-17 17:55:44,477,1,37353.59
18511,47871,2025-01-14 03:19:09,124,1,4288.14
18512,47874,2025-01-15 06:22:09,237,1,23121.27
18513,47881,2025-03-31 18:45:54,264,1,4577.56
18514,47883,2025-06-17 20:33:05,188,1,631.77
18515,47886,2025-05-12 07:44:43,202,2,4257.7
18516,47887,2025-01-10 07:36:13,59,1,43466.97
18517,47891,2025-05-24 10:39:25,304,1,149568.6
18518,47892,2025-05-04 18:59:29,256,1,547.58
18519,47899,2025-04-09 19:57:52,458,2,100472.12
18520,47902,2025-02-03 03:08:43,260,2,27562.32
18521,47906,2025-04-02 07:26:22,242,1,9285.39
18522,47908,2025-06-10 10:43:56,481,1,3800.46
18523,47909,2025-06-02 02:43:58,123,1,37439.59
18524,47913,2025-06-17 22:29:38,465,1,17429.18
18525,47918,2025-03-29 16:59:34,440,1,3107.23
18526,47922,2025-04-04 16:34:10,362,1,539.2
18527,47923,2025-02-09 17:14:52,250,1,20800.98
18528,47925,2025-03-26 14:56:36,26,1,10901.13
18529,47926,2025-04-08 07:45:06,308,1,10693.04
18530,47927,2025-02-24 22:34:34,109,1,13239.59
18531,47933,2025-06-08 03:49:50,106,1,4353.63
18532,47934,2025-04-27 13:11:44,119,1,9009.08
18533,47940,2025-03-30 05:17:48,236,1,19589.44
18534,47941,2025-01-28 15:02:45,206,1,23007.56
18535,47947,2025-06-02 23:22:08,107,2,23695.14
18536,47948,2025-01-20 01:33:45,320,2,67121.52
18537,47950,2025-02-17 18:07:22,450,1,7501.43
18538,47954,2025-01-21 17:15:46,167,2,52834.18
18539,47957,2025-05-13 14:41:50,76,2,1027.12
18540,47958,2025-01-03 07:18:10,300,1,11130.88
18541,47962,2025-02-11 09:02:29,243,1,2252.58
18542,47962,2025-02-14 09:57:09,277,1,134439.28
18543,47963,2025-04-28 07:17:03,266,1,8000.62
18544,47967,2025-03-12 23:18:37,119,1,9009.08
18545,47967,2025-04-03 21:36:38,102,2,51584.02
18546,47968,2025-02-05 13:09:10,163,1,7638.19
18547,47972,2025-04-30 07:33:24,251,1,8328.29
18548,47973,2025-02-28 07:44:25,298,1,12693.22
18549,47974,2025-04-01 22:25:42,5,1,111884.19
18550,47975,2025-04-07 22:51:42,237,1,23121.27
18551,47982,2025-05-24 22:54:00,84,1,2448.39
18552,47982,2025-05-30 11:46:56,443,2,38179.88
18553,47985,2025-04-28 19:40:09,149,1,10316.11
18554,47989,2025-06-16 03:58:09,192,2,66352.8
18555,47993,2025-02-23 03:56:25,219,1,2535.54
18556,47996,2025-02-09 13:10:28,38,3,37202.82
18557,47997,2025-05-20 10:18:44,376,1,14562.53
18558,47997,2025-06-08 14:11:51,215,3,92709.45
18559,47998,2025-06-02 23:07:23,79,1,14294.87
18560,48001,2025-05-10 14:50:15,187,1,43342.31
18561,48002,2025-01-06 12:42:17,392,1,3931.31
18562,48003,2025-05-13 00:14:33,87,1,23788.74
18563,48004,2025-01-11 17:23:07,408,1,8934.48
18564,48009,2025-02-17 22:59:35,207,2,61432.06
18565,48012,2025-06-24 03:21:26,297,2,35459.48
18566,48016,2025-03-15 21:01:19,360,1,10778.02
18567,48020,2025-03-20 21:08:36,136,1,2438.57
18568,48024,2025-02-03 17:06:34,280,1,16802.32
18569,48026,2025-03-16 17:40:05,84,1,2448.39
18570,48028,2025-05-10 11:37:36,357,1,136130.58
18571,48028,2025-06-17 15:24:21,270,1,514.56
18572,48031,2025-06-24 19:40:36,492,1,8731.65
18573,48032,2025-05-25 04:12:52,408,1,8934.48
18574,48035,2025-04-25 22:25:27,41,1,8500.67
18575,48035,2025-05-26 17:19:01,418,1,16621.38
18576,48036,2025-03-09 16:40:56,259,1,9549.49
18577,48041,2025-01-29 09:10:13,1,1,7205.01
18578,48041,2025-02-15 07:43:08,495,2,26331.9
18579,48043,2025-04-19 21:52:24,396,2,221064.42
18580,48044,2025-06-28 05:55:39,221,2,28596.54
18581,48046,2025-04-15 05:16:56,389,1,3219.85
18582,48047,2025-03-20 20:39:15,330,1,3233.01
18583,48053,2025-01-26 14:47:41,468,1,141578.31
18584,48058,2025-06-19 02:16:19,319,1,29688.49
18585,48060,2025-01-22 03:59:10,33,1,17762.94
18586,48063,2025-05-09 09:50:20,223,1,11303.07
18587,48068,2025-06-26 09:47:06,261,3,57474.57
18588,48072,2025-02-05 10:01:20,63,1,8572.39
18589,48076,2025-05-05 10:59:08,235,2,84034.4
18590,48077,2025-04-17 21:16:15,365,2,27383.84
18591,48079,2025-06-13 02:36:16,6,1,4629.86
18592,48084,2025-05-10 00:56:34,129,2,717.7
18593,48090,2025-03-03 22:41:05,268,1,7387.83
18594,48091,2025-04-29 18:28:16,397,2,76277.14
18595,48094,2025-05-10 01:18:39,132,1,7791.77
18596,48095,2025-03-06 08:32:44,145,1,5753.8
18597,48100,2025-02-25 19:32:44,352,1,29524.41
18598,48105,2025-03-06 14:12:13,271,1,35581.83
18599,48107,2025-02-28 23:32:09,295,1,13255.4
18600,48107,2025-04-02 13:50:07,259,1,9549.49
18601,48114,2025-06-02 12:24:22,120,1,19023.98
18602,48122,2025-03-09 11:09:30,59,1,43466.97
18603,48125,2025-03-28 14:11:27,29,1,73838.2
18604,48129,2025-04-11 21:00:50,334,1,4204.59
18605,48135,2025-02-13 14:24:27,360,2,21556.04
18606,48137,2025-06-24 05:38:02,293,2,7324.48
18607,48140,2025-04-18 19:44:56,194,1,1522.19
18608,48141,2025-02-28 03:59:42,403,1,25390.62
18609,48143,2025-05-16 01:00:44,266,1,8000.62
18610,48144,2025-03-16 03:22:46,399,1,17727.09
18611,48145,2025-04-11 09:39:44,178,1,122025.22
18612,48146,2025-06-16 23:17:53,487,1,17124.6
18613,48151,2025-06-08 10:00:38,108,2,10541.66
18614,48160,2025-02-21 13:23:44,180,1,22619.63
18615,48166,2025-01-29 15:43:34,194,1,1522.19
18616,48171,2025-02-08 07:17:17,399,1,17727.09
18617,48174,2025-02-22 04:44:40,481,1,3800.46
18618,48182,2025-05-03 08:02:19,147,1,8701.96
18619,48184,2025-06-29 20:34:48,117,2,2992.88
18620,48186,2025-01-06 07:29:01,247,1,9897.75
18621,48187,2025-02-07 07:56:52,217,1,3789.89
18622,48187,2025-02-11 07:27:37,33,1,17762.94
18623,48188,2025-01-08 10:06:23,75,1,12610.21
18624,48190,2025-04-05 05:27:09,457,1,32494.5
18625,48194,2025-06-28 09:17:58,336,2,23539.72
18626,48196,2025-04-03 11:43:22,118,3,6225.21
18627,48200,2025-05-30 20:53:16,275,3,9922.44
18628,48200,2025-06-18 17:02:46,284,1,10670.32
18629,48204,2025-05-09 04:38:04,457,1,32494.5
18630,48207,2025-03-27 02:33:30,364,1,4874.98
18631,48207,2025-04-07 02:04:08,484,1,92913.94
18632,48208,2025-01-25 00:17:49,173,1,3095.58
18633,48217,2025-04-04 19:46:30,5,1,111884.19
18634,48219,2025-04-11 03:48:11,165,1,1732.53
18635,48223,2025-05-14 03:44:45,287,2,10657.12
18636,48226,2025-05-11 15:32:32,267,1,20054.79
18637,48234,2025-05-01 08:14:53,53,1,67150.12
18638,48237,2025-04-18 04:28:05,355,2,8768.9
18639,48241,2025-05-09 02:41:35,431,1,6259.3
18640,48241,2025-05-29 00:53:12,405,1,20089.63
18641,48246,2025-06-15 04:24:53,308,1,10693.04
18642,48247,2025-05-24 16:21:49,254,1,16059.76
18643,48255,2025-03-18 05:41:49,15,2,18410.02
18644,48256,2025-06-20 23:45:55,486,1,5773.24
18645,48256,2025-06-28 09:32:10,416,3,109952.16
18646,48263,2025-05-01 23:46:16,36,1,17558.77
18647,48270,2025-01-20 11:49:36,303,1,1454.24
18648,48271,2025-03-22 09:03:51,76,1,513.56
18649,48271,2025-04-05 18:10:24,110,1,18441.82
18650,48271,2025-04-16 13:45:55,401,1,11690.67
18651,48271,2025-05-03 00:11:18,424,2,28340.3
18652,48274,2025-05-21 23:24:04,245,2,30798.3
18653,48275,2025-06-25 15:25:20,366,1,9798.21
18654,48278,2025-02-14 04:54:41,354,1,13893.05
18655,48281,2025-01-05 10:16:30,409,1,6296.47
18656,48281,2025-02-01 14:55:35,177,1,6007.88
18657,48284,2025-06-30 18:04:15,350,2,8924.94
18658,48286,2025-06-05 08:28:27,94,2,18755.0
18659,48286,2025-06-26 20:31:20,190,1,27317.1
18660,48290,2025-04-29 20:07:22,350,3,13387.41
18661,48291,2025-05-23 11:47:47,379,2,59510.28
18662,48294,2025-04-08 17:56:51,230,1,3807.27
18663,48294,2025-04-22 04:16:02,90,1,93514.94
18664,48295,2025-05-07 12:53:34,188,1,631.77
18665,48296,2025-02-10 22:46:06,109,1,13239.59
18666,48303,2025-01-30 03:45:18,343,1,71441.06
18667,48303,2025-02-14 19:16:58,156,1,8339.09
18668,48304,2025-05-20 09:50:23,51,1,10465.17
18669,48309,2025-03-11 12:07:23,144,3,63407.31
18670,48316,2025-05-16 16:05:34,272,3,35367.6
18671,48318,2025-02-07 16:12:53,168,1,9504.82
18672,48322,2025-05-04 07:06:18,361,1,13985.68
18673,48323,2025-03-18 22:40:25,241,1,11168.82
18674,48324,2025-04-08 11:39:22,11,2,111734.24
18675,48325,2025-01-06 19:12:21,271,2,71163.66
18676,48329,2025-01-30 18:09:33,487,1,17124.6
18677,48329,2025-02-04 05:43:51,315,1,33862.07
18678,48332,2025-03-25 14:19:10,408,2,17868.96
18679,48333,2025-01-17 22:49:14,112,1,6810.44
18680,48336,2025-05-05 22:58:07,352,2,59048.82
18681,48343,2025-03-11 19:31:25,427,2,8625.32
18682,48345,2025-03-26 01:41:51,369,1,14392.59
18683,48347,2025-01-15 06:16:43,36,2,35117.54
18684,48351,2025-03-25 21:50:31,284,1,10670.32
18685,48351,2025-04-12 17:43:48,299,2,18370.88
18686,48353,2025-05-24 13:08:25,30,1,43984.69
18687,48355,2025-01-05 17:39:41,69,1,7709.45
18688,48362,2025-02-26 02:56:59,10,1,3952.37
18689,48366,2025-06-18 12:03:44,377,1,6504.51
18690,48373,2025-04-30 17:32:53,347,1,26954.74
18691,48374,2025-02-17 05:31:05,347,1,26954.74
18692,48375,2025-06-14 01:16:18,4,1,110986.96
18693,48379,2025-02-23 12:31:06,395,2,61491.86
18694,48399,2025-02-22 04:15:30,457,1,32494.5
18695,48404,2025-06-19 04:27:21,194,1,1522.19
18696,48405,2025-05-21 01:56:53,290,2,8780.68
18697,48406,2025-03-10 15:34:04,106,1,4353.63
18698,48409,2025-06-23 13:30:11,292,2,19573.52
18699,48411,2025-05-30 20:05:36,396,1,110532.21
18700,48413,2025-03-08 12:07:59,500,2,202351.1
18701,48413,2025-04-11 09:11:29,173,1,3095.58
18702,48415,2025-06-27 18:22:15,125,2,40641.9
18703,48418,2025-02-01 01:18:03,443,1,19089.94
18704,48418,2025-02-18 01:24:07,444,2,296496.32
18705,48419,2025-02-06 02:51:08,359,1,7693.07
18706,48421,2025-04-16 05:10:05,202,1,2128.85
18707,48423,2025-02-15 19:14:38,254,1,16059.76
18708,48425,2025-05-05 12:32:32,62,1,20430.08
18709,48426,2025-03-07 15:53:21,230,1,3807.27
18710,48426,2025-03-29 04:32:38,93,1,5774.03
18711,48426,2025-04-09 17:49:32,172,1,36415.92
18712,48428,2025-04-17 06:36:09,14,1,3902.87
18713,48429,2025-05-23 00:40:23,152,2,14447.34
18714,48436,2025-02-15 09:24:06,158,1,2196.76
18715,48438,2025-06-06 07:51:38,31,1,2221.64
18716,48440,2025-06-17 21:52:24,361,1,13985.68
18717,48441,2025-05-14 11:20:08,52,1,4983.11
18718,48442,2025-04-06 18:33:03,297,1,17729.74
18719,48447,2025-06-23 20:41:13,316,1,5050.1
18720,48450,2025-01-09 13:58:31,290,1,4390.34
18721,48450,2025-02-09 02:17:23,282,1,1113.3
18722,48451,2025-02-08 08:45:58,454,1,3744.31
18723,48455,2025-04-11 05:04:39,241,1,11168.82
18724,48464,2025-02-20 20:14:58,426,1,24723.16
18725,48466,2025-05-30 12:49:01,25,1,2943.92
18726,48477,2025-05-04 11:21:15,287,1,5328.56
18727,48480,2025-05-03 07:57:49,491,1,912.64
18728,48481,2025-03-11 06:50:06,487,2,34249.2
18729,48489,2025-05-28 08:15:19,137,1,47310.53
18730,48490,2025-04-20 09:17:06,156,1,8339.09
18731,48502,2025-01-03 08:43:35,283,2,77262.88
18732,48504,2025-04-01 01:41:05,402,2,39298.5
18733,48506,2025-03-07 01:44:26,231,1,2920.42
18734,48506,2025-03-28 12:31:44,24,1,1604.34
18735,48506,2025-04-10 06:02:01,492,1,8731.65
18736,48508,2025-05-22 08:09:14,298,1,12693.22
18737,48509,2025-06-20 03:40:09,218,3,282625.02
18738,48512,2025-06-08 07:30:08,32,1,7276.12
18739,48512,2025-06-13 08:22:13,150,1,19806.15
18740,48513,2025-05-27 06:42:15,71,1,4426.79
18741,48514,2025-05-09 05:41:39,426,2,49446.32
18742,48516,2025-05-10 02:37:54,52,1,4983.11
18743,48516,2025-05-14 14:36:24,186,1,5082.83
18744,48518,2025-06-20 22:15:08,487,1,17124.6
18745,48525,2025-05-31 11:29:47,112,1,6810.44
18746,48525,2025-06-08 05:13:27,218,2,188416.68
18747,48526,2025-02-16 00:39:52,297,1,17729.74
18748,48530,2025-02-11 17:54:02,172,1,36415.92
18749,48538,2025-06-12 14:31:20,249,2,5457.9
18750,48543,2025-04-15 01:31:21,113,3,23457.75
18751,48543,2025-05-01 09:13:54,12,1,10398.85
18752,48543,2025-05-22 12:38:56,393,1,13053.76
18753,48547,2025-03-15 06:01:24,39,1,19720.04
18754,48547,2025-04-08 16:13:08,195,1,17742.05
18755,48552,2025-04-30 15:42:12,214,1,20873.19
18756,48555,2025-04-23 00:37:40,307,2,45516.54
18757,48561,2025-06-22 10:28:37,137,1,47310.53
18758,48562,2025-03-30 05:40:38,491,3,2737.92
18759,48563,2025-05-28 16:24:23,320,1,33560.76
18760,48564,2025-06-06 05:26:19,175,2,162937.44
18761,48565,2025-02-26 15:57:58,372,3,3942.09
18762,48565,2025-03-04 17:51:06,73,1,3184.93
18763,48572,2025-01-18 01:15:59,343,1,71441.06
18764,48574,2025-03-14 03:14:36,322,2,10971.04
18765,48580,2025-04-07 17:07:28,181,1,11869.76
18766,48582,2025-06-08 11:17:53,387,1,28854.36
18767,48582,2025-06-29 14:25:54,123,1,37439.59
18768,48583,2025-06-21 21:24:12,60,2,10216.26
18769,48590,2025-06-23 10:27:06,76,1,513.56
18770,48592,2025-06-27 23:31:17,267,1,20054.79
18771,48595,2025-06-18 01:02:41,61,1,102219.65
18772,48600,2025-04-26 23:27:52,355,2,8768.9
18773,48604,2025-03-15 20:45:08,190,1,27317.1
18774,48604,2025-03-25 22:25:02,493,1,17276.96
18775,48608,2025-02-27 06:35:50,10,1,3952.37
18776,48609,2025-05-14 11:01:32,65,1,15098.74
18777,48614,2025-04-03 13:01:10,314,1,6987.52
18778,48615,2025-02-02 21:01:14,159,1,30772.13
18779,48621,2025-02-02 00:33:46,94,1,9377.5
18780,48625,2025-02-24 13:57:40,78,1,149482.7
18781,48625,2025-03-03 06:02:53,114,1,3834.0
18782,48626,2025-03-07 09:19:34,75,3,37830.63
18783,48629,2025-02-22 23:31:56,47,1,6372.46
18784,48629,2025-03-13 11:42:48,309,1,2510.1
18785,48629,2025-03-18 16:02:52,399,2,35454.18
18786,48636,2025-04-30 03:17:05,24,1,1604.34
18787,48638,2025-02-27 14:20:34,153,1,1050.14
18788,48643,2025-03-12 19:35:13,113,1,7819.25
18789,48644,2025-06-13 08:34:23,171,1,15094.37
18790,48646,2025-01-10 17:19:47,190,2,54634.2
18791,48646,2025-01-17 00:50:40,167,3,79251.27
18792,48649,2025-03-18 06:18:50,486,1,5773.24
18793,48652,2025-06-29 06:51:33,453,1,3275.21
18794,48653,2025-05-07 02:44:49,140,1,49984.05
18795,48659,2025-06-29 11:57:51,205,1,14938.64
18796,48660,2025-03-28 23:15:00,42,1,35405.28
18797,48665,2025-03-22 07:08:59,194,2,3044.38
18798,48670,2025-05-09 10:01:58,267,1,20054.79
18799,48670,2025-05-18 02:42:12,234,3,208942.77
18800,48671,2025-06-02 03:32:28,281,1,8575.04
18801,48671,2025-06-12 03:16:08,315,1,33862.07
18802,48672,2025-06-24 18:10:38,102,1,25792.01
18803,48673,2025-03-30 00:26:28,259,1,9549.49
18804,48673,2025-04-21 20:49:23,47,1,6372.46
18805,48675,2025-03-28 01:26:12,463,1,6385.22
18806,48683,2025-05-30 10:32:08,137,1,47310.53
18807,48690,2025-03-20 14:11:12,116,2,27790.48
18808,48696,2025-05-02 16:54:32,327,2,16445.06
18809,48699,2025-05-25 10:12:51,252,1,5818.59
18810,48699,2025-05-31 15:35:59,263,1,38988.81
18811,48701,2025-05-31 03:18:21,183,1,5734.14
18812,48707,2025-01-24 22:33:46,9,1,6572.8
18813,48707,2025-02-10 19:03:20,325,1,13982.87
18814,48723,2025-04-23 17:41:58,360,1,10778.02
18815,48737,2025-01-28 03:21:09,182,1,5001.59
18816,48739,2025-03-02 01:17:16,489,1,8331.51
18817,48745,2025-02-25 10:52:54,210,1,12877.08
18818,48747,2025-01-08 06:34:03,426,1,24723.16
18819,48751,2025-05-21 12:04:19,229,1,30697.88
18820,48756,2025-03-22 17:29:26,382,2,35132.46
18821,48756,2025-04-05 01:01:01,493,1,17276.96
18822,48760,2025-02-14 13:32:38,158,1,2196.76
18823,48761,2025-06-15 05:08:31,299,1,9185.44
18824,48767,2025-05-11 19:39:57,454,1,3744.31
18825,48768,2025-01-29 05:50:21,261,1,19158.19
18826,48768,2025-02-20 02:21:10,428,2,295145.32
18827,48772,2025-04-16 08:25:57,259,1,9549.49
18828,48780,2025-01-21 06:55:13,100,2,35149.9
18829,48783,2025-03-15 05:51:37,265,1,7512.87
18830,48786,2025-05-19 09:03:15,458,1,50236.06
18831,48788,2025-01-10 19:00:41,252,1,5818.59
18832,48788,2025-01-22 20:12:45,212,1,105203.42
18833,48788,2025-02-06 04:08:51,45,1,25096.16
18834,48796,2025-06-22 23:56:38,192,1,33176.4
18835,48800,2025-02-28 11:34:40,177,1,6007.88
18836,48801,2025-04-17 05:06:05,162,1,6647.03
18837,48803,2025-06-02 10:19:45,424,1,14170.15
18838,48804,2025-03-09 10:51:56,2,1,19570.0
18839,48805,2025-02-18 04:16:46,288,1,11259.13
18840,48807,2025-02-01 19:34:39,119,1,9009.08
18841,48814,2025-06-09 18:22:05,126,1,15953.08
18842,48815,2025-01-02 09:38:35,424,2,28340.3
18843,48824,2025-06-08 07:28:06,171,1,15094.37
18844,48826,2025-03-17 16:11:04,109,1,13239.59
18845,48827,2025-02-25 10:00:30,221,1,14298.27
18846,48834,2025-03-07 00:01:21,473,2,2148.98
18847,48835,2025-06-22 05:10:09,424,1,14170.15
18848,48837,2025-04-07 10:24:48,493,2,34553.92
18849,48838,2025-04-22 02:56:17,499,1,3999.82
18850,48838,2025-05-09 22:04:13,498,2,27733.6
18851,48840,2025-03-27 11:17:52,26,1,10901.13
18852,48848,2025-05-12 20:17:16,259,1,9549.49
18853,48849,2025-02-05 03:24:16,361,1,13985.68
18854,48851,2025-02-14 16:03:42,308,2,21386.08
18855,48857,2025-03-29 16:38:50,101,1,19086.83
18856,48859,2025-01-18 06:47:04,340,1,86475.35
18857,48859,2025-02-26 20:51:40,438,1,5413.4
18858,48863,2025-06-26 02:27:19,367,1,5745.57
18859,48865,2025-01-26 16:10:09,194,1,1522.19
18860,48868,2025-06-25 05:40:36,45,1,25096.16
18861,48869,2025-03-08 07:07:07,296,1,108127.41
18862,48870,2025-04-19 15:46:30,13,1,2692.52
18863,48874,2025-02-17 11:24:19,298,1,12693.22
18864,48875,2025-04-28 19:49:31,449,1,651.83
18865,48883,2025-05-02 05:30:44,476,2,4638.54
18866,48885,2025-06-07 17:22:37,52,1,4983.11
18867,48887,2025-02-01 05:35:33,23,1,24086.36
18868,48889,2025-06-22 02:18:33,115,2,33418.76
18869,48891,2025-04-08 08:47:30,285,1,115911.82
18870,48892,2025-02-22 03:46:00,12,1,10398.85
18871,48893,2025-06-11 06:51:35,32,1,7276.12
18872,48894,2025-06-07 22:10:06,38,1,12400.94
18873,48897,2025-02-18 17:25:34,35,3,9263.79
18874,48901,2025-03-09 09:33:12,67,1,3245.55
18875,48901,2025-03-16 00:13:32,391,1,7481.06
18876,48901,2025-03-28 10:53:35,181,1,11869.76
18877,48903,2025-03-15 06:34:44,153,1,1050.14
18878,48905,2025-03-21 10:53:09,48,1,5407.24
18879,48907,2025-05-03 20:40:44,345,1,24246.2
18880,48914,2025-04-05 05:27:26,382,1,17566.23
18881,48918,2025-03-25 02:33:59,408,1,8934.48
18882,48918,2025-04-05 11:40:09,33,1,17762.94
18883,48921,2025-02-18 11:18:11,117,1,1496.44
18884,48921,2025-03-06 06:35:15,417,1,32512.83
18885,48925,2025-04-20 05:20:32,193,1,33028.41
18886,48925,2025-05-10 19:56:21,115,1,16709.38
18887,48925,2025-05-18 12:21:13,369,1,14392.59
18888,48930,2025-01-18 07:05:17,486,2,11546.48
18889,48930,2025-02-02 03:09:35,39,1,19720.04
18890,48942,2025-02-06 02:01:49,87,1,23788.74
18891,48945,2025-05-13 08:19:37,469,1,8458.92
18892,48946,2025-02-06 22:20:36,236,1,19589.44
18893,48947,2025-06-22 12:20:00,307,2,45516.54
18894,48947,2025-06-25 16:41:21,307,1,22758.27
18895,48950,2025-06-09 16:49:35,353,2,29219.22
18896,48952,2025-01-16 04:35:02,460,3,123986.01
18897,48962,2025-02-26 15:05:32,349,1,12041.93
18898,48964,2025-04-10 04:59:07,319,1,29688.49
18899,48966,2025-02-08 15:39:40,209,1,38411.37
18900,48968,2025-06-20 05:33:55,276,1,4843.01
18901,48969,2025-05-19 06:57:08,187,2,86684.62
18902,48971,2025-01-14 16:45:02,465,1,17429.18
18903,48971,2025-01-21 05:48:18,346,1,14000.92
18904,48978,2025-06-20 01:49:59,275,1,3307.48
18905,48983,2025-01-07 03:59:22,211,1,31008.7
18906,48983,2025-01-22 03:46:52,425,2,28629.48
18907,48983,2025-01-28 18:40:25,15,1,9205.01
18908,48985,2025-01-20 02:03:15,314,1,6987.52
18909,48988,2025-03-23 16:01:57,119,1,9009.08
18910,48990,2025-05-13 18:10:31,8,2,4298.44
18911,48992,2025-03-31 11:41:54,448,1,18494.26
18912,48994,2025-02-24 09:13:29,2,2,39140.0
18913,48995,2025-02-03 08:23:29,240,1,29634.73
18914,48995,2025-03-23 03:01:17,73,2,6369.86
18915,48995,2025-04-03 10:05:33,479,1,17062.05
18916,49000,2025-05-22 21:44:23,405,1,20089.63
18917,49001,2025-04-15 07:58:38,62,1,20430.08
18918,49002,2025-01-14 20:29:16,352,2,59048.82
18919,49004,2025-04-26 02:14:09,108,1,5270.83
18920,49004,2025-05-13 00:40:13,273,1,8130.43
18921,49009,2025-05-26 16:25:23,117,1,1496.44
18922,49010,2025-04-23 14:52:08,474,1,15410.11
18923,49011,2025-06-20 04:10:57,36,3,52676.31
18924,49011,2025-06-23 12:16:21,452,2,35516.52
18925,49012,2025-02-06 21:44:11,293,1,3662.24
18926,49016,2025-03-21 09:52:29,385,1,347.25
18927,49018,2025-04-09 05:58:44,43,1,11732.3
18928,49022,2025-06-08 08:05:26,361,1,13985.68
18929,49023,2025-04-29 11:24:50,365,1,13691.92
18930,49024,2025-02-11 04:48:03,277,1,134439.28
18931,49027,2025-06-04 06:35:40,378,1,15995.17
18932,49028,2025-05-09 09:30:06,158,1,2196.76
18933,49032,2025-06-07 14:44:15,141,1,78006.44
18934,49032,2025-06-26 18:55:30,90,1,93514.94
18935,49033,2025-01-21 06:03:55,479,1,17062.05
18936,49033,2025-02-09 08:34:09,31,1,2221.64
18937,49033,2025-02-23 19:12:32,374,1,10459.29
18938,49037,2025-03-29 07:44:31,394,1,20682.69
18939,49037,2025-04-15 20:28:20,236,2,39178.88
18940,49038,2025-05-03 07:20:35,100,1,17574.95
18941,49038,2025-05-10 00:39:41,421,1,3913.39
18942,49038,2025-05-13 21:51:59,315,1,33862.07
18943,49039,2025-02-19 08:34:34,5,1,111884.19
18944,49039,2025-03-03 03:47:46,146,1,9446.45
18945,49040,2025-03-09 16:57:32,496,2,63079.82
18946,49047,2025-05-22 09:05:36,367,1,5745.57
18947,49047,2025-06-06 06:00:58,182,2,10003.18
18948,49048,2025-04-28 12:41:30,426,3,74169.48
18949,49050,2025-04-15 23:00:52,318,2,39103.18
18950,49052,2025-01-25 15:17:32,395,1,30745.93
18951,49070,2025-01-09 10:16:16,119,1,9009.08
18952,49072,2025-02-03 03:51:08,98,1,12583.05
18953,49074,2025-01-22 15:47:21,135,2,27301.5
18954,49076,2025-02-14 09:57:47,72,2,87607.34
18955,49077,2025-01-10 16:47:42,30,1,43984.69
18956,49085,2025-03-10 05:23:11,464,1,28260.63
18957,49088,2025-02-16 00:05:37,68,2,94358.0
18958,49088,2025-03-08 16:55:33,326,1,81782.53
18959,49090,2025-02-06 06:22:54,296,2,216254.82
18960,49090,2025-02-10 18:31:02,71,1,4426.79
18961,49091,2025-04-20 08:37:07,215,1,30903.15
18962,49091,2025-04-28 14:45:13,264,1,4577.56
18963,49097,2025-05-06 11:43:43,166,1,15176.99
18964,49101,2025-05-28 12:05:57,426,1,24723.16
18965,49106,2025-02-02 20:14:21,104,1,19691.24
18966,49109,2025-01-22 22:30:07,31,1,2221.64
18967,49111,2025-04-14 10:34:11,168,1,9504.82
18968,49121,2025-06-24 15:45:38,328,3,23301.3
18969,49127,2025-01-18 04:16:33,229,2,61395.76
18970,49127,2025-02-06 20:27:37,73,2,6369.86
18971,49128,2025-03-11 20:39:44,441,2,2293.42
18972,49128,2025-03-26 10:56:55,248,1,9420.12
18973,49129,2025-05-04 17:15:42,117,1,1496.44
18974,49129,2025-05-15 21:05:10,20,1,1778.75
18975,49131,2025-02-10 16:05:02,62,1,20430.08
18976,49138,2025-03-31 13:43:57,166,1,15176.99
18977,49146,2025-03-01 01:45:28,495,1,13165.95
18978,49146,2025-03-15 08:42:58,39,1,19720.04
18979,49147,2025-04-26 15:28:51,226,1,1460.34
18980,49153,2025-03-22 02:44:18,421,1,3913.39
18981,49156,2025-01-27 01:55:17,387,1,28854.36
18982,49157,2025-03-16 22:03:54,153,2,2100.28
18983,49162,2025-04-30 05:29:55,223,1,11303.07
18984,49170,2025-06-06 01:39:42,54,1,4159.48
18985,49172,2025-04-03 04:52:49,414,1,20297.26
18986,49174,2025-04-05 00:59:11,396,1,110532.21
18987,49174,2025-04-14 23:43:19,177,1,6007.88
18988,49174,2025-04-21 10:47:51,240,2,59269.46
18989,49175,2025-03-11 10:07:57,298,2,25386.44
18990,49176,2025-05-31 01:09:31,183,1,5734.14
18991,49179,2025-03-27 14:33:30,107,1,11847.57
18992,49182,2025-04-12 06:44:35,294,1,34584.69
18993,49183,2025-04-05 23:44:02,399,1,17727.09
18994,49185,2025-06-22 12:25:07,338,2,176257.5
18995,49186,2025-06-06 10:58:32,57,1,55100.21
18996,49193,2025-05-13 15:30:34,334,1,4204.59
18997,49194,2025-06-28 16:03:28,353,1,14609.61
18998,49197,2025-03-28 00:48:45,108,1,5270.83
18999,49198,2025-05-02 11:13:00,305,1,2454.31
19000,49199,2025-06-27 13:39:30,450,1,7501.43
19001,49200,2025-03-31 22:59:21,447,1,1488.36
19002,49200,2025-04-13 06:36:11,387,1,28854.36
19003,49201,2025-04-25 00:33:44,256,1,547.58
19004,49202,2025-04-08 20:11:39,348,1,11453.57
19005,49203,2025-02-14 00:07:49,110,1,18441.82
19006,49209,2025-01-23 23:32:32,298,2,25386.44
19007,49212,2025-04-03 21:26:47,203,1,13023.16
19008,49213,2025-05-27 01:22:50,199,1,130009.3
19009,49217,2025-02-20 15:06:43,337,1,138096.58
19010,49217,2025-03-12 07:21:43,278,1,12926.7
19011,49218,2025-06-23 17:56:11,274,1,21627.09
19012,49222,2025-05-06 21:02:59,438,2,10826.8
19013,49225,2025-02-24 11:30:16,87,1,23788.74
19014,49225,2025-03-14 16:57:39,461,2,11380.28
19015,49226,2025-05-01 09:08:43,238,2,40590.12
19016,49231,2025-06-09 13:55:40,464,1,28260.63
19017,49236,2025-01-04 07:08:07,143,1,13152.69
19018,49247,2025-01-16 08:28:16,159,1,30772.13
19019,49248,2025-05-27 00:34:58,232,3,9641.7
19020,49248,2025-05-31 12:51:08,162,1,6647.03
19021,49249,2025-01-17 13:34:42,135,1,13650.75
19022,49249,2025-01-24 08:22:38,466,1,31559.05
19023,49250,2025-04-28 12:41:04,499,1,3999.82
19024,49250,2025-05-11 14:23:38,402,2,39298.5
19025,49251,2025-02-26 07:01:17,108,1,5270.83
19026,49261,2025-03-25 01:49:44,76,2,1027.12
19027,49261,2025-04-07 10:11:21,292,1,9786.76
19028,49261,2025-04-28 09:25:23,49,1,3584.0
19029,49262,2025-02-01 11:05:02,34,2,4196.1
19030,49263,2025-03-04 21:41:02,204,1,3831.25
19031,49267,2025-03-19 23:28:37,81,1,47864.88
19032,49269,2025-06-02 00:49:39,158,1,2196.76
19033,49269,2025-06-12 07:41:13,424,1,14170.15
19034,49273,2025-02-03 00:41:36,160,3,41479.59
19035,49274,2025-03-20 00:25:22,382,1,17566.23
19036,49280,2025-02-15 06:50:31,38,2,24801.88
19037,49281,2025-04-05 09:28:43,12,1,10398.85
19038,49284,2025-02-15 20:31:25,304,2,299137.2
19039,49284,2025-02-19 19:02:19,200,1,7837.57
19040,49284,2025-03-07 19:39:08,466,1,31559.05
19041,49285,2025-01-11 11:50:53,19,1,2770.09
19042,49286,2025-04-27 23:53:47,129,1,358.85
19043,49287,2025-05-29 12:43:38,44,1,6132.16
19044,49288,2025-01-17 01:55:21,318,3,58654.77
19045,49295,2025-06-28 11:31:37,376,2,29125.06
19046,49309,2025-02-06 20:46:12,461,1,5690.14
19047,49315,2025-04-09 18:55:11,210,2,25754.16
19048,49317,2025-03-08 14:11:20,341,2,8933.94
19049,49320,2025-06-10 06:06:17,288,1,11259.13
19050,49324,2025-05-11 12:42:39,5,1,111884.19
19051,49328,2025-01-25 02:19:09,83,1,20559.25
19052,49328,2025-02-03 06:27:54,212,2,210406.84
19053,49328,2025-02-22 12:12:58,432,1,16557.1
19054,49331,2025-06-18 08:26:33,273,3,24391.29
19055,49334,2025-04-04 14:02:01,207,1,30716.03
19056,49336,2025-04-13 05:59:10,219,2,5071.08
19057,49338,2025-03-12 01:14:32,473,1,1074.49
19058,49348,2025-06-18 00:26:50,30,1,43984.69
19059,49349,2025-06-18 19:27:03,164,2,201338.82
19060,49350,2025-06-11 03:08:05,199,1,130009.3
19061,49351,2025-05-07 10:12:35,132,1,7791.77
19062,49359,2025-05-21 09:05:15,318,3,58654.77
19063,49360,2025-04-07 21:38:31,344,1,21107.94
19064,49361,2025-06-15 21:02:55,149,2,20632.22
19065,49362,2025-04-10 04:59:25,18,1,1846.66
19066,49372,2025-02-09 23:41:39,88,1,38903.03
19067,49375,2025-06-28 18:58:47,191,2,73536.04
19068,49377,2025-05-28 23:09:39,336,1,11769.86
19069,49379,2025-04-04 15:44:03,418,1,16621.38
19070,49381,2025-06-15 20:45:56,493,1,17276.96
19071,49382,2025-03-25 15:53:28,222,1,8006.41
19072,49383,2025-05-01 16:34:30,299,1,9185.44
19073,49384,2025-04-02 04:49:04,163,1,7638.19
19074,49387,2025-05-21 20:20:18,458,1,50236.06
19075,49388,2025-02-16 00:26:40,163,1,7638.19
19076,49392,2025-01-05 16:26:03,260,2,27562.32
19077,49392,2025-01-21 20:22:54,61,2,204439.3
19078,49392,2025-01-28 10:08:54,13,1,2692.52
19079,49403,2025-01-31 21:11:26,197,1,1108.19
19080,49405,2025-06-27 09:43:24,436,1,18344.93
19081,49413,2025-03-10 19:49:00,428,1,147572.66
19082,49414,2025-06-30 22:16:37,321,1,133685.08
19083,49415,2025-06-06 16:44:24,362,1,539.2
19084,49416,2025-06-25 16:44:14,317,2,4709.76
19085,49422,2025-05-20 22:02:16,498,1,13866.8
19086,49422,2025-06-09 19:05:18,38,1,12400.94
19087,49426,2025-05-24 21:02:32,96,1,1401.59
19088,49429,2025-03-26 20:31:50,393,2,26107.52
19089,49430,2025-05-14 08:33:01,142,1,10287.19
19090,49432,2025-05-11 01:17:27,337,3,414289.74
19091,49436,2025-05-29 11:39:36,31,2,4443.28
19092,49438,2025-05-26 18:12:33,351,1,2039.17
19093,49438,2025-06-02 21:12:21,401,1,11690.67
19094,49444,2025-02-22 03:54:24,299,2,18370.88
19095,49445,2025-05-13 14:45:28,234,1,69647.59
19096,49454,2025-05-09 11:17:21,202,1,2128.85
19097,49457,2025-03-23 14:40:01,303,1,1454.24
19098,49460,2025-05-25 18:25:44,493,1,17276.96
19099,49462,2025-05-31 10:50:13,331,1,10724.43
19100,49473,2025-05-16 07:41:23,55,1,24029.51
19101,49478,2025-02-25 12:53:35,42,1,35405.28
19102,49482,2025-04-17 10:51:11,29,2,147676.4
19103,49482,2025-04-20 20:55:13,136,2,4877.14
19104,49485,2025-02-15 00:27:41,435,1,4498.66
19105,49486,2025-02-24 19:41:18,341,1,4466.97
19106,49486,2025-03-02 20:10:04,365,1,13691.92
19107,49486,2025-03-23 11:47:48,384,1,4013.53
19108,49488,2025-04-18 14:54:04,247,1,9897.75
19109,49489,2025-02-15 08:02:00,414,1,20297.26
19110,49491,2025-03-09 03:33:46,301,1,44256.21
19111,49492,2025-02-25 18:13:13,420,2,7541.32
19112,49500,2025-02-17 13:26:57,77,1,70509.53
19113,49500,2025-02-26 17:46:13,327,1,8222.53
19114,49501,2025-04-17 22:31:36,255,1,3001.4
19115,49502,2025-03-09 14:34:39,408,1,8934.48
19116,49503,2025-01-20 01:30:44,14,1,3902.87
19117,49506,2025-01-31 00:56:58,273,1,8130.43
19118,49507,2025-03-01 09:00:26,31,1,2221.64
19119,49514,2025-04-22 19:49:24,354,1,13893.05
19120,49515,2025-03-15 00:20:29,221,1,14298.27
19121,49515,2025-04-10 05:10:17,376,1,14562.53
19122,49516,2025-02-08 21:51:31,269,1,115514.93
19123,49520,2025-02-01 17:14:51,18,2,3693.32
19124,49525,2025-01-10 11:49:40,488,1,32780.58
19125,49525,2025-01-22 09:47:11,305,1,2454.31
19126,49531,2025-01-28 12:53:08,263,2,77977.62
19127,49531,2025-02-13 10:05:40,69,1,7709.45
19128,49533,2025-06-26 07:34:27,185,1,12990.29
19129,49538,2025-03-12 15:39:52,314,1,6987.52
19130,49539,2025-04-12 10:26:56,146,1,9446.45
19131,49551,2025-02-28 20:11:37,453,1,3275.21
19132,49556,2025-01-31 23:12:23,473,1,1074.49
19133,49556,2025-02-20 12:55:00,35,2,6175.86
19134,49561,2025-05-21 16:55:13,230,1,3807.27
19135,49563,2025-03-01 05:06:49,23,1,24086.36
19136,49565,2025-03-21 09:25:23,37,2,1768.9
19137,49570,2025-05-18 11:52:42,125,1,20320.95
19138,49572,2025-03-21 23:47:25,438,1,5413.4
19139,49575,2025-06-16 13:31:03,350,1,4462.47
19140,49578,2025-03-11 03:40:12,247,1,9897.75
19141,49579,2025-02-22 16:48:55,75,1,12610.21
19142,49583,2025-01-14 06:12:05,469,1,8458.92
19143,49585,2025-06-02 10:24:12,98,1,12583.05
19144,49586,2025-04-25 22:24:41,94,2,18755.0
19145,49588,2025-05-22 14:08:34,440,1,3107.23
19146,49588,2025-06-08 06:32:25,232,1,3213.9
19147,49589,2025-02-07 17:18:38,115,2,33418.76
19148,49590,2025-06-20 02:47:27,79,2,28589.74
19149,49592,2025-06-12 18:44:10,115,1,16709.38
19150,49598,2025-04-05 04:09:44,206,3,69022.68
19151,49599,2025-05-19 16:41:07,335,1,6200.21
19152,49599,2025-05-22 20:33:29,76,1,513.56
19153,49602,2025-05-23 09:16:18,313,1,11749.91
19154,49602,2025-06-01 19:46:09,139,1,1008.61
19155,49605,2025-04-29 15:08:11,483,1,43632.67
19156,49606,2025-02-19 14:37:44,325,2,27965.74
19157,49610,2025-05-20 23:59:39,456,2,39749.3
19158,49612,2025-04-03 11:08:10,54,1,4159.48
19159,49612,2025-04-15 17:37:14,464,1,28260.63
19160,49612,2025-05-21 19:53:55,456,2,39749.3
19161,49614,2025-03-13 21:09:32,358,2,16075.36
19162,49623,2025-06-23 09:20:00,245,1,15399.15
19163,49627,2025-02-21 19:09:24,84,1,2448.39
19164,49631,2025-05-10 12:16:53,91,2,231658.56
19165,49635,2025-02-20 01:31:58,415,3,14085.48
19166,49635,2025-02-23 02:29:36,260,1,13781.16
19167,49638,2025-06-19 05:55:19,219,1,2535.54
19168,49644,2025-06-21 17:05:57,363,2,76052.74
19169,49647,2025-06-15 21:50:14,293,1,3662.24
19170,49647,2025-06-26 19:22:57,287,1,5328.56
19171,49648,2025-05-11 01:57:31,191,1,36768.02
19172,49653,2025-06-26 06:01:26,66,1,7734.16
19173,49657,2025-03-10 19:40:00,365,1,13691.92
19174,49658,2025-01-27 22:49:50,397,3,114415.71
19175,49659,2025-01-09 02:47:36,91,2,231658.56
19176,49660,2025-06-19 16:06:22,153,1,1050.14
19177,49663,2025-04-02 13:48:24,212,1,105203.42
19178,49664,2025-03-26 23:40:23,229,1,30697.88
19179,49665,2025-01-16 15:22:33,450,1,7501.43
19180,49667,2025-01-10 22:51:53,184,1,2970.14
19181,49667,2025-01-19 08:57:15,281,1,8575.04
19182,49671,2025-03-04 03:17:22,389,3,9659.55
19183,49671,2025-03-11 05:47:14,202,1,2128.85
19184,49672,2025-05-07 09:32:36,444,1,148248.16
19185,49676,2025-04-15 16:41:05,421,1,3913.39
19186,49677,2025-06-08 10:13:53,52,2,9966.22
19187,49677,2025-06-12 18:25:08,244,1,3774.78
19188,49680,2025-05-21 08:03:21,411,2,5511.98
19189,49682,2025-04-26 18:03:09,111,2,2056.9
19190,49683,2025-03-29 02:26:55,419,1,24719.61
19191,49687,2025-03-02 05:00:12,449,1,651.83
19192,49690,2025-02-11 05:04:45,410,1,90198.25
19193,49691,2025-05-16 16:55:34,61,2,204439.3
19194,49691,2025-05-24 20:59:05,203,1,13023.16
19195,49692,2025-04-15 05:13:07,345,3,72738.6
19196,49693,2025-01-26 19:14:53,396,2,221064.42
19197,49693,2025-02-17 10:51:01,153,1,1050.14
19198,49695,2025-04-28 15:08:48,456,1,19874.65
19199,49696,2025-01-23 01:00:08,184,1,2970.14
19200,49696,2025-01-26 10:01:20,53,1,67150.12
19201,49696,2025-02-06 13:51:24,14,1,3902.87
19202,49706,2025-06-05 10:47:41,190,1,27317.1
19203,49708,2025-03-30 00:59:49,500,2,202351.1
19204,49709,2025-05-24 22:05:24,371,1,23547.53
19205,49714,2025-03-25 12:53:52,279,1,11780.7
19206,49716,2025-02-05 20:50:29,408,1,8934.48
19207,49717,2025-04-08 18:38:37,231,1,2920.42
19208,49718,2025-06-28 18:55:52,499,1,3999.82
19209,49723,2025-02-05 11:17:10,171,1,15094.37
19210,49727,2025-01-27 11:44:11,241,1,11168.82
19211,49731,2025-03-19 00:10:57,288,1,11259.13
19212,49734,2025-04-19 22:04:16,320,1,33560.76
19213,49736,2025-04-25 13:00:23,400,1,24109.01
19214,49738,2025-02-28 17:35:23,491,2,1825.28
19215,49743,2025-04-23 00:01:39,494,2,990.74
19216,49745,2025-03-17 15:27:08,257,2,4871.68
19217,49746,2025-01-18 05:17:37,475,1,11694.47
19218,49748,2025-06-08 06:24:10,490,2,25480.08
19219,49749,2025-05-17 09:31:08,180,1,22619.63
19220,49749,2025-05-20 11:21:20,37,3,2653.35
19221,49756,2025-01-14 11:54:50,130,1,16268.89
19222,49764,2025-04-18 04:04:48,271,1,35581.83
19223,49769,2025-02-25 21:03:56,270,2,1029.12
19224,49770,2025-04-28 21:34:15,348,1,11453.57
19225,49771,2025-01-08 10:50:41,13,1,2692.52
19226,49782,2025-04-19 04:17:37,25,2,5887.84
19227,49788,2025-03-28 16:54:45,195,1,17742.05
19228,49798,2025-05-04 20:55:06,154,1,36463.8
19229,49803,2025-05-22 06:21:34,456,2,39749.3
19230,49807,2025-03-03 13:21:55,241,1,11168.82
19231,49814,2025-04-19 11:00:14,468,2,283156.62
19232,49815,2025-06-04 12:26:55,428,2,295145.32
19233,49815,2025-06-20 04:43:25,416,1,36650.72
19234,49817,2025-05-15 12:31:11,315,1,33862.07
19235,49819,2025-04-28 21:59:58,91,1,115829.28
19236,49819,2025-05-07 18:27:27,368,1,49977.44
19237,49820,2025-04-12 21:31:14,210,1,12877.08
19238,49821,2025-02-06 12:38:21,300,2,22261.76
19239,49823,2025-03-07 19:24:19,498,1,13866.8
19240,49829,2025-03-21 04:44:40,398,3,28464.93
19241,49830,2025-04-07 02:47:59,146,1,9446.45
19242,49837,2025-05-12 17:55:07,196,3,3538.68
19243,49840,2025-04-02 13:24:50,471,1,29952.23
19244,49841,2025-04-13 03:17:25,321,1,133685.08
19245,49842,2025-04-22 23:01:27,324,1,28001.07
19246,49844,2025-04-10 11:02:09,27,1,1626.81
19247,49849,2025-05-09 09:09:39,183,1,5734.14
19248,49852,2025-04-09 15:27:16,334,1,4204.59
19249,49854,2025-01-21 13:00:33,349,1,12041.93
19250,49857,2025-03-22 18:55:18,349,1,12041.93
19251,49858,2025-03-13 11:43:38,117,1,1496.44
19252,49863,2025-04-29 04:52:30,60,3,15324.39
19253,49865,2025-03-19 15:24:51,157,1,103545.76
19254,49868,2025-02-17 04:11:23,363,1,38026.37
19255,49868,2025-03-02 02:40:52,349,1,12041.93
19256,49870,2025-03-09 04:25:03,222,1,8006.41
19257,49871,2025-06-30 06:10:15,333,1,4180.46
19258,49873,2025-01-21 11:16:40,203,1,13023.16
19259,49873,2025-02-05 21:03:39,331,1,10724.43
19260,49879,2025-04-10 13:01:21,49,2,7168.0
19261,49881,2025-04-28 03:32:16,69,2,15418.9
19262,49882,2025-02-01 07:22:13,193,1,33028.41
19263,49889,2025-06-20 23:23:57,426,1,24723.16
19264,49892,2025-03-19 05:01:00,227,1,1864.51
19265,49894,2025-06-06 21:00:24,211,1,31008.7
19266,49898,2025-04-05 20:36:08,248,1,9420.12
19267,49904,2025-01-31 16:16:36,272,2,23578.4
19268,49911,2025-04-27 21:12:09,172,1,36415.92
19269,49916,2025-02-01 19:14:14,8,1,2149.22
19270,49920,2025-03-17 21:36:26,154,2,72927.6
19271,49923,2025-04-05 14:30:47,167,1,26417.09
19272,49924,2025-05-14 05:06:36,90,1,93514.94
19273,49926,2025-01-13 07:13:50,500,1,101175.55
19274,49929,2025-02-04 19:31:45,127,1,37875.42
19275,49931,2025-05-29 16:51:56,487,1,17124.6
19276,49931,2025-06-03 08:46:48,139,1,1008.61
19277,49933,2025-01-30 11:31:21,461,1,5690.14
19278,49934,2025-04-16 20:55:56,416,2,73301.44
19279,49934,2025-04-25 15:20:09,444,1,148248.16
19280,49936,2025-03-19 19:49:27,65,1,15098.74
19281,49938,2025-03-11 18:20:39,248,1,9420.12
19282,49940,2025-05-20 20:00:54,305,1,2454.31
19283,49949,2025-01-11 14:35:32,173,1,3095.58
19284,49955,2025-06-17 19:21:52,465,1,17429.18
19285,49959,2025-04-08 09:40:13,318,1,19551.59
19286,49961,2025-05-04 04:49:58,383,1,110906.1
19287,49964,2025-04-19 14:14:59,165,2,3465.06
19288,49967,2025-02-03 08:22:32,437,1,1479.71
19289,49970,2025-02-23 17:46:31,298,1,12693.22
19290,49971,2025-03-21 03:10:25,479,1,17062.05
19291,49971,2025-03-27 09:05:31,129,1,358.85
19292,49971,2025-04-10 03:08:21,251,2,16656.58
19293,49977,2025-06-18 21:33:55,130,3,48806.67
19294,49978,2025-03-03 06:54:52,281,1,8575.04
19295,49979,2025-03-03 01:43:16,369,1,14392.59
19296,49982,2025-06-20 03:25:19,479,2,34124.1
19297,49983,2025-05-11 17:26:26,307,2,45516.54
19298,49985,2025-01-06 19:09:38,59,2,86933.94
19299,49986,2025-01-13 04:46:30,117,1,1496.44
19300,49988,2025-01-17 23:29:06,247,1,9897.75
19301,49988,2025-01-24 23:48:28,217,1,3789.89
19302,49990,2025-02-14 16:22:03,268,1,7387.83
19303,49994,2025-03-01 02:15:45,462,1,22303.0
